,GEO_ID,GISJOIN,STATEFP,COUNTYFP,TRACTCE,BLKGRPCE,GEOID,NAMELSAD,MTFCC,FUNCSTAT,ALAND,AWATER,INTPTLAT,INTPTLON,Shape_Leng,Shape_Area,state,county,tract,block group,percent_bipoc,per capita income,Temperature (Degrees C)__count,Temperature (Degrees C)__nodata_count,Temperature (Degrees C)__sum,Temperature (Degrees C)__mean,Urban Nature Supply (m2/person)__count,Urban Nature Supply (m2/person)__nodata_count,Urban Nature Supply (m2/person)__sum,Urban Nature Supply (m2/person)__mean,Total Carbon (Mg)__count,Total Carbon (Mg)__nodata_count,Total Carbon (Mg)__sum,Total Carbon (Mg)__mean,Aboveground Carbon (Mg)__count,Aboveground Carbon (Mg)__nodata_count,Aboveground Carbon (Mg)__sum,Aboveground Carbon (Mg)__mean,Belowground Carbon (Mg)__count,Belowground Carbon (Mg)__nodata_count,Belowground Carbon (Mg)__sum,Belowground Carbon (Mg)__mean,Soil Carbon (Mg)__count,Soil Carbon (Mg)__nodata_count,Soil Carbon (Mg)__sum,Soil Carbon (Mg)__mean,Dead Carbon (Mg)__count,Dead Carbon (Mg)__nodata_count,Dead Carbon (Mg)__sum,Dead Carbon (Mg)__mean,percent_bipoc_q_bins,temperature_q_bins,bivariate_bipoc_temperature,bivariate_bipoc_temperature_colors,per_capita_income_q_bins,bivariate_income_temperature,bivariate_income_temperature_colors
0,480291101001,G48002901101001,48,029,110100,1,480291101001,Block Group 1,G5030,S,1781793.0,3516.0,+29.4270292,-098.4862799,6967.77029141,1785310.98378,48,029,110100,1,0.6098829648894668,47560.0,1982.0,0.0,86556.29789076414,43.67118965225234,1989.0,0.0,172463.25662326813,86.70852520023536,1984.0,0.0,27056.706634521484,13.637452940787039,1984.0,0.0,6760.622509002686,3.407571829134418,1984.0,0.0,326.2335362434387,0.16443222592915258,1984.0,0.0,19482.942001342773,9.8200312506768,1984.0,0.0,486.90854358673096,0.24541761269492487,0,2,02,#f3b300,0,02,#f3b300
1,480291101002,G48002901101002,48,029,110100,2,480291101002,Block Group 2,G5030,S,671529.0,8659.0,+29.4248608,-098.4918831,4453.23922844,680187.830291,48,029,110100,2,0.4314775160599572,53131.0,750.0,0.0,32703.780538043935,43.605040717391915,763.0,0.0,100018.7141418457,131.08612600504023,761.0,0.0,9117.7900390625,11.981327252381735,761.0,0.0,2824.778076171875,3.711929140830322,761.0,0.0,168.40989542007446,0.22130078241796908,761.0,0.0,5870.4010009765625,7.714061762124261,761.0,0.0,254.2011604309082,0.334035690447974,0,2,02,#f3b300,0,02,#f3b300
2,480291101003,G48002901101003,48,029,110100,3,480291101003,Block Group 3,G5030,S,975586.0,1545.0,+29.4269167,-098.4971362,4180.95356177,977129.90085,48,029,110100,3,0.7392363931762794,36213.0,1090.0,0.0,47608.47143731816,43.67749673148455,1082.0,0.0,84222.11521530151,77.83929317495519,1081.0,0.0,15921.73095703125,14.728705788188021,1081.0,0.0,4530.937744140625,4.191431770712882,1081.0,0.0,138.4006576538086,0.12803021059556763,1081.0,0.0,10944.325927734375,10.1242608027145,1081.0,0.0,308.0672912597656,0.2849836181866472,1,2,12,#b36600,0,02,#f3b300
3,480291103001,G48002901103001,48,029,110300,1,480291103001,Block Group 1,G5030,S,398873.0,0.0,+29.4143221,-098.4843242,2945.38020567,398873.167295,48,029,110300,1,0.7277734067663257,26463.0,443.0,0.0,19301.53350570649,43.57005306028553,444.0,0.0,20050.260522842407,45.15824442081623,441.0,0.0,7842.719421386719,17.783944266183035,441.0,0.0,1636.9923515319824,3.7120007971246767,441.0,0.0,7.484915733337402,0.01697259803477869,441.0,0.0,6089.481353759766,13.808347740951849,441.0,0.0,108.75993061065674,0.2466211578472942,1,2,12,#b36600,1,12,#b36600
4,480291103002,G48002901103002,48,029,110300,2,480291103002,Block Group 2,G5030,S,378599.0,0.0,+29.4104453,-098.4847978,3207.85578537,378600.062396,48,029,110300,2,0.8199481865284974,33656.0,419.0,0.0,18238.833065805546,43.52943452459557,419.0,0.0,16742.5541305542,39.95836308008162,421.0,0.0,9955.483154296875,23.647228395004454,421.0,0.0,1682.05419921875,3.9953781454127077,421.0,0.0,1.4256982803344727,0.0033864567228847333,421.0,0.0,8189.948486328125,19.45355934994804,421.0,0.0,82.05428695678711,0.19490329443417365,1,2,12,#b36600,0,02,#f3b300
5,480291103003,G48002901103003,48,029,110300,3,480291103003,Block Group 3,G5030,S,780114.0,0.0,+29.4161991,-098.4771528,4691.3960356,780111.806848,48,029,110300,3,0.9007891770011274,26945.0,856.0,0.0,37347.72774905567,43.63052307132672,861.0,0.0,10983.901933670044,12.757145102984952,858.0,0.0,12641.9677734375,14.73422817416958,858.0,0.0,3169.7416381835938,3.6943375736405524,858.0,0.0,97.67439484596252,0.11383962103259035,858.0,0.0,9145.972442626953,10.659641541523255,858.0,0.0,228.57883071899414,0.2664088936118813,2,2,22,#000000,1,12,#b36600
6,480291105001,G48002901105001,48,029,110500,1,480291105001,Block Group 1,G5030,S,1149488.0,105494.0,+29.4170710,-098.5090798,4625.81867993,1254988.01215,48,029,110500,1,0.9495683780099955,9907.0,1400.0,0.0,61079.08533372302,43.62791809551644,1392.0,0.0,43600.83130764961,31.322436284231042,1393.0,0.0,18650.57177734375,13.388780888258255,1393.0,0.0,4760.265869140625,3.4172762879688623,1393.0,0.0,208.48263931274414,0.14966449340469787,1393.0,0.0,13331.14697265625,9.570098329257897,1393.0,0.0,350.6769561767578,0.2517422513831714,2,2,22,#000000,2,22,#000000
7,480291106001,G48002901106001,48,029,110600,1,480291106001,Block Group 1,G5030,S,744332.0,11034.0,+29.4259687,-098.5081868,4245.19257111,755365.826608,48,029,110600,1,0.98828125,19570.0,835.0,0.0,36458.20254693592,43.66251802028254,843.0,0.0,12688.448204278946,15.051539981351063,840.0,0.0,13233.649169921875,15.754344249906994,840.0,0.0,2976.9009704589844,3.543929726736886,840.0,0.0,89.10995590686798,0.1060832808415095,840.0,0.0,9967.626586914062,11.866222127278645,840.0,0.0,200.01197624206543,0.23810949552626837,2,2,22,#000000,2,22,#000000
8,480291106002,G48002901106002,48,029,110600,2,480291106002,Block Group 2,G5030,S,721172.0,0.0,+29.4354591,-098.5074444,4022.96829184,721168.365695,48,029,110600,2,0.9169435215946844,13009.0,799.0,0.0,34888.29398579984,43.66494866808491,802.0,0.0,9442.492950439453,11.773681983091587,799.0,0.0,11391.4091796875,14.257082828144556,799.0,0.0,2836.2723999023438,3.5497777220304676,799.0,0.0,76.12904739379883,0.09528040975444159,799.0,0.0,8272.529052734375,10.353603320068054,799.0,0.0,206.4789810180664,0.25842175346441354,2,2,22,#000000,2,22,#000000
9,480291106003,G48002901106003,48,029,110600,3,480291106003,Block Group 3,G5030,S,510985.0,0.0,+29.4295983,-098.5060216,3699.71671618,510983.705676,48,029,110600,3,0.7318087318087318,12335.0,568.0,0.0,24818.060249879767,43.69376804556297,565.0,0.0,7660.539988517761,13.558477855783648,568.0,0.0,7091.558349609375,12.485137939453125,568.0,0.0,2159.0069580078125,3.8010685880419235,568.0,0.0,34.8250150680542,0.06131164624657429,568.0,0.0,4752.7078857421875,8.36744346081371,568.0,0.0,145.01893615722656,0.25531502844582143,1,2,12,#b36600,2,22,#000000
10,480291107001,G48002901107001,48,029,110700,1,480291107001,Block Group 1,G5030,S,1057560.0,0.0,+29.4389386,-098.5036913,5750.5916835,1057560.89684,48,029,110700,1,0.8615071283095723,18035.0,1173.0,0.0,51209.26260041029,43.65666035840605,1173.0,0.0,20586.087100982666,17.54994637764933,1183.0,0.0,18255.1728515625,15.4312534670858,1183.0,0.0,4831.94677734375,4.0844858641959005,1183.0,0.0,124.43863010406494,0.1051890364362341,1183.0,0.0,12921.486328125,10.922642711855453,1183.0,0.0,377.3018493652344,0.31893647452682533,1,2,12,#b36600,2,22,#000000
11,480291110001,G48002901110001,48,029,111000,1,480291110001,Block Group 1,G5030,S,286007.0,0.0,+29.4410263,-098.4686482,2155.41759384,286005.90781,48,029,111000,1,0.8379084967320262,21938.0,320.0,0.0,13920.492519378662,43.50153912305832,320.0,0.0,10775.733528137207,33.67416727542877,309.0,0.0,7050.93115234375,22.81854741858819,309.0,0.0,1232.442138671875,3.9884858856694985,309.0,0.0,3.430586338043213,0.011102221158715899,309.0,0.0,5751.2626953125,18.61250063207929,309.0,0.0,63.79631805419922,0.20646057622718195,1,2,12,#b36600,1,12,#b36600
12,480291110002,G48002901110002,48,029,111000,2,480291110002,Block Group 2,G5030,S,719792.0,0.0,+29.4384078,-098.4688680,5561.42264776,719787.879337,48,029,111000,2,0.8218262806236081,30335.0,821.0,0.0,35767.26511383057,43.56548734936732,824.0,0.0,24181.902948379517,29.346969597547957,797.0,0.0,14288.110107421875,17.92736525397977,797.0,0.0,3371.567626953125,4.230323245863394,797.0,0.0,72.66748809814453,0.09117627113945362,797.0,0.0,10606.035888671875,13.30744779005254,797.0,0.0,237.8387451171875,0.2984174970102729,1,2,12,#b36600,1,12,#b36600
13,480291110003,G48002901110003,48,029,111000,3,480291110003,Block Group 3,G5030,S,547678.0,0.0,+29.4425428,-098.4746580,4123.88530369,547677.479251,48,029,111000,3,0.6864244741873805,43620.0,613.0,0.0,26656.582363128662,43.485452468399124,617.0,0.0,23797.77629852295,38.57013986794643,609.0,0.0,10781.826965332031,17.7041493683613,609.0,0.0,2518.015579223633,4.1346725438811704,609.0,0.0,64.32772827148438,0.1056284536477576,609.0,0.0,8024.233337402344,13.176081013796953,609.0,0.0,175.24989128112793,0.28776665234996374,1,2,12,#b36600,0,02,#f3b300
14,480291111001,G48002901111001,48,029,111100,1,480291111001,Block Group 1,G5030,S,605391.0,0.0,+29.4400154,-098.4914947,3796.14677133,605387.455403,48,029,111100,1,0.8103448275862069,20519.0,653.0,0.0,28482.252014160156,43.61753754082719,665.0,0.0,31018.769590377808,46.64476630132001,678.0,0.0,11078.310424804688,16.339690892042313,678.0,0.0,2759.671844482422,4.070312454988823,678.0,0.0,43.36800479888916,0.06396460884791912,678.0,0.0,8088.37060546875,11.929750155558628,678.0,0.0,186.90010261535645,0.27566386816424254,1,2,12,#b36600,2,22,#000000
15,480291111002,G48002901111002,48,029,111100,2,480291111002,Block Group 2,G5030,S,497670.0,0.0,+29.4433556,-098.4961154,2816.16017727,497671.076464,48,029,111100,2,0.6343283582089552,24313.0,572.0,0.0,24927.731784820557,43.57995067276321,549.0,0.0,13291.815441131592,24.21095708767139,549.0,0.0,6016.120178222656,10.958324550496641,549.0,0.0,1833.9830627441406,3.3405884567288537,549.0,0.0,69.70601844787598,0.12696906821106735,549.0,0.0,3970.7360229492188,7.232670351455772,549.0,0.0,141.6956672668457,0.2580977545844184,0,2,02,#f3b300,1,12,#b36600
16,480291111003,G48002901111003,48,029,111100,3,480291111003,Block Group 3,G5030,S,230932.0,0.0,+29.4454360,-098.4896409,2002.2983233,230931.047646,48,029,111100,3,0.6853526220614828,41150.0,258.0,0.0,11211.221813201904,43.454348113185674,268.0,0.0,11421.814960479736,42.61871253910349,266.0,0.0,5165.523010253906,19.41925943704476,266.0,0.0,1041.7023620605469,3.9161742934607027,266.0,0.0,3.074162006378174,0.011557000023978097,266.0,0.0,4055.7532348632812,15.247192612267975,266.0,0.0,64.99306964874268,0.2443348483035439,1,2,12,#b36600,0,02,#f3b300
17,480291111004,G48002901111004,48,029,111100,4,480291111004,Block Group 4,G5030,S,1235816.0,0.0,+29.4389242,-098.4827638,5474.37690687,1235818.08888,48,029,111100,4,0.5443349753694582,72600.0,1373.0,0.0,59855.61197218473,43.594764728466664,1368.0,0.0,66216.69715881348,48.404018390945524,1378.0,0.0,20244.71095275879,14.691372244382285,1378.0,0.0,5100.43105506897,3.701328777263403,1378.0,0.0,238.83494567871094,0.17331998960719225,1378.0,0.0,14512.070091247559,10.531255508887924,1378.0,0.0,393.3754198551178,0.28546837435059347,0,2,02,#f3b300,0,02,#f3b300
18,480291201001,G48002901201001,48,029,120100,1,480291201001,Block Group 1,G5030,S,13443910.0,12024.0,+29.4608965,-098.4383400,23471.4004919,13455929.7444,48,029,120100,1,0.47132116004296454,24192.0,14931.0,0.0,637550.7464268445,42.69980218517477,14909.0,0.0,11244365.147932887,754.1998221163651,14965.0,0.0,253404.8671875,16.933168539091213,14965.0,0.0,69040.85107421875,4.6134882107730535,14965.0,0.0,4046.746757030487,0.270414083329802,14965.0,0.0,174472.6640625,11.65871460491146,14965.0,0.0,5844.603469848633,0.39055151819903994,0,1,01,#f3e6b3,1,11,#b3b3b3
19,480291203011,G48002901203011,48,029,120301,1,480291203011,Block Group 1,G5030,S,867510.0,0.0,+29.4905712,-098.4628914,3895.9603354,867511.396032,48,029,120301,1,0.16285924834193077,70987.0,963.0,0.0,40572.99962234497,42.13187915092936,943.0,0.0,357633.6971435547,379.2510043940135,966.0,0.0,24754.2548828125,25.62552265301501,966.0,0.0,5522.90771484375,5.717295771059782,966.0,0.0,26.63821029663086,0.027575787056553686,966.0,0.0,18799.5390625,19.461220561594203,966.0,0.0,405.1704559326172,0.41943111380188114,0,0,00,#f3f3f3,0,00,#f3f3f3
20,480291203012,G48002901203012,48,029,120301,2,480291203012,Block Group 2,G5030,S,803380.0,0.0,+29.4780503,-098.4619098,4849.29942088,803379.55921,48,029,120301,2,0.5296850800206505,54681.0,913.0,0.0,38459.40357589722,42.124209831212724,899.0,0.0,317783.26332092285,353.48527621904657,880.0,0.0,18697.892822265625,21.2476054798473,880.0,0.0,4391.823059082031,4.990708021684126,880.0,0.0,9.84456130862236,0.011187001487070863,880.0,0.0,13961.5166015625,15.86535977450284,880.0,0.0,334.70777893066406,0.3803497487848455,0,0,00,#f3f3f3,0,00,#f3f3f3
21,480291203021,G48002901203021,48,029,120302,1,480291203021,Block Group 1,G5030,S,874727.0,0.0,+29.4736427,-098.4671566,3940.81426425,874726.832347,48,029,120302,1,0.16638078902229847,157799.0,971.0,0.0,40460.66943359375,41.66907253717173,974.0,0.0,431961.5087585449,443.4923087870071,976.0,0.0,22443.103515625,22.994983110271516,976.0,0.0,5943.5576171875,6.089710673347849,976.0,0.0,54.3260612487793,0.05566194800079846,976.0,0.0,15927.66015625,16.319323930584016,976.0,0.0,517.5603637695312,0.5302872579605853,0,0,00,#f3f3f3,0,00,#f3f3f3
22,480291203022,G48002901203022,48,029,120302,2,480291203022,Block Group 2,G5030,S,707765.0,0.0,+29.4798339,-098.4716342,4338.58747116,707764.899449,48,029,120302,2,0.07666666666666666,128317.0,775.0,0.0,32059.44822241238,41.367029964403066,771.0,0.0,591252.5039367676,766.8644668440566,787.0,0.0,18838.857666015625,23.9375573901088,787.0,0.0,4511.715515136719,5.7328024334647,787.0,0.0,64.3902952671051,0.0818174018641742,787.0,0.0,13903.310302734375,17.66621385353796,787.0,0.0,359.44127655029297,0.4567233501274371,0,0,00,#f3f3f3,0,00,#f3f3f3
23,480291203023,G48002901203023,48,029,120302,3,480291203023,Block Group 3,G5030,S,404145.0,0.0,+29.4838941,-098.4728896,3214.84818728,404146.601859,48,029,120302,3,0.6355748373101953,83353.0,460.0,0.0,19109.392950313504,41.54215858763805,461.0,0.0,364968.39584350586,791.6884942375398,460.0,0.0,10807.2001953125,23.49391346807065,460.0,0.0,2664.713134765625,5.792854640794837,460.0,0.0,27.813030242919922,0.06046310922373896,460.0,0.0,7895.015625,17.163077445652174,460.0,0.0,219.65850830078125,0.4775184963060462,0,0,00,#f3f3f3,0,00,#f3f3f3
24,480291203024,G48002901203024,48,029,120302,4,480291203024,Block Group 4,G5030,S,638442.0,0.0,+29.4875602,-098.4754638,4735.85635906,638442.362941,48,029,120302,4,0.11962931760741369,160621.0,727.0,0.0,30363.916636562717,41.76604764313991,730.0,0.0,645547.4347229004,884.3115544149321,688.0,0.0,17207.00341796875,25.010179386582486,688.0,0.0,4582.642295837402,6.660817290461341,688.0,0.0,25.088287353515625,0.036465533944063405,688.0,0.0,12197.293090820312,17.728623678517895,688.0,0.0,401.97911167144775,0.5842719646387322,0,0,00,#f3f3f3,0,00,#f3f3f3
25,480291203025,G48002901203025,48,029,120302,5,480291203025,Block Group 5,G5030,S,458823.0,0.0,+29.4906365,-098.4706274,3456.9897913,458822.470689,48,029,120302,5,0.11603375527426163,133074.0,505.0,0.0,21179.32154407457,41.93925058232588,514.0,0.0,272511.633392334,530.1782750823619,520.0,0.0,12932.69091796875,24.87055945763221,520.0,0.0,3450.951904296875,6.636445969801683,520.0,0.0,2.203447163105011,0.0042373983905865595,520.0,0.0,9177.03369140625,17.64814171424279,520.0,0.0,302.5010452270508,0.58173277928279,0,0,00,#f3f3f3,0,00,#f3f3f3
26,480291204011,G48002901204011,48,029,120401,1,480291204011,Block Group 1,G5030,S,729214.0,0.0,+29.4749292,-098.4391023,4062.16807123,729213.242077,48,029,120401,1,0.22243528283796743,43985.0,815.0,0.0,34704.41232437364,42.5821010115014,812.0,0.0,283991.0101928711,349.74262339023534,797.0,0.0,21980.54541015625,27.57910340044699,797.0,0.0,4173.211669921875,5.236150150466593,797.0,0.0,15.281703472137451,0.019174031960021896,797.0,0.0,17537.5625,22.00446988707654,797.0,0.0,254.48965454101562,0.3193094787214751,0,1,01,#f3e6b3,0,01,#f3e6b3
27,480291204012,G48002901204012,48,029,120401,2,480291204012,Block Group 2,G5030,S,563347.0,0.0,+29.4822935,-098.4367657,3147.92250694,563349.210203,48,029,120401,2,0.5320886814469078,45130.0,622.0,0.0,26532.251057892776,42.65635218310736,620.0,0.0,170780.73583984375,275.45279974168346,638.0,0.0,17611.54833984375,27.604307742701803,638.0,0.0,3509.903564453125,5.501416245224334,638.0,0.0,9.53435730934143,0.014944133713701301,638.0,0.0,13865.18994140625,21.732272635432995,638.0,0.0,226.92088317871094,0.35567536548387296,0,1,01,#f3e6b3,0,01,#f3e6b3
28,480291204013,G48002901204013,48,029,120401,3,480291204013,Block Group 3,G5030,S,453829.0,0.0,+29.4668922,-098.4433685,3097.83969308,453831.018893,48,029,120401,3,0.39948783610755445,53898.0,508.0,0.0,21736.95546722412,42.78928241579551,505.0,0.0,115660.53457641602,229.03076153745747,506.0,0.0,13099.664245605469,25.888664517006855,506.0,0.0,3309.0311279296875,6.539587209347209,506.0,0.0,8.98613977432251,0.017759169514471363,506.0,0.0,9507.10400390625,18.788743090723813,506.0,0.0,274.54268646240234,0.5425744791747081,0,1,01,#f3e6b3,0,01,#f3e6b3
29,480291204021,G48002901204021,48,029,120402,1,480291204021,Block Group 1,G5030,S,1179213.0,0.0,+29.4739954,-098.4479820,6265.64762376,1179214.07611,48,029,120402,1,0.1471734892787524,100784.0,1327.0,0.0,56234.323570251465,42.377033587227935,1338.0,0.0,742198.5395507812,554.7074286627662,1308.0,0.0,33678.732421875,25.748266377580276,1308.0,0.0,7496.613037109375,5.731355532958238,1308.0,0.0,16.124399781227112,0.012327522768522257,1308.0,0.0,25605.15625,19.57580753058104,1308.0,0.0,560.8381958007812,0.42877537905258506,0,0,00,#f3f3f3,0,00,#f3f3f3
30,480291204022,G48002901204022,48,029,120402,2,480291204022,Block Group 2,G5030,S,971147.0,0.0,+29.4751054,-098.4553994,4139.97755714,971147.890962,48,029,120402,2,0.2125603864734299,167368.0,1052.0,0.0,44426.3147354126,42.230337200962545,1080.0,0.0,562705.0866394043,521.0232283698188,1078.0,0.0,27858.4345703125,25.842703683035715,1078.0,0.0,6195.915283203125,5.7476023035279455,1078.0,0.0,35.16714668273926,0.03262258504892324,1078.0,0.0,21162.4619140625,19.6312262653641,1078.0,0.0,464.8869171142578,0.431249459289664,0,0,00,#f3f3f3,0,00,#f3f3f3
31,480291204023,G48002901204023,48,029,120402,3,480291204023,Block Group 3,G5030,S,804577.0,0.0,+29.4823841,-098.4502846,4358.1272171,804577.857951,48,029,120402,3,0.40371229698375866,76810.0,889.0,0.0,37595.39553833008,42.28953378889773,880.0,0.0,373635.71954345703,424.5860449357466,904.0,0.0,24549.9501953125,27.157024552336836,904.0,0.0,5488.0517578125,6.070853714394358,904.0,0.0,2.2240798473358154,0.0024602653178493533,904.0,0.0,18650.96435546875,20.631597738350386,904.0,0.0,408.7088623046875,0.45211157334589325,0,0,00,#f3f3f3,0,00,#f3f3f3
32,480291205021,G48002901205021,48,029,120502,1,480291205021,Block Group 1,G5030,S,519962.0,0.0,+29.5005715,-098.4029364,4356.18655251,519964.817066,48,029,120502,1,0.7695852534562212,25495.0,587.0,0.0,25441.466257025186,43.34150980753865,579.0,0.0,17917.44716835022,30.9455046085496,580.0,0.0,12920.229705810547,22.27625811346646,580.0,0.0,2418.438766479492,4.1697220111715385,580.0,0.0,16.93016755580902,0.029189944061739692,580.0,0.0,10350.506874084473,17.845701507042193,580.0,0.0,134.3551607131958,0.23164682881585483,1,2,12,#b36600,1,12,#b36600
33,480291205022,G48002901205022,48,029,120502,2,480291205022,Block Group 2,G5030,S,574871.0,0.0,+29.5069080,-098.4029585,3086.06467583,574873.083048,48,029,120502,2,0.7471410419313851,22468.0,639.0,0.0,27701.09673309326,43.35069911282201,640.0,0.0,18226.95177936554,28.479612155258657,641.0,0.0,14421.00537109375,22.497668285637676,641.0,0.0,2490.9442138671875,3.8860284147694033,641.0,0.0,1.6565642356872559,0.0025843435814153757,641.0,0.0,11799.5107421875,18.40797307673557,641.0,0.0,128.89386749267578,0.20108247658763773,1,2,12,#b36600,1,12,#b36600
34,480291205023,G48002901205023,48,029,120502,3,480291205023,Block Group 3,G5030,S,614895.0,0.0,+29.5144825,-098.3999517,4105.12512769,614895.110275,48,029,120502,3,0.9021922428330522,14163.0,690.0,0.0,29935.513298034668,43.38480188120966,695.0,0.0,32456.813581466675,46.700451196354926,685.0,0.0,9356.134765625,13.658590898722627,685.0,0.0,2438.0497436523438,3.5591967060618157,685.0,0.0,94.60571098327637,0.1381105269828852,685.0,0.0,6639.2119140625,9.692280166514598,685.0,0.0,184.26710510253906,0.2690030731423928,2,2,22,#000000,2,22,#000000
35,480291205024,G48002901205024,48,029,120502,4,480291205024,Block Group 4,G5030,S,659824.0,0.0,+29.4987140,-098.4186450,4841.58024829,659824.470442,48,029,120502,4,0.7017543859649122,22811.0,712.0,0.0,30392.878331835323,42.68662687055523,719.0,0.0,151441.96002960205,210.62859531238115,742.0,0.0,13575.8037109375,18.296231416357816,742.0,0.0,2759.8917236328125,3.7195306248420654,742.0,0.0,34.41355621814728,0.046379455819605495,742.0,0.0,10599.3564453125,14.284846961337601,742.0,0.0,182.1421356201172,0.24547457630743555,1,1,11,#b3b3b3,1,11,#b3b3b3
36,480291205025,G48002901205025,48,029,120502,5,480291205025,Block Group 5,G5030,S,428907.0,0.0,+29.5058501,-098.4102553,3112.04575392,428906.989544,48,029,120502,5,0.9345637583892618,10017.0,463.0,0.0,19887.455179474702,42.95346691031253,463.0,0.0,47348.331842422485,102.26421564238117,476.0,0.0,8468.96566772461,17.791944680093717,476.0,0.0,1747.8657531738281,3.6719868764156054,476.0,0.0,3.87611722946167,0.008143103423238802,476.0,0.0,6602.771392822266,13.871368472315684,476.0,0.0,114.45261573791504,0.2404466717183089,2,1,21,#376387,2,21,#376387
37,480291205026,G48002901205026,48,029,120502,6,480291205026,Block Group 6,G5030,S,509640.0,0.0,+29.5003186,-098.4104214,3569.30091588,509641.344815,48,029,120502,6,0.8117249154453213,36713.0,578.0,0.0,24871.95524708544,43.03106444132429,587.0,0.0,35387.36547660828,60.28512006236504,562.0,0.0,14886.07958984375,26.487686102924823,562.0,0.0,2509.328857421875,4.464997966942838,562.0,0.0,0.0,0.0,562.0,0.0,12253.4306640625,21.80325740936388,562.0,0.0,123.3190803527832,0.21942896859925837,1,1,11,#b3b3b3,0,01,#f3e6b3
38,480291205031,G48002901205031,48,029,120503,1,480291205031,Block Group 1,G5030,S,470696.0,0.0,+29.4922397,-098.4290660,3175.26437605,470694.971258,48,029,120503,1,0.846984126984127,19002.0,529.0,0.0,22685.493757440257,42.88373111047308,531.0,0.0,62917.01435089111,118.48778597154636,522.0,0.0,8244.417724609375,15.79390368699114,522.0,0.0,2911.4716186523438,5.577531836498743,522.0,0.0,99.24232339859009,0.19011939348388907,522.0,0.0,4980.616455078125,9.541410833482997,522.0,0.0,253.08781242370605,0.48484255253583536,1,1,11,#b3b3b3,2,21,#376387
39,480291205032,G48002901205032,48,029,120503,2,480291205032,Block Group 2,G5030,S,598698.0,0.0,+29.4903477,-098.4215120,4079.0477001,598696.081479,48,029,120503,2,0.7585964912280702,14327.0,669.0,0.0,28583.004433585586,42.72496925797547,666.0,0.0,102085.0484161377,153.28085347768422,652.0,0.0,16928.4375,25.96386119631902,652.0,0.0,3161.1239013671875,4.848349541974214,652.0,0.0,43.05184555053711,0.06603043796094649,652.0,0.0,13536.0087890625,20.760749676476227,652.0,0.0,188.2535629272461,0.28873245847737133,1,1,11,#b3b3b3,2,21,#376387
40,480291205033,G48002901205033,48,029,120503,3,480291205033,Block Group 3,G5030,S,393184.0,0.0,+29.4876458,-098.4256963,2639.58406162,393182.369503,48,029,120503,3,0.6417582417582417,21865.0,442.0,0.0,18957.48285786676,42.890232710105785,442.0,0.0,23918.79153728485,54.11491298028247,438.0,0.0,9564.70101928711,21.837216939011665,438.0,0.0,1715.556510925293,3.916795687044048,438.0,0.0,23.379878997802734,0.0533787191730656,438.0,0.0,7738.088836669922,17.666869490113978,438.0,0.0,87.67607140541077,0.20017367900778713,0,1,01,#f3e6b3,1,11,#b3b3b3
41,480291205041,G48002901205041,48,029,120504,1,480291205041,Block Group 1,G5030,S,423705.0,0.0,+29.4932668,-098.4044212,2774.00905335,423706.162793,48,029,120504,1,0.7677018633540372,29807.0,453.0,0.0,19629.494242726094,43.33221687136003,462.0,0.0,12162.771834373474,26.32634596184735,473.0,0.0,9498.14208984375,20.08063866774577,473.0,0.0,1720.8311309814453,3.638120784315952,473.0,0.0,21.373323529958725,0.04518673050731231,473.0,0.0,7661.0931396484375,16.1968142487282,473.0,0.0,94.84479331970215,0.20051753344545908,1,2,12,#b36600,1,12,#b36600
42,480291205042,G48002901205042,48,029,120504,2,480291205042,Block Group 2,G5030,S,3084309.0,3098.0,+29.4716640,-098.4096679,12067.2246361,3087407.33125,48,029,120504,2,0.6730286288297338,19852.0,3439.0,0.0,146354.5024771982,42.55728481453858,3409.0,0.0,6557030.907735825,1923.4470248565046,3426.0,0.0,56819.56396484375,16.58481143165317,3426.0,0.0,16877.30615234375,4.9262423094990515,3426.0,0.0,602.5974349975586,0.17588950233437203,3426.0,0.0,37784.7568359375,11.028825696420753,3426.0,0.0,1554.9053344726562,0.45385444672290026,0,1,01,#f3e6b3,2,21,#376387
43,480291205043,G48002901205043,48,029,120504,3,480291205043,Block Group 3,G5030,S,606377.0,0.0,+29.4878484,-098.4131200,3779.34107296,606375.960794,48,029,120504,3,0.7409587888982339,28969.0,690.0,0.0,29533.466064975808,42.802124731849,689.0,0.0,112881.27087593079,163.83348458045106,670.0,0.0,17127.546875,25.563502798507464,670.0,0.0,3084.3779296875,4.603549148787313,670.0,0.0,10.02563190460205,0.01496362970836127,670.0,0.0,13858.205078125,20.68388817630597,670.0,0.0,174.93814086914062,0.26110170278976214,1,1,11,#b3b3b3,1,11,#b3b3b3
44,480291205044,G48002901205044,48,029,120504,4,480291205044,Block Group 4,G5030,S,826009.0,0.0,+29.4936323,-098.4137260,3816.52319418,826008.162397,48,029,120504,4,0.70104821802935,22546.0,923.0,0.0,39659.031199628495,42.96753109385536,907.0,0.0,78746.24493789673,86.82055671212429,918.0,0.0,20488.653442382812,22.318794599545548,918.0,0.0,3608.6234741210938,3.930962390110124,918.0,0.0,8.07625675201416,0.008797665307204968,918.0,0.0,16671.860900878906,18.161068519475933,918.0,0.0,200.09230995178223,0.21796547925030743,1,1,11,#b3b3b3,1,11,#b3b3b3
45,480291206011,G48002901206011,48,029,120601,1,480291206011,Block Group 1,G5030,S,489369.0,1750.0,+29.4904654,-098.4370039,3885.27259224,491117.604643,48,029,120601,1,0.6903846153846154,47065.0,547.0,0.0,23435.376061748048,42.84346629204396,548.0,0.0,70036.95928955078,127.80467023640654,543.0,0.0,9392.94384765625,17.298239130122006,543.0,0.0,1991.4994506835938,3.667586465347318,543.0,0.0,2.0494412183761597,0.003774293219845598,543.0,0.0,7262.6298828125,13.375008992288214,543.0,0.0,136.76625442504883,0.2518715551105872,1,1,11,#b3b3b3,0,01,#f3e6b3
46,480291206012,G48002901206012,48,029,120601,2,480291206012,Block Group 2,G5030,S,396738.0,0.0,+29.4866601,-098.4371337,2748.69710151,396740.758811,48,029,120601,2,0.7279596977329974,32703.0,431.0,0.0,18426.687804495137,42.753335973306584,452.0,0.0,88616.51798248291,196.05424332407725,453.0,0.0,13223.4609375,29.190862996688743,453.0,0.0,2424.67431640625,5.3524819346716335,453.0,0.0,4.51201057434082,0.00996028824357797,453.0,0.0,10655.970703125,23.523114134933774,453.0,0.0,138.30528259277344,0.30530967459773384,1,1,11,#b3b3b3,1,11,#b3b3b3
47,480291206013,G48002901206013,48,029,120601,3,480291206013,Block Group 3,G5030,S,352059.0,0.0,+29.4935535,-098.4387229,2574.31258228,352059.039372,48,029,120601,3,0.4924924924924925,42404.0,398.0,0.0,16972.720170259847,42.6450255534167,401.0,0.0,93071.00660705566,232.0972733343034,392.0,0.0,7174.607940673828,18.302571277229152,392.0,0.0,1638.9225387573242,4.180924843768684,392.0,0.0,4.588966369628906,0.01170654686129823,392.0,0.0,5409.838119506836,13.80060744772152,392.0,0.0,121.25858569145203,0.30933312676390823,0,1,01,#f3e6b3,0,01,#f3e6b3
48,480291206021,G48002901206021,48,029,120602,1,480291206021,Block Group 1,G5030,S,677708.0,0.0,+29.4873302,-098.4477413,3569.61508687,677709.052674,48,029,120602,1,0.4706943192064923,44428.0,771.0,0.0,32786.81008148193,42.52504550127358,753.0,0.0,189925.2466583252,252.2247631584664,739.0,0.0,16997.671875,23.000909167794315,739.0,0.0,3308.40869140625,4.4768723834996615,739.0,0.0,17.520553588867188,0.023708462231214054,739.0,0.0,13470.2705078125,18.227700281207714,739.0,0.0,201.4710235595703,0.2726265542078083,0,1,01,#f3e6b3,0,01,#f3e6b3
49,480291206022,G48002901206022,48,029,120602,2,480291206022,Block Group 2,G5030,S,600115.0,0.0,+29.4900480,-098.4567755,3496.92870236,600112.288678,48,029,120602,2,0.3856907894736842,73071.0,655.0,0.0,27689.421474456787,42.273925915201204,668.0,0.0,207819.50689697266,311.10704625295307,677.0,0.0,14767.28173828125,21.812823837933898,677.0,0.0,3232.21923828125,4.774326792143649,677.0,0.0,6.809472322463989,0.010058304759917267,677.0,0.0,11293.75927734375,16.682066879385154,677.0,0.0,234.49343872070312,0.3463714013599751,0,0,00,#f3f3f3,0,00,#f3f3f3
50,480291206023,G48002901206023,48,029,120602,3,480291206023,Block Group 3,G5030,S,431455.0,0.0,+29.4925106,-098.4513455,2709.21670303,431454.269757,48,029,120602,3,0.04166666666666663,56676.0,486.0,0.0,20592.37774658203,42.371147626712,471.0,0.0,111604.1342163086,236.95145268855327,474.0,0.0,13077.28515625,27.589209190400844,474.0,0.0,2685.8385620117188,5.6663260801935,474.0,0.0,2.568353593349457,0.005418467496517841,474.0,0.0,10205.716796875,21.531048094672997,474.0,0.0,183.1614227294922,0.3864165036487177,0,0,00,#f3f3f3,0,00,#f3f3f3
51,480291206024,G48002901206024,48,029,120602,4,480291206024,Block Group 4,G5030,S,339941.0,0.0,+29.4931132,-098.4452027,2538.73131934,339940.053439,48,029,120602,4,0.018050541516245522,29997.0,382.0,0.0,16228.451026916504,42.48285609140446,372.0,0.0,92614.66040039062,248.96414086126512,380.0,0.0,10273.213562011719,27.034772531609786,380.0,0.0,2049.7598419189453,5.394104847155119,380.0,0.0,3.4934849441051483,0.009193381431855654,380.0,0.0,8085.46337890625,21.277535207648025,380.0,0.0,134.49753761291504,0.35394088845503957,0,1,01,#f3e6b3,1,11,#b3b3b3
52,480291207011,G48002901207011,48,029,120701,1,480291207011,Block Group 1,G5030,S,1049233.0,0.0,+29.5156438,-098.4782770,4950.0133349,1049236.57236,48,029,120701,1,0.6787564766839378,22769.0,1163.0,0.0,50661.879177093506,43.56137504479235,1171.0,0.0,78164.81255149841,66.75048040264595,1165.0,0.0,23235.536895751953,19.9446668633064,1165.0,0.0,5027.36967086792,4.315338773277184,1165.0,0.0,102.53376770019531,0.088011817768408,1165.0,0.0,17770.991912841797,15.254070311452185,1165.0,0.0,334.6410412788391,0.2872455289947117,0,2,02,#f3b300,1,12,#b36600
53,480291207012,G48002901207012,48,029,120701,2,480291207012,Block Group 2,G5030,S,675911.0,0.0,+29.5124993,-098.4728893,4347.0725981,675911.828319,48,029,120701,2,0.5915032679738562,29039.0,753.0,0.0,32687.22002029419,43.40932273611446,755.0,0.0,28201.69171524048,37.353234059921164,756.0,0.0,15247.06167602539,20.168071000033585,756.0,0.0,3304.7892532348633,4.371414356130772,756.0,0.0,66.55537927150726,0.0880362159676022,756.0,0.0,11658.449432373047,15.421229407900857,756.0,0.0,217.26853466033936,0.2873922416142055,0,2,02,#f3b300,1,12,#b36600
54,480291207013,G48002901207013,48,029,120701,3,480291207013,Block Group 3,G5030,S,434306.0,0.0,+29.5108550,-098.4685951,3734.83272395,434303.890998,48,029,120701,3,0.6503928170594837,35535.0,483.0,0.0,20862.889930725098,43.194389090528155,487.0,0.0,43812.42366409302,89.96390896117663,479.0,0.0,7316.652099609375,15.274847807117693,479.0,0.0,2123.0249938964844,4.4322024924770025,479.0,0.0,40.94951248168945,0.08548958764444563,479.0,0.0,4990.3740234375,10.418317376696242,479.0,0.0,162.30415534973145,0.33883957275518045,0,2,02,#f3b300,0,02,#f3b300
55,480291207014,G48002901207014,48,029,120701,4,480291207014,Block Group 4,G5030,S,843482.0,0.0,+29.5131005,-098.4595595,4651.14875445,843482.629305,48,029,120701,4,0.34514078110808355,55201.0,955.0,0.0,40932.67441177368,42.861439174632125,942.0,0.0,246197.23750686646,261.35587845739536,937.0,0.0,20189.576293945312,21.547039801435766,937.0,0.0,4650.9349365234375,4.963644542714448,937.0,0.0,34.51243209838867,0.036832905121012456,937.0,0.0,15160.507995605469,16.17983777545941,937.0,0.0,343.6201992034912,0.36672379850959574,0,1,01,#f3e6b3,0,01,#f3e6b3
56,480291207015,G48002901207015,48,029,120701,5,480291207015,Block Group 5,G5030,S,416387.0,0.0,+29.5081098,-098.4626159,2581.41035722,416386.746347,48,029,120701,5,0.6041958041958042,44611.0,460.0,0.0,19630.537170410156,42.67508080523947,460.0,0.0,125359.85578918457,272.5214256286621,460.0,0.0,9447.5546875,20.538162364130436,460.0,0.0,2232.0653076171875,4.8523158861243205,460.0,0.0,0.0,0.0,460.0,0.0,7040.7724609375,15.306027088994565,460.0,0.0,174.71792602539062,0.37982157831606655,0,1,01,#f3e6b3,0,01,#f3e6b3
57,480291207021,G48002901207021,48,029,120702,1,480291207021,Block Group 1,G5030,S,734102.0,0.0,+29.5007741,-098.4628083,3451.56177803,734102.152223,48,029,120702,1,0.226303317535545,76186.0,810.0,0.0,34345.47896575928,42.40182588365343,811.0,0.0,272249.7089538574,335.69631190364663,810.0,0.0,20775.064453125,25.648227719907407,810.0,0.0,4364.1151123046875,5.387796434944058,810.0,0.0,4.801248550415039,0.005927467346191406,810.0,0.0,16103.4384765625,19.88078824266975,810.0,0.0,302.70965576171875,0.37371562439718364,0,0,00,#f3f3f3,0,00,#f3f3f3
58,480291207022,G48002901207022,48,029,120702,2,480291207022,Block Group 2,G5030,S,455286.0,0.0,+29.5019202,-098.4684975,3125.43333299,455286.169455,48,029,120702,2,0.5724444444444444,35799.0,510.0,0.0,21769.855884552002,42.68599193049412,512.0,0.0,122947.48845672607,240.1318133920431,520.0,0.0,9627.23486328125,18.51391319861779,520.0,0.0,3321.552734375,6.387601412259615,520.0,0.0,23.25336790084839,0.04471801519393921,520.0,0.0,6010.8856201171875,11.559395423302284,520.0,0.0,271.5434265136719,0.5221988971416767,0,1,01,#f3e6b3,0,01,#f3e6b3
59,480291207023,G48002901207023,48,029,120702,3,480291207023,Block Group 3,G5030,S,399239.0,0.0,+29.5029608,-098.4724381,3160.98261295,399239.300176,48,029,120702,3,0.38797504254112314,37367.0,433.0,0.0,18572.545597076416,42.89271500479542,443.0,0.0,70464.01169586182,159.06097448275804,447.0,0.0,9559.145751953125,21.385113539045022,447.0,0.0,3747.8836364746094,8.384527150949909,447.0,0.0,0.9434767961502075,0.0021106863448550504,447.0,0.0,5487.111083984375,12.275416295267059,447.0,0.0,323.20798110961914,0.7230603604242039,0,1,01,#f3e6b3,0,01,#f3e6b3
60,480291207024,G48002901207024,48,029,120702,4,480291207024,Block Group 4,G5030,S,1827335.0,52344.0,+29.5016782,-098.4772530,6818.04868326,1879678.41333,48,029,120702,4,0.5162074554294975,96797.0,2077.0,0.0,88790.78160085474,42.74953375101335,2072.0,0.0,687837.9554271698,331.96812520616305,2092.0,0.0,37070.208984375,17.71998517417543,2092.0,0.0,8651.970947265625,4.135741370585863,2092.0,0.0,478.8562469482422,0.22889877961197044,2092.0,0.0,27277.837890625,13.039119450585565,2092.0,0.0,661.5462493896484,0.3162266966489715,0,1,01,#f3e6b3,0,01,#f3e6b3
61,480291208001,G48002901208001,48,029,120800,1,480291208001,Block Group 1,G5030,S,752080.0,0.0,+29.5107918,-098.4515295,3743.33500283,752079.160431,48,029,120800,1,0.11144130757800896,92924.0,837.0,0.0,35400.932121276855,42.295020455527904,841.0,0.0,423754.17990112305,503.8694172427147,832.0,0.0,19989.65087890625,24.026022690993088,832.0,0.0,4937.247802734375,5.934192070594201,832.0,0.0,0.0,0.0,832.0,0.0,14644.35693359375,17.601390545184795,832.0,0.0,408.0457763671875,0.49043963505671573,0,0,00,#f3f3f3,0,00,#f3f3f3
62,480291208002,G48002901208002,48,029,120800,2,480291208002,Block Group 2,G5030,S,449573.0,0.0,+29.4985359,-098.4553917,2754.34447206,449572.884645,48,029,120800,2,0.24536376604850219,46647.0,497.0,0.0,20992.365844726562,42.23816065337336,505.0,0.0,179081.24472045898,354.6163261791267,508.0,0.0,14512.64404296875,28.568196934977856,508.0,0.0,2923.555419921875,5.755030354176919,508.0,0.0,0.0,0.0,508.0,0.0,11396.32568359375,22.433711975578248,508.0,0.0,192.7615203857422,0.37945181178295706,0,0,00,#f3f3f3,0,00,#f3f3f3
63,480291208003,G48002901208003,48,029,120800,3,480291208003,Block Group 3,G5030,S,573525.0,0.0,+29.5041704,-098.4539719,3200.30258689,573527.885221,48,029,120800,3,0.05945121951219512,35327.0,627.0,0.0,26452.35294342041,42.188760675311656,625.0,0.0,291916.64724731445,467.06663559570313,628.0,0.0,15085.2265625,24.021061405254777,628.0,0.0,3518.84716796875,5.60325982160629,628.0,0.0,20.34764862060547,0.03240071436402145,628.0,0.0,11272.19140625,17.949349373009554,628.0,0.0,273.84063720703125,0.43605197007489055,0,0,00,#f3f3f3,0,00,#f3f3f3
64,480291208004,G48002901208004,48,029,120800,4,480291208004,Block Group 4,G5030,S,574310.0,0.0,+29.5105988,-098.4451720,3566.06326334,574312.243273,48,029,120800,4,0.5364995602462621,47480.0,645.0,0.0,27219.215141296387,42.200333552397495,650.0,0.0,341614.97286987305,525.5614967228817,652.0,0.0,15513.52734375,23.79375359470859,652.0,0.0,4221.2672119140625,6.47433621459212,652.0,0.0,1.6727653741836548,0.002565591064698857,652.0,0.0,10919.73583984375,16.74806110405483,652.0,0.0,370.85121154785156,0.5687902017605085,0,0,00,#f3f3f3,0,00,#f3f3f3
65,480291208005,G48002901208005,48,029,120800,5,480291208005,Block Group 5,G5030,S,818965.0,0.0,+29.5103659,-098.4389836,3626.84889732,818966.781581,48,029,120800,5,0.1293213828425096,60834.0,921.0,0.0,38886.38567733765,42.22191713065977,915.0,0.0,358688.79722595215,392.0096144545925,902.0,0.0,21250.859375,23.559711058758314,902.0,0.0,4807.10107421875,5.329380348357816,902.0,0.0,30.11048936843872,0.03338191725990989,902.0,0.0,16055.486328125,17.799873977965632,902.0,0.0,358.16038513183594,0.3970735977071352,0,0,00,#f3f3f3,0,00,#f3f3f3
66,480291208006,G48002901208006,48,029,120800,6,480291208006,Block Group 6,G5030,S,774799.0,0.0,+29.5005740,-098.4383603,3609.54438612,774798.144779,48,029,120800,6,0.2404016538688718,54209.0,840.0,0.0,35537.38578094602,42.30641164398335,845.0,0.0,329210.3726348877,389.59807412412744,864.0,0.0,21136.083984375,24.463060167100693,864.0,0.0,4637.7421875,5.367757161458333,864.0,0.0,11.311237812042236,0.01309171043060444,864.0,0.0,16147.81298828125,18.68959836606626,864.0,0.0,339.21852111816406,0.39261402907194914,0,0,00,#f3f3f3,0,00,#f3f3f3
67,480291208007,G48002901208007,48,029,120800,7,480291208007,Block Group 7,G5030,S,898784.0,0.0,+29.5002013,-098.4465241,3883.78811884,898782.975218,48,029,120800,7,0.3113207547169812,60030.0,1006.0,0.0,42456.344745635986,42.2031259896978,1023.0,0.0,442160.46673583984,432.21942007413475,1015.0,0.0,27211.9296875,26.809782943349752,1015.0,0.0,6019.044921875,5.93009351908867,1015.0,0.0,12.038145065307617,0.011860241443652825,1015.0,0.0,20727.9072265625,20.421583474445814,1015.0,0.0,452.9400939941406,0.44624639802378385,0,0,00,#f3f3f3,0,00,#f3f3f3
68,480291209011,G48002901209011,48,029,120901,1,480291209011,Block Group 1,G5030,S,751885.0,0.0,+29.5193115,-098.4438570,4616.51336023,751884.595197,48,029,120901,1,0.735827664399093,47750.0,841.0,0.0,35691.36874771118,42.439201840322454,836.0,0.0,311801.4256286621,372.9682124744762,840.0,0.0,18321.708984375,21.811558314732142,840.0,0.0,4237.35009765625,5.044464401971727,840.0,0.0,70.49963760375977,0.08392814000447592,840.0,0.0,13682.75,16.288988095238096,840.0,0.0,331.1105499267578,0.3941792261032831,1,1,11,#b3b3b3,0,01,#f3e6b3
69,480291209012,G48002901209012,48,029,120901,2,480291209012,Block Group 2,G5030,S,1172666.0,6483.0,+29.5224487,-098.4349479,6123.44359504,1179150.12467,48,029,120901,2,0.633855331841909,28248.0,1314.0,0.0,55399.11558532715,42.16066635108611,1312.0,0.0,474179.54722595215,361.41733782465866,1300.0,0.0,27594.1015625,21.226231971153847,1300.0,0.0,9953.765869140625,7.656742976262019,1300.0,0.0,81.33703994750977,0.06256695380577675,1300.0,0.0,16589.15625,12.760889423076923,1300.0,0.0,969.8410797119141,0.7460315997783954,0,0,00,#f3f3f3,1,10,#b4d3e1
70,480291209021,G48002901209021,48,029,120902,1,480291209021,Block Group 1,G5030,S,469706.0,6567.0,+29.5107699,-098.4327123,3077.40496868,476270.911251,48,029,120902,1,0.5694682675814751,23822.0,528.0,0.0,22301.583835601807,42.23784817348827,529.0,0.0,114419.53379821777,216.29401474143248,535.0,0.0,9889.8984375,18.485791471962617,535.0,0.0,3970.1455078125,7.420832724883177,535.0,0.0,36.65740966796875,0.06851852274386683,535.0,0.0,5525.1474609375,10.327378431658879,535.0,0.0,357.9485778808594,0.6690627623941297,0,0,00,#f3f3f3,1,10,#b4d3e1
71,480291209022,G48002901209022,48,029,120902,2,480291209022,Block Group 2,G5030,S,1887998.0,1198.0,+29.5051372,-098.4276589,5767.45441811,1889197.216,48,029,120902,2,0.3605393896380412,70700.0,2106.0,0.0,89163.28749083552,42.33774334797508,2088.0,0.0,686970.4927368164,329.0088566747205,2087.0,0.0,45555.39990234375,21.828174366240418,2087.0,0.0,12991.02001953125,6.224734077398778,2087.0,0.0,230.3817971944809,0.11038897805197935,2087.0,0.0,31228.2841796875,14.963241101910638,2087.0,0.0,1105.713005065918,0.5298097772237269,0,0,00,#f3f3f3,0,00,#f3f3f3
72,480291209023,G48002901209023,48,029,120902,3,480291209023,Block Group 3,G5030,S,834454.0,0.0,+29.5134483,-098.4101408,4967.19921627,834454.727071,48,029,120902,3,0.7941176470588236,24688.0,935.0,0.0,40194.53466796875,42.98880713151738,932.0,0.0,89324.5986776352,95.84184407471587,926.0,0.0,16917.554370880127,18.269497160777675,926.0,0.0,4384.056890487671,4.734402689511524,926.0,0.0,227.2421008348465,0.24540183675469385,926.0,0.0,11976.4853515625,12.933569494127969,926.0,0.0,329.7689143419266,0.356121937734262,1,1,11,#b3b3b3,1,11,#b3b3b3
73,480291209024,G48002901209024,48,029,120902,4,480291209024,Block Group 4,G5030,S,1492725.0,8854.0,+29.5077969,-098.4206449,6825.64159865,1501578.11868,48,029,120902,4,0.5994623655913979,26872.0,1670.0,0.0,70557.97290259521,42.25028317520671,1671.0,0.0,465853.12300109863,278.78702752908356,1687.0,0.0,34993.8671875,20.74325263040901,1687.0,0.0,10437.978271484375,6.187301879955172,1687.0,0.0,326.82093811035156,0.19372906823375907,1687.0,0.0,23247.27197265625,13.780244204301274,1687.0,0.0,981.7949829101562,0.5819768719088063,0,0,00,#f3f3f3,1,10,#b4d3e1
74,480291210001,G48002901210001,48,029,121000,1,480291210001,Block Group 1,G5030,S,918875.0,0.0,+29.5313134,-098.4398239,4362.50571563,918872.805123,48,029,121000,1,0.38796680497925307,28244.0,1025.0,0.0,43754.777462005615,42.687587767810356,1022.0,0.0,238606.2066040039,233.46986947554197,1025.0,0.0,28658.122230529785,27.959143639541253,1025.0,0.0,5251.3488528728485,5.123267173534487,1025.0,0.0,20.89253133535385,0.020382957400345222,1025.0,0.0,23084.05040860176,22.521024788879767,1025.0,0.0,301.8306923508644,0.2944689681471848,0,1,01,#f3e6b3,1,11,#b3b3b3
75,480291210002,G48002901210002,48,029,121000,2,480291210002,Block Group 2,G5030,S,1938986.0,33515.0,+29.5399648,-098.4343831,7769.08151798,1972499.10997,48,029,121000,2,0.6520423600605143,19245.0,2194.0,0.0,93881.49493650474,42.79010708136041,2198.0,0.0,322986.7279624939,146.94573610668513,2193.0,0.0,30086.811767578125,13.719476410204344,2193.0,0.0,8332.843444824219,3.799746212870141,2193.0,0.0,461.80284118652344,0.2105804109377672,2193.0,0.0,20678.63232421875,9.429380904796512,2193.0,0.0,613.5335960388184,0.279769081641048,0,1,01,#f3e6b3,2,21,#376387
76,480291210003,G48002901210003,48,029,121000,3,480291210003,Block Group 3,G5030,S,657028.0,0.0,+29.5399441,-098.4274993,3366.41647924,657027.563084,48,029,121000,3,0.6084959816303099,20229.0,732.0,0.0,31545.037059783936,43.0943129232021,728.0,0.0,81440.2568397522,111.86848466998929,730.0,0.0,14492.835220336914,19.853198931968375,730.0,0.0,4627.505302429199,6.339048359492054,730.0,0.0,173.80177307128906,0.23808462064560146,730.0,0.0,9324.947311401367,12.773900426577216,730.0,0.0,366.5819172859192,0.5021670099807112,0,1,01,#f3e6b3,2,21,#376387
77,480291210004,G48002901210004,48,029,121000,4,480291210004,Block Group 4,G5030,S,414269.0,0.0,+29.5233126,-098.4509294,3074.58570761,414269.370528,48,029,121000,4,0.6840775063184499,15585.0,459.0,0.0,19741.27571105957,43.00931527463959,465.0,0.0,74063.34545516968,159.2760117315477,461.0,0.0,11959.024055480957,25.94148385136867,461.0,0.0,2291.30184173584,4.970285990750195,461.0,0.0,0.0,0.0,461.0,0.0,9525.629287719727,20.662970255357326,461.0,0.0,142.09332299232483,0.3082284663607914,1,1,11,#b3b3b3,2,21,#376387
78,480291210005,G48002901210005,48,029,121000,5,480291210005,Block Group 5,G5030,S,1943408.0,0.0,+29.5234261,-098.4576119,7268.51526915,1943409.99148,48,029,121000,5,0.9634146341463414,25572.0,2167.0,0.0,93890.60916519165,43.32746154369712,2159.0,0.0,218355.02285528183,101.13711109554508,2162.0,0.0,36001.858154296875,16.65210830448514,2162.0,0.0,9713.304077148438,4.492740091187992,2162.0,0.0,931.3759765625,0.4307936986875578,2162.0,0.0,24538.760009765625,11.350027756598346,2162.0,0.0,818.4196968078613,0.3785475008361986,2,2,22,#000000,1,12,#b36600
79,480291210006,G48002901210006,48,029,121000,6,480291210006,Block Group 6,G5030,S,767687.0,0.0,+29.5275039,-098.4469572,4127.20726766,767688.707931,48,029,121000,6,0.6861538461538461,23854.0,852.0,0.0,36545.167530059814,42.893389119788516,854.0,0.0,155939.41654968262,182.5988484188321,851.0,0.0,20494.70654296875,24.08308641946974,851.0,0.0,3860.803466796875,4.536784332311251,851.0,0.0,5.670391082763672,0.006663209262942035,851.0,0.0,16397.0966796875,19.268033701160398,851.0,0.0,231.1359100341797,0.2716050646700114,1,1,11,#b3b3b3,1,11,#b3b3b3
80,480291211101,G48002901211101,48,029,121110,1,480291211101,Block Group 1,G5030,S,2478462.0,8793.0,+29.5858689,-098.4182766,6384.99789848,2487252.72146,48,029,121110,1,0.5114039533705017,48724.0,2770.0,0.0,114239.73617553711,41.24178201282928,2768.0,0.0,1809553.0431365967,653.7402612487705,2772.0,0.0,45057.0715637207,16.254354820967066,2772.0,0.0,11824.666229248047,4.265752607953841,2772.0,0.0,324.5733428001404,0.11708995050510115,2772.0,0.0,31974.04458618164,11.534648119113147,2772.0,0.0,933.7890119552612,0.3368647229275834,0,0,00,#f3f3f3,0,00,#f3f3f3
81,480291211102,G48002901211102,48,029,121110,2,480291211102,Block Group 2,G5030,S,1169792.0,6291.0,+29.5740885,-098.4141758,5004.35946287,1176081.36072,48,029,121110,2,0.506434519303558,28240.0,1311.0,0.0,55700.399849824054,42.486956407188444,1312.0,0.0,298135.46869659424,227.23739992118465,1307.0,0.0,29615.33935546875,22.6590201648575,1307.0,0.0,5907.202911376953,4.519665578712282,1307.0,0.0,58.37047576904297,0.04465988964731673,1307.0,0.0,23276.091735839844,17.80879245282314,1307.0,0.0,373.6756706237793,0.2859033440120729,0,1,01,#f3e6b3,1,11,#b3b3b3
82,480291211103,G48002901211103,48,029,121110,3,480291211103,Block Group 3,G5030,S,875437.0,4604.0,+29.5814331,-098.4087763,3727.2809269,880040.81188,48,029,121110,3,0.6034965034965035,31994.0,984.0,0.0,41552.65421676636,42.22830713086012,977.0,0.0,262138.94290161133,268.3100746178212,984.0,0.0,21407.94482421875,21.756041488027186,984.0,0.0,4163.630615234375,4.231331926051194,984.0,0.0,51.09536933898926,0.05192618835263136,984.0,0.0,16931.90625,17.207221798780488,984.0,0.0,261.31398010253906,0.2655629879090844,0,0,00,#f3f3f3,1,10,#b4d3e1
83,480291211111,G48002901211111,48,029,121111,1,480291211111,Block Group 1,G5030,S,443685.0,2327.0,+29.5670273,-098.4054690,3201.00692617,446010.546499,48,029,121111,1,0.5873573309920983,30419.0,497.0,0.0,21304.84433147063,42.86689000295902,499.0,0.0,91298.45687866211,182.96283943619662,495.0,0.0,13067.2041015625,26.398392124368687,495.0,0.0,2506.1625366210938,5.062954619436553,495.0,0.0,0.0,0.0,495.0,0.0,10407.606689453125,21.02546805950126,495.0,0.0,153.4340934753418,0.3099678656067511,0,1,01,#f3e6b3,1,11,#b3b3b3
84,480291211112,G48002901211112,48,029,121111,2,480291211112,Block Group 2,G5030,S,1128751.0,1889.0,+29.5699763,-098.4012222,5823.51904511,1130642.92386,48,029,121111,2,0.644678979771328,36293.0,1252.0,0.0,53697.575538276884,42.88943733089208,1261.0,0.0,215691.55201339722,171.04801904313817,1260.0,0.0,33153.2548828125,26.31210704985119,1260.0,0.0,7657.6546630859375,6.077503700861855,1260.0,0.0,28.83903694152832,0.02288812455676851,1260.0,0.0,24895.346557617188,19.758211553664434,1260.0,0.0,571.4148082733154,0.4535038160899329,0,1,01,#f3e6b3,0,01,#f3e6b3
85,480291211113,G48002901211113,48,029,121111,3,480291211113,Block Group 3,G5030,S,1271796.0,0.0,+29.5718015,-098.3919643,4743.00303292,1271795.72617,48,029,121111,3,0.9149774774774775,20802.0,1414.0,0.0,60927.21943664551,43.08855688588791,1419.0,0.0,104071.9425983429,73.34174954076315,1414.0,0.0,29648.095703125,20.967535857938472,1414.0,0.0,5250.648681640625,3.713330043593087,1414.0,0.0,58.32402038574219,0.04124753916954893,1414.0,0.0,24040.5146484375,17.001778393520155,1414.0,0.0,298.6087951660156,0.2111801946011426,2,1,21,#376387,2,21,#376387
86,480291211114,G48002901211114,48,029,121111,4,480291211114,Block Group 4,G5030,S,943574.0,0.0,+29.5591477,-098.3997878,5276.89207035,943573.716206,48,029,121111,4,0.8776769509981851,22124.0,1050.0,0.0,45394.19575584709,43.23256738652104,1051.0,0.0,55153.16954421997,52.4768501847954,1052.0,0.0,25072.159545898438,23.832851279371138,1052.0,0.0,4262.732849121094,4.05202742311891,1052.0,0.0,8.100558280944824,0.0077001504571718865,1052.0,0.0,20590.837890625,19.57303981998574,1052.0,0.0,210.48744010925293,0.20008311797457504,1,2,12,#b36600,1,12,#b36600
87,480291211121,G48002901211121,48,029,121112,1,480291211121,Block Group 1,G5030,S,3727388.0,152773.0,+29.5506479,-098.4207674,9603.92670697,3880159.90244,48,029,121112,1,0.5932203389830508,39507.0,4321.0,0.0,186873.33325304926,43.24770498797715,4321.0,0.0,5083101.680750847,1176.3715993406265,4318.0,0.0,64882.64111328125,15.026086408819188,4318.0,0.0,16946.997314453125,3.9247330510544525,4318.0,0.0,1087.7592010498047,0.2519127376215388,4318.0,0.0,45536.306884765625,10.54569404464234,4318.0,0.0,1311.5840454101562,0.30374804201254196,0,2,02,#f3b300,0,02,#f3b300
88,480291211122,G48002901211122,48,029,121112,2,480291211122,Block Group 2,G5030,S,1249917.0,4659.0,+29.5661268,-098.4127808,5849.13229475,1254577.19816,48,029,121112,2,0.6822863027806385,32419.0,1398.0,0.0,60048.01267594986,42.95279876677386,1391.0,0.0,166534.67665100098,119.7229882465859,1402.0,0.0,26335.318115234375,18.784107072207114,1402.0,0.0,9636.599487304688,6.873466110773672,1402.0,0.0,177.35315704345703,0.12650011201387806,1402.0,0.0,15579.4580078125,11.112309563347004,1402.0,0.0,941.9051704406738,0.6718296508136047,0,1,01,#f3e6b3,1,11,#b3b3b3
89,480291211151,G48002901211151,48,029,121115,1,480291211151,Block Group 1,G5030,S,524349.0,0.0,+29.5815072,-098.4504551,3432.22764814,524348.888764,48,029,121115,1,0.6730072463768115,30678.0,584.0,0.0,24495.06764602661,41.94360898292228,582.0,0.0,185384.2236328125,318.5295938708119,584.0,0.0,11576.4794921875,19.822738856485444,584.0,0.0,2927.7709350585938,5.013306395648277,584.0,0.0,0.0,0.0,584.0,0.0,8407.66064453125,14.396679185841181,584.0,0.0,241.04718780517578,0.4127520339129722,0,0,00,#f3f3f3,1,10,#b4d3e1
90,480291211152,G48002901211152,48,029,121115,2,480291211152,Block Group 2,G5030,S,1187266.0,622.0,+29.5752770,-098.4510168,5114.38985067,1187885.90142,48,029,121115,2,0.36782296650717705,50363.0,1320.0,0.0,55119.435775756836,41.7571483149673,1321.0,0.0,511605.9054260254,387.286832267998,1323.0,0.0,34136.782470703125,25.80255666719813,1323.0,0.0,8288.03539276123,6.264577016448398,1323.0,0.0,53.245828688144684,0.04024628018756212,1323.0,0.0,25177.782653808594,19.030825891011787,1323.0,0.0,617.7175257205963,0.46690667099062455,0,0,00,#f3f3f3,0,00,#f3f3f3
91,480291211153,G48002901211153,48,029,121115,3,480291211153,Block Group 3,G5030,S,773929.0,2651.0,+29.5705769,-098.4578215,4169.00452666,776580.170342,48,029,121115,3,0.19838354151359294,58820.0,866.0,0.0,35937.7198677063,41.49852178718972,868.0,0.0,398556.5552062988,459.1665382561046,864.0,0.0,21983.7275390625,25.444129096137154,864.0,0.0,5310.751953125,6.146703649450232,864.0,0.0,18.312504291534424,0.02119502811520188,864.0,0.0,16229.6748046875,18.784345838758682,864.0,0.0,424.98402404785156,0.49187965746279116,0,0,00,#f3f3f3,0,00,#f3f3f3
92,480291211161,G48002901211161,48,029,121116,1,480291211161,Block Group 1,G5030,S,712171.0,0.0,+29.5882470,-098.4697648,4846.41059335,712172.249138,48,029,121116,1,0.5488086087624904,30939.0,793.0,0.0,33465.24109649658,42.200808444510194,793.0,0.0,422305.4920654297,532.541604117818,796.0,0.0,19628.56640625,24.659003022927134,796.0,0.0,4063.104248046875,5.104402321666928,796.0,0.0,8.434111595153809,0.010595617581851518,796.0,0.0,15282.7587890625,19.199445714902637,796.0,0.0,274.26902770996094,0.34455908003763935,0,0,00,#f3f3f3,1,10,#b4d3e1
93,480291211162,G48002901211162,48,029,121116,2,480291211162,Block Group 2,G5030,S,1109391.0,0.0,+29.5820475,-098.4690233,4712.73633146,1109390.69657,48,029,121116,2,0.6508728179551122,47050.0,1235.0,0.0,52027.648571014404,42.127650664788995,1235.0,0.0,831454.2456970215,673.2423042081145,1231.0,0.0,25058.968719482422,20.35659522297516,1231.0,0.0,6246.347961425781,5.074206304976264,1231.0,0.0,126.6817855834961,0.10290965522623566,1231.0,0.0,18150.131896972656,14.744217625485504,1231.0,0.0,535.8076901435852,0.4352621365910522,0,0,00,#f3f3f3,0,00,#f3f3f3
94,480291211163,G48002901211163,48,029,121116,3,480291211163,Block Group 3,G5030,S,584641.0,0.0,+29.5823515,-098.4627320,5287.98710394,584641.357227,48,029,121116,3,0.430116472545757,62882.0,650.0,0.0,27309.210514068604,42.014170021644006,649.0,0.0,294091.9348144531,453.1462786047044,654.0,0.0,18667.222534179688,28.54315372198729,654.0,0.0,3969.695327758789,6.069870531741268,654.0,0.0,1.2553483247756958,0.0019194928513389844,654.0,0.0,14417.053771972656,22.044424727786936,654.0,0.0,279.2155132293701,0.42693503551891454,0,0,00,#f3f3f3,0,00,#f3f3f3
95,480291211164,G48002901211164,48,029,121116,4,480291211164,Block Group 4,G5030,S,788446.0,903.0,+29.5867974,-098.4560654,4940.85075837,789347.978524,48,029,121116,4,0.6369262506446622,32280.0,884.0,0.0,37111.421031951904,41.98124551125781,883.0,0.0,301877.38996887207,341.8769988322447,877.0,0.0,17743.700561523438,20.232269739479403,877.0,0.0,4532.140655517578,5.167777258286862,877.0,0.0,0.0,0.0,877.0,0.0,12831.537475585938,14.63117157991555,877.0,0.0,380.0209846496582,0.4333192527362123,0,0,00,#f3f3f3,1,10,#b4d3e1
96,480291211171,G48002901211171,48,029,121117,1,480291211171,Block Group 1,G5030,S,861342.0,17700.0,+29.5987600,-098.4607630,5591.28502495,879040.382428,48,029,121117,1,0.6022544283413849,32780.0,977.0,0.0,41100.24259567261,42.06780204265364,978.0,0.0,354847.8795776367,362.83014271741996,981.0,0.0,18126.759765625,18.477838700942915,981.0,0.0,4840.62060546875,4.934373705880479,981.0,0.0,4.233351707458496,0.004315343228805806,981.0,0.0,12863.6513671875,13.112794461964832,981.0,0.0,418.25201416015625,0.42635271575958844,0,0,00,#f3f3f3,1,10,#b4d3e1
97,480291211172,G48002901211172,48,029,121117,2,480291211172,Block Group 2,G5030,S,1116128.0,0.0,+29.5957086,-098.4664214,4518.14233112,1116129.22292,48,029,121117,2,0.2805836139169473,41548.0,1245.0,0.0,52477.635135650635,42.150710952329824,1242.0,0.0,558175.1332092285,449.41637134398434,1245.0,0.0,30853.3046875,24.781770833333333,1245.0,0.0,9209.882568359375,7.397496038842871,1245.0,0.0,92.5912868976593,0.07437051156438498,1245.0,0.0,20714.43505859375,16.63810044866968,1245.0,0.0,836.3950500488281,0.6718032530512675,0,0,00,#f3f3f3,0,00,#f3f3f3
98,480291211173,G48002901211173,48,029,121117,3,480291211173,Block Group 3,G5030,S,459465.0,0.0,+29.5908813,-098.4537735,3436.41824751,459465.324572,48,029,121117,3,0.6534320323014805,32139.0,512.0,0.0,21435.45024871826,41.866113767027855,511.0,0.0,140738.18383789062,275.4171895066353,511.0,0.0,10330.007369995117,20.21527861055796,511.0,0.0,2220.034599304199,4.344490409597259,511.0,0.0,0.0,0.0,511.0,0.0,7952.534851074219,15.562690510908451,511.0,0.0,157.43671989440918,0.3080953422591178,0,0,00,#f3f3f3,1,10,#b4d3e1
99,480291211181,G48002901211181,48,029,121118,1,480291211181,Block Group 1,G5030,S,2789411.0,8263.0,+29.6004931,-098.4486229,11877.2635075,2797677.77423,48,029,121118,1,0.3278588807785888,41325.0,3117.0,0.0,128882.5513305664,41.34826799184036,3126.0,0.0,1230161.1099014282,393.52562696782735,3115.0,0.0,63654.826171875,20.43493617074639,3115.0,0.0,17266.26611328125,5.542942572481942,3115.0,0.0,570.2549018859863,0.18306738423306143,3115.0,0.0,44364.7890625,14.242307885232744,3115.0,0.0,1453.516056060791,0.46661831655242086,0,0,00,#f3f3f3,0,00,#f3f3f3
100,480291211182,G48002901211182,48,029,121118,2,480291211182,Block Group 2,G5030,S,230952.0,0.0,+29.5909438,-098.4480377,2676.61839656,230951.803621,48,029,121118,2,0.7425025853154085,25300.0,257.0,0.0,10682.780704498291,41.56724009532409,260.0,0.0,81431.14639282227,313.1967168954703,260.0,0.0,2593.6548461914062,9.97559556227464,260.0,0.0,925.0197448730469,3.5577682495117187,260.0,0.0,0.0,0.0,260.0,0.0,1573.6524353027344,6.052509366548978,260.0,0.0,94.98301029205322,0.3653192703540509,1,0,10,#b4d3e1,1,10,#b4d3e1
101,480291211183,G48002901211183,48,029,121118,3,480291211183,Block Group 3,G5030,S,1710208.0,0.0,+29.5885268,-098.4432018,7796.75881368,1710205.81468,48,029,121118,3,0.4722094625631603,52763.0,1898.0,0.0,78484.35140228271,41.351080823120505,1897.0,0.0,794413.6192932129,418.7736527639499,1906.0,0.0,44330.12463378906,23.258197604296466,1906.0,0.0,10411.18521118164,5.462321726747975,1906.0,0.0,71.48447322845459,0.03750497021429937,1906.0,0.0,33055.646728515625,17.34294162041743,1906.0,0.0,791.8064250946045,0.4154283447505795,0,0,00,#f3f3f3,0,00,#f3f3f3
102,480291211191,G48002901211191,48,029,121119,1,480291211191,Block Group 1,G5030,S,430299.0,0.0,+29.5699081,-098.4462108,4270.53068818,430299.165559,48,029,121119,1,0.17293233082706772,34180.0,476.0,0.0,19734.90593603531,41.45988642024225,482.0,0.0,184256.94604492188,382.2758216699624,481.0,0.0,11336.829345703125,23.569291779008577,481.0,0.0,2652.572998046875,5.514704777644231,481.0,0.0,10.060893058776855,0.02091661758581467,481.0,0.0,8468.117919921875,17.60523476075234,481.0,0.0,206.07724380493164,0.4284350183054712,0,0,00,#f3f3f3,0,00,#f3f3f3
103,480291211192,G48002901211192,48,029,121119,2,480291211192,Block Group 2,G5030,S,1710222.0,0.0,+29.5676072,-098.4451546,9707.72345221,1710220.45621,48,029,121119,2,0.56403574087863,30242.0,1915.0,0.0,78980.37950092813,41.24301801615046,1897.0,0.0,853986.5005340576,450.1773856268095,1906.0,0.0,41375.0283203125,21.707779811286727,1906.0,0.0,10057.636962890625,5.2768294663644415,1906.0,0.0,209.20216751098633,0.1097597940771177,1906.0,0.0,30292.114501953125,15.893029644256623,1906.0,0.0,816.0745697021484,0.4281608445446739,0,0,00,#f3f3f3,1,10,#b4d3e1
104,480291211193,G48002901211193,48,029,121119,3,480291211193,Block Group 3,G5030,S,2179441.0,51079.0,+29.5539949,-098.4578878,6570.76338807,2230520.38494,48,029,121119,3,0.5026563138536984,28878.0,2484.0,0.0,101761.25437164307,40.966688555411864,2489.0,0.0,2779081.3302764893,1116.5453315695015,2471.0,0.0,49827.42860031128,20.164884095633866,2471.0,0.0,13413.537772655487,5.428384367727838,2471.0,0.0,665.4632263183594,0.26930927815392935,2471.0,0.0,34597.90042114258,14.001578478811242,2471.0,0.0,1150.529651671648,0.46561297113381145,0,0,00,#f3f3f3,1,10,#b4d3e1
105,480291211201,G48002901211201,48,029,121120,1,480291211201,Block Group 1,G5030,S,3235120.0,1543.0,+29.5519283,-098.4394219,9720.48018484,3236663.00909,48,029,121120,1,0.7837943124269575,31816.0,3604.0,0.0,149823.13762449415,41.57134784253445,3604.0,0.0,2189686.284511566,607.5711111297353,3605.0,0.0,65552.982421875,18.18390635835645,3605.0,0.0,19200.69580078125,5.326129209648058,3605.0,0.0,619.2534408569336,0.17177626653451694,3605.0,0.0,43932.0263671875,12.186415081050624,3605.0,0.0,1801.0070190429688,0.49958585826434637,1,0,10,#b4d3e1,1,10,#b4d3e1
106,480291211202,G48002901211202,48,029,121120,2,480291211202,Block Group 2,G5030,S,1285146.0,0.0,+29.5600162,-098.4297018,5310.682268,1285146.19459,48,029,121120,2,0.7922016167379933,28828.0,1431.0,0.0,61136.377237339824,42.722835246219304,1430.0,0.0,134103.32788944244,93.77855097163807,1433.0,0.0,24002.448852539062,16.749789848247776,1433.0,0.0,7444.254873275757,5.194874300960054,1433.0,0.0,308.4092016220093,0.21521926142498904,1433.0,0.0,15818.875602722168,11.038992046561178,1433.0,0.0,430.9125027656555,0.3007065615950143,1,1,11,#b3b3b3,1,11,#b3b3b3
107,480291211211,G48002901211211,48,029,121121,1,480291211211,Block Group 1,G5030,S,1705004.0,3443.0,+29.5952648,-098.4285061,5861.83736863,1708447.13237,48,029,121121,1,0.2648870636550308,40500.0,1903.0,0.0,77385.11177444458,40.66479862030719,1903.0,0.0,1360020.316192627,714.6717373581855,1899.0,0.0,43115.82421875,22.704488793443918,1899.0,0.0,11510.831359863281,6.0615225697015696,1899.0,0.0,120.94439601898193,0.06368846551815795,1899.0,0.0,30490.087280273438,16.055864813203495,1899.0,0.0,993.9598598480225,0.5234122484718391,0,0,00,#f3f3f3,0,00,#f3f3f3
108,480291211212,G48002901211212,48,029,121121,2,480291211212,Block Group 2,G5030,S,789229.0,1386.0,+29.5793073,-098.4363779,5523.36754329,790614.050681,48,029,121121,2,0.5267993874425727,38181.0,883.0,0.0,36835.85228887695,41.71670700892067,880.0,0.0,313020.1672515869,355.70473551316695,877.0,0.0,20593.43473815918,23.481681571447183,877.0,0.0,4604.297410964966,5.250054060393348,877.0,0.0,33.087303161621094,0.03772782572590774,877.0,0.0,15617.966915130615,17.808400131277782,877.0,0.0,338.08247768878937,0.3854988343087678,0,0,00,#f3f3f3,0,00,#f3f3f3
109,480291211221,G48002901211221,48,029,121122,1,480291211221,Block Group 1,G5030,S,977103.0,0.0,+29.5804050,-098.4303530,5493.75866225,977102.538331,48,029,121122,1,0.4428442844284428,48657.0,1086.0,0.0,45098.44568697144,41.527113892238894,1087.0,0.0,542561.9675292969,499.1370446451673,1090.0,0.0,25046.41180419922,22.97835945339378,1090.0,0.0,6028.848190307617,5.531053385603318,1090.0,0.0,55.148796021938324,0.0505952257082003,1090.0,0.0,18485.043395996094,16.958755409170728,1090.0,0.0,477.37008571624756,0.4379542070791262,0,0,00,#f3f3f3,0,00,#f3f3f3
110,480291211222,G48002901211222,48,029,121122,2,480291211222,Block Group 2,G5030,S,1069649.0,0.0,+29.5768191,-098.4248373,5351.4073689,1069648.72318,48,029,121122,2,0.3602649006622517,38606.0,1192.0,0.0,50162.92718802794,42.08299260740599,1192.0,0.0,395961.3547363281,332.1823445774565,1191.0,0.0,28870.092895507812,24.24021233879749,1191.0,0.0,7735.137435913086,6.494657796736428,1191.0,0.0,58.17202091217041,0.048843006643300095,1191.0,0.0,20506.102600097656,17.217550461878805,1191.0,0.0,570.6812992095947,0.4791614602935304,0,0,00,#f3f3f3,0,00,#f3f3f3
111,480291211223,G48002901211223,48,029,121122,3,480291211223,Block Group 3,G5030,S,1057512.0,0.0,+29.5684817,-098.4241254,4272.22364555,1057511.70252,48,029,121122,3,0.608298755186722,33630.0,1174.0,0.0,50113.92567348089,42.686478427155784,1176.0,0.0,201378.21727752686,171.2399806781691,1176.0,0.0,27042.821807861328,22.995596775392286,1176.0,0.0,5566.436628341675,4.733364479882376,1176.0,0.0,10.291759967803955,0.008751496571261867,1176.0,0.0,21092.29888153076,17.935628300621396,1176.0,0.0,373.79577469825745,0.31785354991348425,0,1,01,#f3e6b3,0,01,#f3e6b3
112,480291211231,G48002901211231,48,029,121123,1,480291211231,Block Group 1,G5030,S,932518.0,0.0,+29.5595006,-098.4715928,4520.81701327,932517.738086,48,029,121123,1,0.6509881422924901,21466.0,1041.0,0.0,44142.73320339757,42.40416253928681,1038.0,0.0,293669.30291748047,282.91840358138774,1043.0,0.0,20854.582206726074,19.994805567330847,1043.0,0.0,6767.749172210693,6.488733626280626,1043.0,0.0,53.69407677650452,0.05148041876941948,1043.0,0.0,13440.882118225098,12.886751791203354,1043.0,0.0,592.2576619982719,0.5678405196531849,0,0,00,#f3f3f3,1,10,#b4d3e1
113,480291211232,G48002901211232,48,029,121123,2,480291211232,Block Group 2,G5030,S,725634.0,0.0,+29.5638954,-098.4696258,4531.6505882,725633.950008,48,029,121123,2,0.6108626198083067,35251.0,810.0,0.0,34256.68025078908,42.29219784048035,806.0,0.0,192715.8756866455,239.10158273777358,807.0,0.0,23049.6474609375,28.56214059595725,807.0,0.0,4415.5545654296875,5.471566995575821,807.0,0.0,2.4301676750183105,0.0030113601920920825,807.0,0.0,18363.16796875,22.754854979863694,807.0,0.0,268.4938049316406,0.33270607798220647,0,0,00,#f3f3f3,0,00,#f3f3f3
114,480291211233,G48002901211233,48,029,121123,3,480291211233,Block Group 3,G5030,S,1140369.0,1526.0,+29.5664965,-098.4798175,4968.88571001,1141898.02539,48,029,121123,3,0.5483568075117371,40344.0,1272.0,0.0,54047.71503940383,42.490342012109934,1270.0,0.0,801384.6042327881,631.0114993958962,1272.0,0.0,27639.78173828125,21.72938815902614,1272.0,0.0,8368.408515930176,6.578937512523723,1272.0,0.0,12.288784980773926,0.009660994481740508,1272.0,0.0,18662.278533935547,14.671602621018511,1272.0,0.0,596.8073809146881,0.4691881925429938,0,1,01,#f3e6b3,0,01,#f3e6b3
115,480291211241,G48002901211241,48,029,121124,1,480291211241,Block Group 1,G5030,S,674314.0,0.0,+29.5691368,-098.4632598,4297.85779522,674316.499672,48,029,121124,1,0.361271676300578,45801.0,746.0,0.0,31186.749614715576,41.805294389699164,753.0,0.0,301942.8720703125,400.9865498941733,749.0,0.0,22672.41943359375,30.27025291534546,749.0,0.0,4535.19970703125,6.0550062844208945,749.0,0.0,0.0,0.0,749.0,0.0,17843.19775390625,23.82269393044893,749.0,0.0,294.0216598510742,0.3925522828452259,0,0,00,#f3f3f3,0,00,#f3f3f3
116,480291211242,G48002901211242,48,029,121124,2,480291211242,Block Group 2,G5030,S,702737.0,0.0,+29.5659834,-098.4656800,4557.08901539,702737.319885,48,029,121124,2,0.2904794996525365,64990.0,783.0,0.0,32867.530544281006,41.976411933947645,781.0,0.0,259335.36930847168,332.0555304845988,784.0,0.0,21154.912231445312,26.983306417659836,784.0,0.0,4158.01123046875,5.303585753148916,784.0,0.0,3.782961070537567,0.004825205447114244,784.0,0.0,16728.5576171875,21.337445940290177,784.0,0.0,264.560094833374,0.337449100552773,0,0,00,#f3f3f3,0,00,#f3f3f3
117,480291212031,G48002901212031,48,029,121203,1,480291212031,Block Group 1,G5030,S,2262571.0,6223.0,+29.5448385,-098.3808363,7351.99381962,2268792.30175,48,029,121203,1,0.5045045045045045,34268.0,2523.0,0.0,108685.30059814453,43.07780443842431,2525.0,0.0,1043175.4001617432,413.13877234128444,2520.0,0.0,41882.85955810547,16.620182364327565,2520.0,0.0,11183.71597290039,4.4379825289287265,2520.0,0.0,660.4692401885986,0.26209096832880896,2520.0,0.0,29144.956665039062,11.56545899406312,2520.0,0.0,893.7148876190186,0.354648764928182,0,1,01,#f3e6b3,0,01,#f3e6b3
118,480291212032,G48002901212032,48,029,121203,2,480291212032,Block Group 2,G5030,S,1744172.0,0.0,+29.5345203,-098.3815226,7409.18578996,1744173.81912,48,029,121203,2,0.9023372287145242,16250.0,1941.0,0.0,83479.59719467163,43.00855084733211,1946.0,0.0,316885.4926261902,162.8394103937257,1941.0,0.0,39247.54528808594,20.220270627555866,1941.0,0.0,9682.464920043945,4.988389963958756,1941.0,0.0,93.97219944000244,0.048414322225658134,1941.0,0.0,28793.016723632812,14.834114746848435,1941.0,0.0,678.0916423797607,0.3493516962286248,2,1,21,#376387,2,21,#376387
119,480291212033,G48002901212033,48,029,121203,3,480291212033,Block Group 3,G5030,S,2568059.0,0.0,+29.5286155,-098.4008247,9206.61231761,2568062.62157,48,029,121203,3,0.8078055964653903,21551.0,2846.0,0.0,122760.41555404663,43.13436948490746,2838.0,0.0,245816.9199333191,86.6162508574063,2853.0,0.0,53194.142486572266,18.644985098693397,2853.0,0.0,14915.400871276855,5.227970862697811,2853.0,0.0,479.7936553955078,0.16817162824938936,2853.0,0.0,36585.689880371094,12.823585657333016,2853.0,0.0,1213.2638473510742,0.42525897208239544,1,1,11,#b3b3b3,1,11,#b3b3b3
120,480291212034,G48002901212034,48,029,121203,4,480291212034,Block Group 4,G5030,S,900934.0,0.0,+29.5216880,-098.4064602,4139.76129872,900935.103137,48,029,121203,4,0.8366701791359326,27389.0,1022.0,0.0,44136.79708099365,43.18668990312491,1007.0,0.0,47185.531341552734,46.85752864106528,994.0,0.0,18943.266235351562,19.057611906792317,994.0,0.0,5290.632232666016,5.322567638496998,994.0,0.0,272.6459655761719,0.2742917158714003,994.0,0.0,12966.377197265625,13.044645067671654,994.0,0.0,413.61220359802246,0.41610885673845316,1,2,12,#b36600,1,12,#b36600
121,480291212041,G48002901212041,48,029,121204,1,480291212041,Block Group 1,G5030,S,2542025.0,28785.0,+29.5294446,-098.4201274,9152.17791143,2570810.32074,48,029,121204,1,0.701188455008489,19693.0,2856.0,0.0,121290.81095123291,42.468771341468106,2864.0,0.0,961540.8265609741,335.7335288271558,2866.0,0.0,53760.64733886719,18.758076531356313,2866.0,0.0,16303.272644042969,5.6885110411873585,2866.0,0.0,535.8984384536743,0.18698480057699732,2866.0,0.0,35478.56463623047,12.379122343416075,2866.0,0.0,1442.912208557129,0.5034585514853904,1,1,11,#b3b3b3,2,21,#376387
122,480291212042,G48002901212042,48,029,121204,2,480291212042,Block Group 2,G5030,S,633115.0,0.0,+29.5204151,-098.4144390,3435.83299496,633113.009503,48,029,121204,2,0.7719869706840391,32957.0,700.0,0.0,29966.72491836548,42.8096070262364,701.0,0.0,74033.77897644043,105.6116675840805,696.0,0.0,13794.249755859375,19.81932436186692,696.0,0.0,2928.5321044921875,4.2076610696726835,696.0,0.0,6.059217423200607,0.008705772159770987,696.0,0.0,10656.678649902344,15.311319899284976,696.0,0.0,202.98052215576172,0.29163868125827835,1,1,11,#b3b3b3,0,01,#f3e6b3
123,480291212043,G48002901212043,48,029,121204,3,480291212043,Block Group 3,G5030,S,358362.0,0.0,+29.5194641,-098.4203255,2453.2490626,358361.833731,48,029,121204,3,0.8369803063457331,28148.0,395.0,0.0,16771.71947479248,42.4600493032721,394.0,0.0,73607.99040222168,186.82231066553726,393.0,0.0,8132.0670166015625,20.692282484991253,393.0,0.0,3411.3218383789062,8.680208240149888,393.0,0.0,1.8266758918762207,0.0046480302592270244,393.0,0.0,4445.55322265625,11.311840261211833,393.0,0.0,273.36515045166016,0.6955856245589317,1,1,11,#b3b3b3,1,11,#b3b3b3
124,480291212044,G48002901212044,48,029,121204,4,480291212044,Block Group 4,G5030,S,440952.0,0.0,+29.5206295,-098.4250843,2841.01542551,440952.860508,48,029,121204,4,0.42391304347826086,29256.0,493.0,0.0,20803.31275177002,42.197388948823566,501.0,0.0,129415.8744354248,258.3151186335825,491.0,0.0,7961.037109375,16.213924866344197,491.0,0.0,2293.712661743164,4.6715125493750795,491.0,0.0,7.290502548217773,0.014848274028956769,491.0,0.0,5450.308685302734,11.100425020983165,491.0,0.0,209.72504234313965,0.42713857911026404,0,0,00,#f3f3f3,1,10,#b4d3e1
125,480291212045,G48002901212045,48,029,121204,5,480291212045,Block Group 5,G5030,S,386754.0,0.0,+29.5355424,-098.4157769,3312.26413189,386754.572368,48,029,121204,5,0.6755609460278957,27643.0,426.0,0.0,18338.98529434204,43.04926125432404,441.0,0.0,71004.6791267395,161.00834269101927,431.0,0.0,4783.0380859375,11.097536162267982,431.0,0.0,1645.1015625,3.816940980278422,431.0,0.0,2.5264211893081665,0.005861766100482985,431.0,0.0,2974.3109130859375,6.900953394630945,431.0,0.0,161.0993881225586,0.37378048288296656,0,1,01,#f3e6b3,1,11,#b3b3b3
126,480291212051,G48002901212051,48,029,121205,1,480291212051,Block Group 1,G5030,S,859687.0,0.0,+29.5433092,-098.4055248,4789.85145609,859687.583745,48,029,121205,1,0.7376286947857855,21758.0,953.0,0.0,41214.20157241821,43.24680123023947,950.0,0.0,55454.302726745605,58.372950238679586,951.0,0.0,15287.48046875,16.075163479232387,951.0,0.0,3248.0225830078125,3.415376007368888,951.0,0.0,11.013185501098633,0.011580636699367647,951.0,0.0,11804.173828125,12.412380471214512,951.0,0.0,224.2694091796875,0.23582482563584384,1,2,12,#b36600,1,12,#b36600
127,480291212052,G48002901212052,48,029,121205,2,480291212052,Block Group 2,G5030,S,2077962.0,37809.0,+29.5383065,-098.4016650,9762.33641422,2115772.35559,48,029,121205,2,0.830078125,21572.0,2362.0,0.0,102101.53348268749,43.22672882416913,2360.0,0.0,357890.18496894836,151.6483834614188,2364.0,0.0,35244.892517089844,14.909006986924638,2364.0,0.0,11466.692306518555,4.850546660963856,2364.0,0.0,692.0385341644287,0.29274049668546054,2364.0,0.0,21985.97250366211,9.300326778198862,2364.0,0.0,1100.1886558532715,0.46539283242524176,1,2,12,#b36600,1,12,#b36600
128,480291212061,G48002901212061,48,029,121206,1,480291212061,Block Group 1,G5030,S,826733.0,0.0,+29.5609999,-098.3854006,4244.43944394,826733.738564,48,029,121206,1,0.4600431965442765,31322.0,925.0,0.0,39920.9595375061,43.15779409460119,913.0,0.0,105672.46269607544,115.74201828704868,921.0,0.0,19331.626953125,20.989822967562432,921.0,0.0,3940.601318359375,4.278611637740907,921.0,0.0,48.51853561401367,0.05268027753964568,921.0,0.0,15082.8330078125,16.37658307037188,921.0,0.0,259.6734924316406,0.28194733163044583,0,2,02,#f3b300,1,12,#b36600
129,480291212062,G48002901212062,48,029,121206,2,480291212062,Block Group 2,G5030,S,462003.0,0.0,+29.5579054,-098.3897811,3430.02759878,462002.944682,48,029,121206,2,0.5086277732128184,34193.0,525.0,0.0,22626.1069011658,43.09734647841105,520.0,0.0,77766.15375518799,149.55029568305383,508.0,0.0,12457.57914352417,24.52279358961451,508.0,0.0,2346.1151905059814,4.618336989185003,508.0,0.0,0.0,0.0,508.0,0.0,9972.070804595947,19.6300606389684,508.0,0.0,139.39314675331116,0.27439595817580936,0,1,01,#f3e6b3,0,01,#f3e6b3
130,480291212063,G48002901212063,48,029,121206,3,480291212063,Block Group 3,G5030,S,783093.0,16237.0,+29.5536928,-098.3955494,3999.57579715,799330.041784,48,029,121206,3,0.5983717774762551,40175.0,888.0,0.0,38267.67842478868,43.09423246034761,888.0,0.0,109098.20170974731,122.85833525872445,895.0,0.0,24363.716796875,27.222029940642457,895.0,0.0,4445.9423828125,4.967533388617318,895.0,0.0,3.1187150478363037,0.0034845978188115124,895.0,0.0,19677.65234375,21.98620373603352,895.0,0.0,237.0034408569336,0.2648083138066297,0,1,01,#f3e6b3,0,01,#f3e6b3
131,480291212064,G48002901212064,48,029,121206,4,480291212064,Block Group 4,G5030,S,504236.0,11882.0,+29.5514981,-098.3872434,3061.50979323,516117.117079,48,029,121206,4,0.7342960288808664,23264.0,568.0,0.0,24417.248856446575,42.98811418388482,572.0,0.0,129392.26194763184,226.2102481601955,573.0,0.0,15369.77685546875,26.823345297502183,573.0,0.0,3053.7350463867188,5.329380534706315,573.0,0.0,2.457089900970459,0.004288115010419649,573.0,0.0,12116.75634765625,21.146171636398343,573.0,0.0,196.82799911499023,0.3435043614572255,1,1,11,#b3b3b3,1,11,#b3b3b3
132,480291212065,G48002901212065,48,029,121206,5,480291212065,Block Group 5,G5030,S,1055972.0,16195.0,+29.5453901,-098.3929515,4622.05661437,1072165.42576,48,029,121206,5,0.8393070489844683,18498.0,1184.0,0.0,50982.25698852539,43.05933867274104,1187.0,0.0,359019.60791778564,302.4596528372246,1196.0,0.0,24989.19482421875,20.89397560553407,1196.0,0.0,5244.32177734375,4.384884429217182,1196.0,0.0,114.44207000732422,0.0956873495044517,1196.0,0.0,19262.5859375,16.10584108486622,1196.0,0.0,367.84657287597656,0.30756402414379314,1,1,11,#b3b3b3,2,21,#376387
133,480291212066,G48002901212066,48,029,121206,6,480291212066,Block Group 6,G5030,S,499071.0,0.0,+29.5505026,-098.4019909,2905.2944801,499070.536932,48,029,121206,6,0.6655716162943495,22520.0,558.0,0.0,24109.64119899244,43.20724229210115,554.0,0.0,40418.006328582764,72.9566901237956,557.0,0.0,11566.132232666016,20.765048891680458,557.0,0.0,2321.553840637207,4.167960216583855,557.0,0.0,7.278351783752441,0.013067058857724311,557.0,0.0,9086.83364868164,16.313884468010126,557.0,0.0,150.46630001068115,0.270136983861187,0,2,02,#f3b300,1,12,#b36600
134,480291213001,G48002901213001,48,029,121300,1,480291213001,Block Group 1,G5030,S,1661550.0,2711.0,+29.5287697,-098.3779594,5799.97546685,1664262.23808,48,029,121300,1,0.6523754345307069,28991.0,1860.0,0.0,79124.93979263306,42.540290211093044,1851.0,0.0,474083.7072753906,256.12301851722884,1855.0,0.0,38815.1259765625,20.924596213780323,1855.0,0.0,9367.734375,5.049991576819407,1855.0,0.0,95.31903076171875,0.05138492224351415,1855.0,0.0,28639.4716796875,15.439068290936659,1855.0,0.0,712.5994567871094,0.3841506505590886,0,1,01,#f3e6b3,1,11,#b3b3b3
135,480291213002,G48002901213002,48,029,121300,2,480291213002,Block Group 2,G5030,S,1342426.0,0.0,+29.5160673,-098.3913520,5302.27714154,1342427.56435,48,029,121300,2,0.6172938350680545,47928.0,1502.0,0.0,64892.07286453247,43.203776873856505,1499.0,0.0,244385.67420196533,163.03247111538715,1490.0,0.0,29813.927734375,20.0093474727349,1490.0,0.0,6531.4677734375,4.3835354184144295,1490.0,0.0,133.82647132873535,0.08981642371056064,1490.0,0.0,22686.97216796875,15.22615581742869,1490.0,0.0,461.663330078125,0.30984116112625837,0,2,02,#f3b300,0,02,#f3b300
136,480291213003,G48002901213003,48,029,121300,3,480291213003,Block Group 3,G5030,S,799915.0,0.0,+29.5136955,-098.3825985,5234.1659944,799914.792916,48,029,121300,3,0.34453227931488806,29206.0,900.0,0.0,38581.22599029541,42.86802887810601,910.0,0.0,236740.30781555176,260.15418441269424,903.0,0.0,21014.55078125,23.271927775470655,903.0,0.0,5155.52734375,5.709332606589148,903.0,0.0,20.549211025238037,0.022756601356852754,903.0,0.0,15449.2177734375,17.108768298380397,903.0,0.0,389.25543212890625,0.43106913857021734,0,1,01,#f3e6b3,1,11,#b3b3b3
137,480291213004,G48002901213004,48,029,121300,4,480291213004,Block Group 4,G5030,S,1299169.0,1375.0,+29.5161920,-098.3759196,4688.68426026,1300544.49737,48,029,121300,4,0.39,39286.0,1452.0,0.0,61930.511878967285,42.651867685239175,1439.0,0.0,519021.763381958,360.68225391379985,1432.0,0.0,38415.19140625,26.826250982018156,1432.0,0.0,7621.63623046875,5.322371669321753,1432.0,0.0,111.93732452392578,0.07816852271223867,1432.0,0.0,30179.060546875,21.074762951728353,1432.0,0.0,502.5553283691406,0.35094645835833843,0,1,01,#f3e6b3,0,01,#f3e6b3
138,480291214021,G48002901214021,48,029,121402,1,480291214021,Block Group 1,G5030,S,2337377.0,14089.0,+29.4964736,-098.3655420,8434.27550478,2351466.46024,48,029,121402,1,0.8322256152326208,27068.0,2620.0,0.0,112222.71520528168,42.83309740659606,2619.0,0.0,346380.4630699158,132.25676329511867,2611.0,0.0,51670.298095703125,19.789466907584497,2611.0,0.0,10855.066116333008,4.157436275883955,2611.0,0.0,151.53047263622284,0.05803541655925808,2611.0,0.0,39916.65734863281,15.28788102207308,2611.0,0.0,747.0466947555542,0.2861151645942375,1,1,11,#b3b3b3,1,11,#b3b3b3
139,480291214022,G48002901214022,48,029,121402,2,480291214022,Block Group 2,G5030,S,1209221.0,1352.0,+29.4858368,-098.3779266,4759.27249113,1210571.45498,48,029,121402,2,0.8320987654320988,15245.0,1348.0,0.0,58069.923290252686,43.07857810849606,1343.0,0.0,78648.2594833374,58.561622846863294,1350.0,0.0,30543.005981445312,22.624448875144676,1350.0,0.0,7004.527572631836,5.188538942690249,1350.0,0.0,133.27230072021484,0.0987202227557147,1350.0,0.0,22830.02947998047,16.91113294813368,1350.0,0.0,575.1759691238403,0.4260562734250669,1,1,11,#b3b3b3,2,21,#376387
140,480291214023,G48002901214023,48,029,121402,3,480291214023,Block Group 3,G5030,S,1026813.0,3739.0,+29.4892964,-098.3650642,4638.13043882,1030550.74954,48,029,121402,3,0.7215592680986476,24401.0,1136.0,0.0,48798.05043627725,42.95603031362434,1151.0,0.0,119378.93583679199,103.71758109191312,1151.0,0.0,25612.171875,22.252104148566463,1151.0,0.0,5201.38330078125,4.519012424657906,1151.0,0.0,60.9185848236084,0.052926659273334835,1151.0,0.0,20011.76953125,17.386420096655083,1151.0,0.0,338.09930419921875,0.293743965420694,1,1,11,#b3b3b3,1,11,#b3b3b3
141,480291214031,G48002901214031,48,029,121403,1,480291214031,Block Group 1,G5030,S,2030205.0,8119.0,+29.5039214,-098.3745578,6443.51687649,2038325.49482,48,029,121403,1,0.8942537909018355,22002.0,2259.0,0.0,96773.75609588623,42.83920145900232,2254.0,0.0,536071.9450073242,237.8313864273843,2269.0,0.0,46227.416748046875,20.373475869566715,2269.0,0.0,10247.199523925781,4.51617431640625,2269.0,0.0,252.43414306640625,0.11125347865421166,2269.0,0.0,35021.796875,15.434903867342442,2269.0,0.0,705.9865646362305,0.31114436519886757,2,1,21,#376387,1,11,#b3b3b3
142,480291214032,G48002901214032,48,029,121403,2,480291214032,Block Group 2,G5030,S,1613070.0,0.0,+29.5031895,-098.3938502,5282.52986207,1613066.65176,48,029,121403,2,0.7868480725623583,17846.0,1795.0,0.0,77891.15203080862,43.393399460060515,1793.0,0.0,124134.62990570068,69.23292242370367,1801.0,0.0,31800.024658203125,17.65687099289457,1801.0,0.0,7694.741455078125,4.272482762397626,1801.0,0.0,363.4856262207031,0.2018243343812899,1801.0,0.0,23155.7412109375,12.85715780729456,1801.0,0.0,586.0553321838379,0.32540551481612323,1,2,12,#b36600,2,22,#000000
143,480291214033,G48002901214033,48,029,121403,3,480291214033,Block Group 3,G5030,S,860928.0,0.0,+29.5040054,-098.3853161,4262.12630981,860928.400778,48,029,121403,3,0.7618781442146451,25560.0,938.0,0.0,40494.74700546265,43.17137207405399,950.0,0.0,99534.90509414673,104.77358430962813,957.0,0.0,21498.772705078125,22.464757267584247,957.0,0.0,5350.3428955078125,5.590744927385384,957.0,0.0,22.299168348312378,0.023301116351423592,957.0,0.0,15794.070556640625,16.503730989175157,957.0,0.0,332.06084060668945,0.3469810246673871,1,2,12,#b36600,1,12,#b36600
144,480291214041,G48002901214041,48,029,121404,1,480291214041,Block Group 1,G5030,S,1829498.0,390.0,+29.4900479,-098.3971346,5726.82550334,1829889.87132,48,029,121404,1,0.6673611111111111,18987.0,2030.0,0.0,88242.69141507085,43.469306115798446,2039.0,0.0,35932.15846967697,17.62244162318635,2034.0,0.0,41021.373046875,20.167833356379056,2034.0,0.0,8546.73486328125,4.201934544386062,2034.0,0.0,401.3910217285156,0.1973407186472545,2034.0,0.0,31581.4619140625,15.526775768958949,2034.0,0.0,491.78721618652344,0.241783292127101,0,2,02,#f3b300,2,22,#000000
145,480291214042,G48002901214042,48,029,121404,2,480291214042,Block Group 2,G5030,S,688471.0,0.0,+29.4871943,-098.3845568,5061.39799071,688470.544049,48,029,121404,2,0.7652254765225477,10506.0,793.0,0.0,34383.99157767495,43.359384082818345,767.0,0.0,27660.92051935196,36.063781641919114,748.0,0.0,11976.652587890625,16.01156763086982,748.0,0.0,3400.367431640625,4.545945764225435,748.0,0.0,192.15214249491692,0.2568878910359852,748.0,0.0,8139.523681640625,10.88171615192597,748.0,0.0,244.6097869873047,0.3270184318012095,1,2,12,#b36600,2,22,#000000
146,480291214043,G48002901214043,48,029,121404,3,480291214043,Block Group 3,G5030,S,4143580.0,0.0,+29.4753919,-098.3938747,8838.01530098,4143575.03709,48,029,121404,3,0.9795158286778398,12959.0,4563.0,0.0,198121.19600622763,43.41906552843034,4603.0,0.0,523150.50103354454,113.6542474546045,4635.0,0.0,73789.50830078125,15.92006651581041,4635.0,0.0,21016.359497070312,4.5342738936505524,4635.0,0.0,2018.173454284668,0.435420378486444,4635.0,0.0,49219.97106933594,10.619195484214874,4635.0,0.0,1535.0050163269043,0.33117691830138174,2,2,22,#000000,2,22,#000000
147,480291215011,G48002901215011,48,029,121501,1,480291215011,Block Group 1,G5030,S,2333348.0,0.0,+29.5467210,-098.3558848,6519.29301599,2333349.30773,48,029,121501,1,0.6578947368421053,40197.0,2598.0,0.0,110754.78244818695,42.630786161734775,2596.0,0.0,917865.7433166504,353.5692385657359,2596.0,0.0,55426.50866699219,21.350735233818256,2596.0,0.0,13572.907165527344,5.22839259072702,2596.0,0.0,511.5435166358948,0.1970506612619009,2596.0,0.0,40301.117248535156,15.524313269851755,2596.0,0.0,1040.9412269592285,0.40097890098583533,0,1,01,#f3e6b3,0,01,#f3e6b3
148,480291215012,G48002901215012,48,029,121501,2,480291215012,Block Group 2,G5030,S,1326339.0,21080.0,+29.5343987,-098.3487385,5356.65380882,1347419.25816,48,029,121501,2,0.8129406885109913,48651.0,1499.0,0.0,64009.398319244385,42.70139981270473,1499.0,0.0,228221.47777557373,152.2491512845722,1499.0,0.0,31028.060546875,20.699173146681122,1499.0,0.0,7157.3734130859375,4.7747654523588645,1499.0,0.0,28.06619644165039,0.0187232798143098,1499.0,0.0,23303.0283203125,15.545716024224483,1499.0,0.0,539.5939178466797,0.359969258069833,1,1,11,#b3b3b3,0,01,#f3e6b3
149,480291215013,G48002901215013,48,029,121501,3,480291215013,Block Group 3,G5030,S,1582012.0,0.0,+29.5313414,-098.3420195,5805.15736627,1582010.04704,48,029,121501,3,0.5336835599505563,33276.0,1760.0,0.0,75297.83322525024,42.782859787074,1759.0,0.0,230775.91352844238,131.19722201730664,1761.0,0.0,35189.134033203125,19.982472477684908,1761.0,0.0,10344.679626464844,5.87432119617538,1761.0,0.0,143.03846645355225,0.08122570497078492,1761.0,0.0,23808.567626953125,13.51991347356793,1761.0,0.0,892.8458595275879,0.5070107095557002,0,1,01,#f3e6b3,0,01,#f3e6b3
150,480291215014,G48002901215014,48,029,121501,4,480291215014,Block Group 4,G5030,S,969054.0,0.0,+29.5409045,-098.3521244,6234.75072351,969053.583279,48,029,121501,4,0.6596417281348788,33405.0,1075.0,0.0,45878.066206514326,42.67727088978077,1080.0,0.0,229913.2479171753,212.8826369603475,1079.0,0.0,21230.27215576172,19.67587780886165,1079.0,0.0,5474.9550857543945,5.0741010989382715,1079.0,0.0,59.25201416015625,0.05491382220589087,1079.0,0.0,15254.954788208008,14.138048923269702,1079.0,0.0,441.1106610298157,0.40881432903597376,0,1,01,#f3e6b3,0,01,#f3e6b3
151,480291215041,G48002901215041,48,029,121504,1,480291215041,Block Group 1,G5030,S,505548.0,0.0,+29.5372600,-098.3687817,3337.7272909,505548.099764,48,029,121504,1,0.35478408128704486,29646.0,558.0,0.0,23951.826915740967,42.92442099595155,562.0,0.0,68254.30648040771,121.44894391531622,562.0,0.0,12538.216552734375,22.309993866075402,562.0,0.0,2363.3646850585938,4.205275240317783,562.0,0.0,0.0,0.0,562.0,0.0,10033.74365234375,17.85363639207073,562.0,0.0,141.10855102539062,0.2510828310060331,0,1,01,#f3e6b3,1,11,#b3b3b3
152,480291215042,G48002901215042,48,029,121504,2,480291215042,Block Group 2,G5030,S,327627.0,0.0,+29.5335794,-098.3753288,2626.15463966,327627.180092,48,029,121504,2,0.7355242566510172,30709.0,366.0,0.0,15686.487453460693,42.8592553373243,367.0,0.0,40825.24465179443,111.24044864249164,362.0,0.0,4208.2960205078125,11.62512712847462,362.0,0.0,993.5524444580078,2.7446200123149387,362.0,0.0,31.034433364868164,0.08573047890847559,362.0,0.0,3109.399169921875,8.589500469397445,362.0,0.0,74.31026268005371,0.20527696872943013,1,1,11,#b3b3b3,1,11,#b3b3b3
153,480291215043,G48002901215043,48,029,121504,3,480291215043,Block Group 3,G5030,S,1546112.0,0.0,+29.5313929,-098.3637911,6638.24907771,1546112.2069,48,029,121504,3,0.4791174152876281,32419.0,1719.0,0.0,73280.91917419434,42.629970432922825,1724.0,0.0,406236.42430114746,235.63597697282336,1722.0,0.0,35466.39892578125,20.596050479547763,1722.0,0.0,7485.916259765625,4.347221985926612,1722.0,0.0,227.99878120422363,0.13240347340547248,1722.0,0.0,27235.602783203125,15.816261778863604,1722.0,0.0,516.8825569152832,0.3001640864780971,0,1,01,#f3e6b3,1,11,#b3b3b3
154,480291215044,G48002901215044,48,029,121504,4,480291215044,Block Group 4,G5030,S,1002345.0,0.0,+29.5252906,-098.3527356,3981.0259395,1002345.60387,48,029,121504,4,0.6421480144404332,27394.0,1116.0,0.0,47763.43158340454,42.798773820254965,1134.0,0.0,158368.14805603027,139.6544515485276,1120.0,0.0,27030.654296875,24.134512765066965,1120.0,0.0,5711.63037109375,5.099669974190848,1120.0,0.0,5.362569808959961,0.004788008757999965,1120.0,0.0,20920.2490234375,18.67879377092634,1120.0,0.0,393.4116973876953,0.35126044409615653,0,1,01,#f3e6b3,1,11,#b3b3b3
155,480291215045,G48002901215045,48,029,121504,5,480291215045,Block Group 5,G5030,S,512072.0,0.0,+29.5232620,-098.3634489,3315.70891484,512072.019696,48,029,121504,5,0.9081285444234405,29399.0,579.0,0.0,24684.01136779785,42.63214398583394,566.0,0.0,122073.32224273682,215.67724777868696,559.0,0.0,7184.220947265625,12.851915826951029,559.0,0.0,1611.6770935058594,2.883143279974704,559.0,0.0,0.440289169549942,0.00078763715482995,559.0,0.0,5452.037322998047,9.753197357778259,559.0,0.0,120.06679725646973,0.21478854607597447,2,1,21,#376387,1,11,#b3b3b3
156,480291215051,G48002901215051,48,029,121505,1,480291215051,Block Group 1,G5030,S,957523.0,0.0,+29.5275664,-098.3279123,5006.33741492,957525.260563,48,029,121505,1,0.5953146531924667,31400.0,1061.0,0.0,45347.18923187256,42.7400464013879,1068.0,0.0,98457.84362792969,92.18899216098285,1062.0,0.0,19824.24609375,18.66689839336158,1062.0,0.0,4141.347412109375,3.8995738343779425,1062.0,0.0,0.0,0.0,1062.0,0.0,15396.6806640625,14.497816067855462,1062.0,0.0,286.2197265625,0.2695101003413371,0,1,01,#f3e6b3,1,11,#b3b3b3
157,480291215052,G48002901215052,48,029,121505,2,480291215052,Block Group 2,G5030,S,429490.0,0.0,+29.5185904,-098.3201513,2900.47698172,429491.251252,48,029,121505,2,0.6353383458646616,40213.0,478.0,0.0,20373.612266540527,42.62261980447809,479.0,0.0,58148.187896728516,121.39496429379648,478.0,0.0,10622.176025390625,22.222125576131013,478.0,0.0,2033.1787109375,4.253511947567992,478.0,0.0,17.076216101646423,0.03572430146787955,478.0,0.0,8444.9326171875,17.667223048509413,478.0,0.0,126.98884582519531,0.265667041475304,0,1,01,#f3e6b3,0,01,#f3e6b3
158,480291215053,G48002901215053,48,029,121505,3,480291215053,Block Group 3,G5030,S,1843765.0,97780.0,+29.5220212,-098.3330542,7771.63444128,1941542.83095,48,029,121505,3,0.6903876792352629,21109.0,2161.0,0.0,92090.59202575684,42.614804269207234,2160.0,0.0,254431.39059448242,117.79231046040853,2160.0,0.0,36627.28369140625,16.95707578305845,2160.0,0.0,12150.365600585938,5.6251692595305265,2160.0,0.0,106.56331539154053,0.04933486823682432,2160.0,0.0,23191.522705078125,10.7368160671658,2160.0,0.0,1178.8321533203125,0.5457556265371817,1,1,11,#b3b3b3,1,11,#b3b3b3
159,480291215061,G48002901215061,48,029,121506,1,480291215061,Block Group 1,G5030,S,1304357.0,16549.0,+29.5145225,-098.3387572,6305.30420584,1320907.31909,48,029,121506,1,0.4943651389932382,30315.0,1474.0,0.0,63179.69790649414,42.86275298948042,1463.0,0.0,142917.05201339722,97.68766371387369,1467.0,0.0,30321.471435546875,20.6690330167327,1467.0,0.0,6339.235321044922,4.3212238043932665,1467.0,0.0,14.140002250671387,0.009638720007274292,1467.0,0.0,23515.428466796875,16.029603590181917,1467.0,0.0,452.66591453552246,0.3085657222464366,0,1,01,#f3e6b3,1,11,#b3b3b3
160,480291215062,G48002901215062,48,029,121506,2,480291215062,Block Group 2,G5030,S,475118.0,0.0,+29.5083840,-098.3440174,3056.60101603,475117.623364,48,029,121506,2,0.9475833900612661,22894.0,529.0,0.0,22752.72477722168,43.01082188510715,529.0,0.0,28264.830326080322,53.43068114570949,529.0,0.0,12464.12548828125,23.56167389089083,529.0,0.0,2206.45849609375,4.1709990474362,529.0,0.0,3.3946104049682617,0.006417032901641326,529.0,0.0,10135.71435546875,19.16014055854206,529.0,0.0,118.55717086791992,0.22411563491100175,2,1,21,#376387,1,11,#b3b3b3
161,480291215063,G48002901215063,48,029,121506,3,480291215063,Block Group 3,G5030,S,423515.0,0.0,+29.5020733,-098.3462804,2996.94201835,423514.535378,48,029,121506,3,0.8669985775248933,17629.0,470.0,0.0,20188.049987452287,42.953297845643164,472.0,0.0,43028.86814880371,91.16285624746548,470.0,0.0,9797.477661132812,20.84569715134641,470.0,0.0,1855.5621032714844,3.9480044750457113,470.0,0.0,23.982178688049316,0.05102591210223259,470.0,0.0,7810.10205078125,16.617238405917554,470.0,0.0,107.83149719238281,0.22942871743060173,1,1,11,#b3b3b3,2,21,#376387
162,480291215064,G48002901215064,48,029,121506,4,480291215064,Block Group 4,G5030,S,381981.0,0.0,+29.5172855,-098.3348250,3406.01921948,381980.818721,48,029,121506,4,0.4344186046511628,27826.0,424.0,0.0,18084.51274871826,42.652152709241186,423.0,0.0,50116.905418395996,118.47968184017967,426.0,0.0,6989.546875,16.407387030516432,426.0,0.0,1568.1179809570312,3.68102812431228,426.0,0.0,0.0,0.0,426.0,0.0,5306.7509765625,12.45716191681338,426.0,0.0,114.67848587036133,0.2691983236393458,0,1,01,#f3e6b3,1,11,#b3b3b3
163,480291215071,G48002901215071,48,029,121507,1,480291215071,Block Group 1,G5030,S,421558.0,0.0,+29.5174683,-098.3483176,2913.35585592,421557.259723,48,029,121507,1,0.7897838899803536,30542.0,469.0,0.0,20136.08060836792,42.934073791829256,470.0,0.0,49250.06864929199,104.78738010487658,465.0,0.0,9435.4423828125,20.291273941532257,465.0,0.0,1881.368408203125,4.045953566028226,465.0,0.0,0.0,0.0,465.0,0.0,7432.40576171875,15.983668304771506,465.0,0.0,121.66720962524414,0.261649913172568,1,1,11,#b3b3b3,1,11,#b3b3b3
164,480291215072,G48002901215072,48,029,121507,2,480291215072,Block Group 2,G5030,S,896583.0,10404.0,+29.5140403,-098.3665450,4462.09632386,906986.331146,48,029,121507,2,0.7107438016528926,33080.0,1008.0,0.0,43082.33857727051,42.740415255228676,1004.0,0.0,221957.04864501953,221.07275761456128,1012.0,0.0,28167.1123046875,27.833114925580535,1012.0,0.0,5277.7470703125,5.215165089241601,1012.0,0.0,34.98107147216797,0.034566276158268745,1012.0,0.0,22539.634765625,22.272366369194664,1012.0,0.0,314.7472610473633,0.31101508008632733,1,1,11,#b3b3b3,0,01,#f3e6b3
165,480291215073,G48002901215073,48,029,121507,3,480291215073,Block Group 3,G5030,S,573314.0,0.0,+29.5169074,-098.3585532,3828.60385487,573312.560937,48,029,121507,3,0.7852233676975945,28100.0,631.0,0.0,27049.402294158936,42.86751552164649,634.0,0.0,75395.43269348145,118.92024084145338,639.0,0.0,17358.4189453125,27.164974875293428,639.0,0.0,3002.972412109375,4.69948734289417,639.0,0.0,0.0,0.0,639.0,0.0,14199.025390625,22.220697011932707,639.0,0.0,156.4201889038086,0.2447890280184798,1,1,11,#b3b3b3,1,11,#b3b3b3
166,480291215074,G48002901215074,48,029,121507,4,480291215074,Block Group 4,G5030,S,768179.0,0.0,+29.5149526,-098.3524957,4637.73562489,768178.481357,48,029,121507,4,0.8122222222222222,19575.0,846.0,0.0,36331.10153961182,42.94456446762626,847.0,0.0,76591.2472190857,90.42650202961711,858.0,0.0,17003.8994140625,19.818064585154428,858.0,0.0,3488.6557006835938,4.066032285179014,858.0,0.0,0.0,0.0,858.0,0.0,13278.19921875,15.47575666520979,858.0,0.0,237.0445556640625,0.27627570590217077,1,1,11,#b3b3b3,2,21,#376387
167,480291215081,G48002901215081,48,029,121508,1,480291215081,Block Group 1,G5030,S,1127255.0,0.0,+29.5074116,-098.3634997,4288.98645976,1127253.58745,48,029,121508,1,0.8017832647462277,22302.0,1251.0,0.0,53615.06940193141,42.857769306100245,1254.0,0.0,193482.40477752686,154.29218881780452,1258.0,0.0,30950.525390625,24.6029613597973,1258.0,0.0,5874.99267578125,4.670105465644872,1258.0,0.0,86.73363494873047,0.06894565576210689,1258.0,0.0,24633.6279296875,19.58158023027623,1258.0,0.0,355.1714782714844,0.2823302688962515,1,1,11,#b3b3b3,1,11,#b3b3b3
168,480291215082,G48002901215082,48,029,121508,2,480291215082,Block Group 2,G5030,S,692855.0,0.0,+29.5065791,-098.3542585,3902.3033107,692855.07246,48,029,121508,2,0.8858589793533307,17751.0,771.0,0.0,33110.075399838155,42.944326069828996,772.0,0.0,74532.57157897949,96.54478183805634,767.0,0.0,15639.8583984375,20.3909496720176,767.0,0.0,2920.7402954101562,3.8080056002739977,767.0,0.0,5.945809841156006,0.007752033691207309,767.0,0.0,12540.437255859375,16.34998338443204,767.0,0.0,172.7362823486328,0.22521027685610537,2,1,21,#376387,2,21,#376387
169,480291215083,G48002901215083,48,029,121508,3,480291215083,Block Group 3,G5030,S,413035.0,0.0,+29.5033916,-098.3508982,3284.13379331,413036.883156,48,029,121508,3,0.691437802907916,30432.0,464.0,0.0,19906.92820405176,42.90286250873224,458.0,0.0,48553.33967971802,106.01165868934065,459.0,0.0,10946.714752197266,23.84905174770646,459.0,0.0,2265.52437210083,4.935782945753442,459.0,0.0,3.3414803743362427,0.00727991366957787,459.0,0.0,8523.55484008789,18.569836252914794,459.0,0.0,154.2934775352478,0.3361513671791891,1,1,11,#b3b3b3,1,11,#b3b3b3
170,480291216011,G48002901216011,48,029,121601,1,480291216011,Block Group 1,G5030,S,595217.0,0.0,+29.5540663,-098.3200696,4173.10955948,595217.065917,48,029,121601,1,0.700277520814061,34414.0,661.0,0.0,28409.778189286437,42.97999726064514,663.0,0.0,51422.34874534607,77.56010368830478,663.0,0.0,11661.2080078125,17.588549031391402,663.0,0.0,2377.0910034179688,3.5853559629230296,663.0,0.0,3.1632680892944336,0.004771143422766868,663.0,0.0,9127.2099609375,13.766530861142535,663.0,0.0,153.74433517456055,0.23189190825725572,1,1,11,#b3b3b3,0,01,#f3e6b3
171,480291216012,G48002901216012,48,029,121601,2,480291216012,Block Group 2,G5030,S,610501.0,0.0,+29.5515824,-098.3125169,3728.28509424,610498.78455,48,029,121601,2,0.3858321870701513,34435.0,681.0,0.0,29228.515286049238,42.91999307789903,679.0,0.0,69261.7734298706,102.0055573341246,678.0,0.0,15395.29296875,22.70692178281711,678.0,0.0,2887.3950805664062,4.258694809094995,678.0,0.0,11.921401977539062,0.017583188757432245,678.0,0.0,12328.079345703125,18.183007884517885,678.0,0.0,167.89724349975586,0.2476360523595219,0,1,01,#f3e6b3,0,01,#f3e6b3
172,480291216041,G48002901216041,48,029,121604,1,480291216041,Block Group 1,G5030,S,902053.0,941.0,+29.5424014,-098.3165330,5803.86479455,902994.065719,48,029,121604,1,0.6190476190476191,26842.0,1004.0,0.0,42926.03479003906,42.755014731114606,1003.0,0.0,107766.71218109131,107.44437904395943,1004.0,0.0,19357.30126953125,19.28018054734188,1004.0,0.0,3817.4993896484375,3.8022902287335034,1004.0,0.0,23.010349988937378,0.022918675287786232,1004.0,0.0,15278.11474609375,15.217245763041584,1004.0,0.0,238.67648887634277,0.23772558653022188,0,1,01,#f3e6b3,1,11,#b3b3b3
173,480291216042,G48002901216042,48,029,121604,2,480291216042,Block Group 2,G5030,S,1509864.0,7297.0,+29.5299609,-098.3136329,7282.2132864,1517158.67481,48,029,121604,2,0.8668192219679633,36606.0,1685.0,0.0,71704.71379089355,42.55472628539677,1685.0,0.0,287502.46630859375,170.62460908521885,1688.0,0.0,35976.414794921875,21.313041940119593,1688.0,0.0,8026.054931640625,4.75477187893402,1688.0,0.0,112.81438255310059,0.06683316501960936,1688.0,0.0,27247.329345703125,16.14178278773882,1688.0,0.0,590.2189483642578,0.3496557750973091,1,1,11,#b3b3b3,0,01,#f3e6b3
174,480291216043,G48002901216043,48,029,121604,3,480291216043,Block Group 3,G5030,S,401071.0,0.0,+29.5221084,-098.3162503,3171.85715317,401071.556376,48,029,121604,3,0.6724890829694323,26323.0,443.0,0.0,18853.78310775757,42.55932981435117,447.0,0.0,64699.54662322998,144.74171504078296,446.0,0.0,9908.162109375,22.21561011070628,446.0,0.0,2012.144775390625,4.511535370830997,446.0,0.0,33.53059387207031,0.07518070374903657,446.0,0.0,7733.580078125,17.33986564602018,446.0,0.0,128.90670776367188,0.28902849274365894,0,1,01,#f3e6b3,1,11,#b3b3b3
175,480291216044,G48002901216044,48,029,121604,4,480291216044,Block Group 4,G5030,S,1089643.0,0.0,+29.5296825,-098.3210263,6370.44018379,1089643.17456,48,029,121604,4,0.5992366412213741,33166.0,1224.0,0.0,52192.94888687134,42.641298110189,1212.0,0.0,152331.72751617432,125.68624382522633,1211.0,0.0,24514.40576171875,20.243109629825558,1211.0,0.0,4973.563858032227,4.106989147838338,1211.0,0.0,45.53204965591431,0.03759871978192759,1211.0,0.0,19171.23876953125,15.830915581776425,1211.0,0.0,324.07213306427,0.2676070462958464,0,1,01,#f3e6b3,0,01,#f3e6b3
176,480291216045,G48002901216045,48,029,121604,5,480291216045,Block Group 5,G5030,S,968595.0,3784.0,+29.5338349,-098.3105772,4519.59045838,972379.051242,48,029,121604,5,0.510356985456148,36212.0,1082.0,0.0,46074.598751068115,42.58280845754909,1082.0,0.0,113308.91191101074,104.72173004714486,1082.0,0.0,22060.266689300537,20.38841653354948,1082.0,0.0,4708.59361076355,4.3517501023692695,1082.0,0.0,29.321400225162506,0.027099260836564238,1082.0,0.0,16978.675199508667,15.691936413593963,1082.0,0.0,343.6778299808502,0.317632005527588,0,1,01,#f3e6b3,0,01,#f3e6b3
177,480291216051,G48002901216051,48,029,121605,1,480291216051,Block Group 1,G5030,S,615867.0,0.0,+29.5439832,-098.3363278,4901.2692677,615866.157964,48,029,121605,1,0.45088940448569215,27554.0,681.0,0.0,29164.84846981896,42.826502892538855,682.0,0.0,96798.92980194092,141.93391466560252,688.0,0.0,19523.2939453125,28.376880734465843,688.0,0.0,3223.0494384765625,4.684664881506632,688.0,0.0,0.0,0.0,688.0,0.0,16149.16064453125,23.472617215888445,688.0,0.0,151.08334350585938,0.21959788300270258,0,1,01,#f3e6b3,1,11,#b3b3b3
178,480291216052,G48002901216052,48,029,121605,2,480291216052,Block Group 2,G5030,S,2218627.0,94451.0,+29.5473967,-098.3250755,8233.54090945,2313075.97242,48,029,121605,2,0.5642276422764227,35409.0,2576.0,0.0,109789.71179657755,42.62022973469625,2576.0,0.0,860606.8494110107,334.0865098645228,2574.0,0.0,47276.18505859375,18.366816262079933,2574.0,0.0,13555.134033203125,5.266174838074252,2574.0,0.0,431.96321630477905,0.167817877352284,2574.0,0.0,32057.12255859375,12.45420456821824,2574.0,0.0,1231.9670104980469,0.4786196621981534,0,1,01,#f3e6b3,0,01,#f3e6b3
179,480291216061,G48002901216061,48,029,121606,1,480291216061,Block Group 1,G5030,S,593256.0,0.0,+29.5565440,-098.3422872,3147.8122699,593256.559834,48,029,121606,1,0.5206896551724138,32533.0,656.0,0.0,28182.000341560008,42.96036637432928,660.0,0.0,125964.09904098511,190.8546955166441,660.0,0.0,14662.266540527344,22.21555536443537,660.0,0.0,3878.978073120117,5.87723950472745,660.0,0.0,6.0308661460876465,0.009137675978920677,660.0,0.0,10494.670776367188,15.901016327829073,660.0,0.0,282.5877437591553,0.4281632481199322,0,1,01,#f3e6b3,1,11,#b3b3b3
180,480291216062,G48002901216062,48,029,121606,2,480291216062,Block Group 2,G5030,S,1281419.0,0.0,+29.5601670,-098.3323110,5302.91920091,1281418.76414,48,029,121606,2,0.6797546012269939,34392.0,1426.0,0.0,61515.08638702164,43.13820924756076,1420.0,0.0,164957.69829940796,116.16739316859716,1428.0,0.0,27320.204299926758,19.131795728240025,1428.0,0.0,7483.321186065674,5.24042099864543,1428.0,0.0,212.6565704345703,0.14891916697098762,1428.0,0.0,18958.6909866333,13.276394248342648,1428.0,0.0,665.5372316837311,0.46606248717348114,0,2,02,#f3b300,0,02,#f3b300
181,480291216063,G48002901216063,48,029,121606,3,480291216063,Block Group 3,G5030,S,586667.0,0.0,+29.5529878,-098.3363136,3331.49563796,586666.720025,48,029,121606,3,0.3851080864691754,33329.0,655.0,0.0,28166.66033105649,43.00253485657479,653.0,0.0,40813.67007827759,62.501791850348525,655.0,0.0,19258.98046875,29.403023616412213,655.0,0.0,3076.281005859375,4.696612222686069,655.0,0.0,0.8100558519363403,0.0012367264915058632,655.0,0.0,16048.466796875,24.50147602576336,655.0,0.0,133.42095947265625,0.2036961213322996,0,1,01,#f3e6b3,0,01,#f3e6b3
182,480291216064,G48002901216064,48,029,121606,4,480291216064,Block Group 4,G5030,S,399085.0,0.0,+29.5496148,-098.3418349,2900.03190891,399085.821678,48,029,121606,4,0.5928659286592866,28052.0,448.0,0.0,19244.477397198858,42.95642276160459,446.0,0.0,29869.612155914307,66.97222456483028,443.0,0.0,13079.26644897461,29.52430349655668,443.0,0.0,2134.603313446045,4.818517637575722,443.0,0.0,0.0,0.0,443.0,0.0,10848.664367675781,24.4890843514126,443.0,0.0,95.99955010414124,0.2167032733727793,0,1,01,#f3e6b3,1,11,#b3b3b3
183,480291217021,G48002901217021,48,029,121702,1,480291217021,Block Group 1,G5030,S,3086691.0,6815.0,+29.5700105,-098.3095665,9226.0345251,3093508.4931,48,029,121702,1,0.39991142604074403,49453.0,3450.0,0.0,145770.97483444214,42.252456473751344,3441.0,0.0,1497232.042755127,435.11538586315805,3448.0,0.0,68497.78076171875,19.86594569655416,3448.0,0.0,20515.239013671875,5.9498953055892905,3448.0,0.0,259.42252945899963,0.07523855262732008,3448.0,0.0,45779.59033203125,13.277143367758484,3448.0,0.0,1943.5264282226562,0.5636677576051787,0,0,00,#f3f3f3,0,00,#f3f3f3
184,480291217022,G48002901217022,48,029,121702,2,480291217022,Block Group 2,G5030,S,1578718.0,0.0,+29.5689336,-098.3242213,6158.70685776,1578715.32506,48,029,121702,2,0.5692068429237946,23116.0,1765.0,0.0,75835.65252681955,42.96637536930287,1752.0,0.0,406331.9588060379,231.92463402171114,1761.0,0.0,40607.34228515625,23.059251723541312,1761.0,0.0,7699.191711425781,4.372056622047576,1761.0,0.0,444.4781188964844,0.25240097609113255,1761.0,0.0,31995.95849609375,18.16919846456204,1761.0,0.0,467.71484375,0.26559616340147646,0,1,01,#f3e6b3,1,11,#b3b3b3
185,480291217023,G48002901217023,48,029,121702,3,480291217023,Block Group 3,G5030,S,1491490.0,0.0,+29.5610069,-098.3165573,5081.35376542,1491491.07303,48,029,121702,3,0.4917591658257652,25841.0,1657.0,0.0,70808.28928919113,42.73282395243883,1663.0,0.0,348425.7180233002,209.51636682098626,1661.0,0.0,42027.5,25.302528597230584,1661.0,0.0,8390.36181640625,5.051391822038681,1661.0,0.0,21.607524871826172,0.01300874465492244,1661.0,0.0,33071.37890625,19.910523122366044,1661.0,0.0,544.1539154052734,0.32760621035838255,0,1,01,#f3e6b3,1,11,#b3b3b3
186,480291218021,G48002901218021,48,029,121802,1,480291218021,Block Group 1,G5030,S,2720913.0,5643.0,+29.5668293,-098.3467140,7171.8838268,2726555.51347,48,029,121802,1,0.5868263473053892,38573.0,3043.0,0.0,129982.72172781419,42.71532097529221,3037.0,0.0,1029093.1216125488,338.8518675049552,3031.0,0.0,60240.21875,19.87470100626856,3031.0,0.0,13165.853515625,4.343732601657869,3031.0,0.0,394.64125061035156,0.13020166631816285,3031.0,0.0,45742.10205078125,15.091422649548417,3031.0,0.0,937.6258239746094,0.3093453724759516,0,1,01,#f3e6b3,0,01,#f3e6b3
187,480291218022,G48002901218022,48,029,121802,2,480291218022,Block Group 2,G5030,S,1357100.0,897.0,+29.5712341,-098.3627903,4958.19467819,1357997.68803,48,029,121802,2,0.6502301117685734,18861.0,1514.0,0.0,64839.92620948747,42.8268997420657,1512.0,0.0,178287.6256866455,117.91509635360153,1515.0,0.0,29343.667724609375,19.368757573999588,1515.0,0.0,6294.942626953125,4.155077641553218,1515.0,0.0,21.719265460968018,0.014336148819120804,1515.0,0.0,22589.899169921875,14.910824534601897,1515.0,0.0,437.10788345336914,0.2885200550847321,0,1,01,#f3e6b3,2,21,#376387
188,480291218023,G48002901218023,48,029,121802,3,480291218023,Block Group 3,G5030,S,3014725.0,51558.0,+29.5791328,-098.3547831,6932.64924091,3066278.95775,48,029,121802,3,0.7246882793017456,23333.0,3414.0,0.0,144531.61865860096,42.33497910328089,3415.0,0.0,1470959.9920806885,430.7349903603773,3414.0,0.0,70318.68420410156,20.59715413125412,3414.0,0.0,15151.190002441406,4.4379584072763345,3414.0,0.0,380.2049512863159,0.11136641806863384,3414.0,0.0,53765.12939453125,15.748426887677578,3414.0,0.0,1022.1643924713135,0.29940374706248196,1,0,10,#b4d3e1,1,10,#b4d3e1
189,480291218024,G48002901218024,48,029,121802,4,480291218024,Block Group 4,G5030,S,1605138.0,0.0,+29.5615965,-098.3566416,5477.07427305,1605136.32152,48,029,121802,4,0.7574992106094095,20069.0,1786.0,0.0,76505.37476334436,42.83615608249964,1788.0,0.0,199362.59663963318,111.50033369107001,1787.0,0.0,30216.725463867188,16.90919164178354,1787.0,0.0,10650.664077758789,5.960080625494566,1787.0,0.0,231.09264183044434,0.12931876991071312,1787.0,0.0,18395.359893798828,10.293989867822512,1787.0,0.0,939.6089239120483,0.5258024196486001,1,1,11,#b3b3b3,2,21,#376387
190,480291218031,G48002901218031,48,029,121803,1,480291218031,Block Group 1,G5030,S,949138.0,1509.0,+29.5558177,-098.3619053,5171.34390534,950646.926078,48,029,121803,1,0.4943037974683544,29774.0,1059.0,0.0,45420.03709747584,42.88955344426425,1061.0,0.0,157973.38755989075,148.89103445795547,1056.0,0.0,21534.9697265625,20.39296375621449,1056.0,0.0,7477.25390625,7.080732865767046,1056.0,0.0,19.05751609802246,0.01804689024433945,1056.0,0.0,13375.4482421875,12.666144168738162,1056.0,0.0,663.2112731933594,0.6280409784028025,0,1,01,#f3e6b3,1,11,#b3b3b3
191,480291218032,G48002901218032,48,029,121803,2,480291218032,Block Group 2,G5030,S,618999.0,0.0,+29.5511637,-098.3688835,4132.96619045,618999.270219,48,029,121803,2,0.6903460837887068,25204.0,689.0,0.0,29657.490356445312,43.04425305725009,689.0,0.0,124414.08058166504,180.57196020560963,689.0,0.0,15183.68310546875,22.037275915048983,689.0,0.0,3970.5747680664062,5.762808081373594,689.0,0.0,117.06521606445312,0.1699059739687273,689.0,0.0,10827.5322265625,15.714850836810594,689.0,0.0,268.5114440917969,0.38971182016225964,1,1,11,#b3b3b3,1,11,#b3b3b3
192,480291218033,G48002901218033,48,029,121803,3,480291218033,Block Group 3,G5030,S,1363910.0,3239.0,+29.5585820,-098.3676595,5560.58328327,1367149.65844,48,029,121803,3,0.7067464635473341,29320.0,1523.0,0.0,65704.99674092866,43.14182320481199,1525.0,0.0,132367.34294509888,86.7982576689173,1521.0,0.0,31125.03466796875,20.463533641005096,1521.0,0.0,11747.258911132812,7.723378639798036,1521.0,0.0,109.65773963928223,0.07209581830327562,1521.0,0.0,18210.228271484375,11.972536667642586,1521.0,0.0,1057.889533996582,0.6955223760661289,1,2,12,#b36600,1,12,#b36600
193,480291218041,G48002901218041,48,029,121804,1,480291218041,Block Group 1,G5030,S,821239.0,0.0,+29.5720495,-098.3734516,4147.00228944,821241.29874,48,029,121804,1,0.5417607223476297,24287.0,916.0,0.0,39459.192768096924,43.07772136255123,913.0,0.0,65787.46472930908,72.05636881632977,914.0,0.0,17657.8515625,19.319312431619256,914.0,0.0,3629.2572021484375,3.970740921387787,914.0,0.0,0.490083783864975,0.0005361967000710886,914.0,0.0,13782.994140625,15.079862298276804,914.0,0.0,245.11106872558594,0.2681740358047986,0,1,01,#f3e6b3,1,11,#b3b3b3
194,480291218042,G48002901218042,48,029,121804,2,480291218042,Block Group 2,G5030,S,1090489.0,0.0,+29.5632217,-098.3753044,5288.24948787,1090486.79954,48,029,121804,2,0.7325102880658436,25274.0,1213.0,0.0,52379.92066574097,43.18212750679387,1222.0,0.0,82120.7605266571,67.20193169120876,1218.0,0.0,25582.8125,21.003951149425287,1218.0,0.0,4882.884765625,4.008936589183087,1218.0,0.0,20.872995376586914,0.017137106220514706,1218.0,0.0,20388.7998046875,16.739572910252463,1218.0,0.0,290.25299072265625,0.23830294804815785,1,2,12,#b36600,1,12,#b36600
195,480291218043,G48002901218043,48,029,121804,3,480291218043,Block Group 3,G5030,S,501144.0,0.0,+29.5671964,-098.3804555,2885.58499655,501141.552851,48,029,121804,3,0.6850909090909091,15082.0,556.0,0.0,24029.85419845581,43.21916222743851,560.0,0.0,34371.38944244385,61.377481147221154,559.0,0.0,9192.381057739258,16.44433105141191,559.0,0.0,1939.7048110961914,3.4699549393491798,559.0,0.0,0.0,0.0,559.0,0.0,7118.492561340332,12.734333741217052,559.0,0.0,134.18337297439575,0.24004181211877595,1,2,12,#b36600,2,22,#000000
196,480291218081,G48002901218081,48,029,121808,1,480291218081,Block Group 1,G5030,S,507324.0,0.0,+29.5800956,-098.3971791,2890.73731328,507323.315349,48,029,121808,1,0.6129518072289157,28841.0,566.0,0.0,24080.420570373535,42.54491266850448,564.0,0.0,129166.39714813232,229.0184346598091,567.0,0.0,12703.3349609375,22.4044708305776,567.0,0.0,2556.933837890625,4.509583488343254,567.0,0.0,25.109825134277344,0.04428540588055969,567.0,0.0,9952.56396484375,17.553022865685627,567.0,0.0,168.7281036376953,0.29758042969611165,0,1,01,#f3e6b3,1,11,#b3b3b3
197,480291218082,G48002901218082,48,029,121808,2,480291218082,Block Group 2,G5030,S,1127097.0,0.0,+29.5861975,-098.3863540,4625.75503428,1127099.71448,48,029,121808,2,0.4299153339604892,51368.0,1255.0,0.0,53296.48069000244,42.4673152908386,1254.0,0.0,205226.66682052612,163.65762904348176,1254.0,0.0,25155.378314971924,20.06011029902067,1254.0,0.0,10097.329013228416,8.052096501777047,1254.0,0.0,4.1486769914627075,0.0033083548576257637,1254.0,0.0,14069.544491410255,11.219732449290476,1254.0,0.0,984.3542366325855,0.7849714805682501,0,1,01,#f3e6b3,0,01,#f3e6b3
198,480291218091,G48002901218091,48,029,121809,1,480291218091,Block Group 1,G5030,S,373183.0,0.0,+29.5751640,-098.3874788,3454.61420918,373183.601871,48,029,121809,1,0.47790802524797116,34520.0,421.0,0.0,18149.84959793091,43.11128170529907,412.0,0.0,13181.045301437378,31.992828401547033,420.0,0.0,9624.242095947266,22.914862133207777,420.0,0.0,1676.6955261230469,3.9921322050548733,420.0,0.0,0.0,0.0,420.0,0.0,7861.140594482422,18.71700141543434,420.0,0.0,86.40595388412476,0.20572846162886846,0,1,01,#f3e6b3,0,01,#f3e6b3
199,480291218092,G48002901218092,48,029,121809,2,480291218092,Block Group 2,G5030,S,953204.0,0.0,+29.5801639,-098.3788020,4191.31086645,953204.317092,48,029,121809,2,0.6105695228322217,32519.0,1061.0,0.0,45436.34507751465,42.82407641613068,1061.0,0.0,105591.30562210083,99.52055195296968,1062.0,0.0,20636.2314453125,19.431479703684087,1062.0,0.0,4244.84716796875,3.9970312316089927,1062.0,0.0,0.0,0.0,1062.0,0.0,16105.6103515625,15.165358146480697,1062.0,0.0,285.7749938964844,0.2690913313526218,0,1,01,#f3e6b3,1,11,#b3b3b3
200,480291218093,G48002901218093,48,029,121809,3,480291218093,Block Group 3,G5030,S,641071.0,0.0,+29.5767296,-098.3839991,4422.24467017,641071.954715,48,029,121809,3,0.5600686498855836,38357.0,711.0,0.0,30617.142364501953,43.06208490084663,717.0,0.0,32602.21273803711,45.470310652771424,711.0,0.0,15615.412811279297,21.962605923036985,711.0,0.0,2695.2364082336426,3.790768506657725,711.0,0.0,0.3118714988231659,0.0004386378323813866,711.0,0.0,12778.972137451172,17.97323788671051,711.0,0.0,140.89086627960205,0.1981587430092856,0,1,01,#f3e6b3,0,01,#f3e6b3
201,480291218101,G48002901218101,48,029,121810,1,480291218101,Block Group 1,G5030,S,1467963.0,908.0,+29.5953055,-098.4055953,6109.7933944,1468872.91648,48,029,121810,1,0.5528545119705341,38408.0,1633.0,0.0,67658.03866577148,41.43174443709215,1639.0,0.0,431186.17739868164,263.0788147642963,1637.0,0.0,35271.216552734375,21.546253239300167,1637.0,0.0,8205.403381347656,5.01246388597902,1637.0,0.0,43.65476703643799,0.026667542477970672,1637.0,0.0,26399.285400390625,16.12662516822885,1637.0,0.0,622.8716793060303,0.3804958334184669,0,0,00,#f3f3f3,0,00,#f3f3f3
202,480291218102,G48002901218102,48,029,121810,2,480291218102,Block Group 2,G5030,S,628426.0,4695.0,+29.5848856,-098.4002809,3445.13133736,633121.283421,48,029,121810,2,0.6769859813084111,28180.0,705.0,0.0,29794.96493911743,42.26236161576941,711.0,0.0,140871.98191833496,198.13218272620952,703.0,0.0,12627.519054412842,17.96233151410077,703.0,0.0,2814.5007877349854,4.003557308300121,703.0,0.0,37.5250284075737,0.05337841878744481,703.0,0.0,9570.932914733887,13.614413818967122,703.0,0.0,204.56032544374466,0.2909819707592385,0,0,00,#f3f3f3,1,10,#b4d3e1
203,480291218111,G48002901218111,48,029,121811,1,480291218111,Block Group 1,G5030,S,1547286.0,1357.0,+29.5979892,-098.3946713,5344.81165506,1548643.26565,48,029,121811,1,0.6193910256410257,35098.0,1726.0,0.0,71270.65997314453,41.292387006456856,1728.0,0.0,249905.3542098999,144.62115405665503,1727.0,0.0,29508.8984375,17.086797010712218,1727.0,0.0,9964.137939453125,5.76962243164628,1727.0,0.0,77.64814376831055,0.04496128764812423,1727.0,0.0,18644.095703125,10.79565472097568,1727.0,0.0,823.0188903808594,0.47655986704160935,0,0,00,#f3f3f3,0,00,#f3f3f3
204,480291218112,G48002901218112,48,029,121811,2,480291218112,Block Group 2,G5030,S,1103960.0,0.0,+29.5915211,-098.3903720,5171.71551383,1103956.58603,48,029,121811,2,0.726530612244898,37036.0,1232.0,0.0,51757.731033325195,42.011145319257466,1228.0,0.0,271853.40657043457,221.37899557852978,1227.0,0.0,20377.89208984375,16.607899013727586,1227.0,0.0,5713.422607421875,4.656416142968113,1227.0,0.0,131.24986267089844,0.10696810323626604,1227.0,0.0,14037.534057617188,11.440533054292736,1227.0,0.0,495.68577575683594,0.4039818873323846,1,0,10,#b4d3e1,0,00,#f3f3f3
205,480291218121,G48002901218121,48,029,121812,1,480291218121,Block Group 1,G5030,S,414431.0,0.0,+29.5950115,-098.3669909,2770.20625448,414430.252336,48,029,121812,1,0.7061021170610211,21429.0,462.0,0.0,19140.972911834717,41.43067729834354,461.0,0.0,93155.79229736328,202.07330216347782,463.0,0.0,7989.7412109375,17.256460498785096,463.0,0.0,1842.584228515625,3.9796635605089095,463.0,0.0,2.7113046646118164,0.005855949599593556,463.0,0.0,6005.3662109375,12.970553371355292,463.0,0.0,139.07875061035156,0.30038607043272475,1,0,10,#b4d3e1,1,10,#b4d3e1
206,480291218122,G48002901218122,48,029,121812,2,480291218122,Block Group 2,G5030,S,521957.0,0.0,+29.5891423,-098.3660127,3634.78834668,521956.886833,48,029,121812,2,0.514455151964418,33342.0,580.0,0.0,24262.350379943848,41.83163858611008,582.0,0.0,229742.36880493164,394.7463381528035,584.0,0.0,15610.82373046875,26.730862552172518,584.0,0.0,3669.3636474609375,6.283156930583797,584.0,0.0,0.5257262215018272,0.0009002161327086083,584.0,0.0,11662.2841796875,19.96966469124572,584.0,0.0,278.64918518066406,0.4771390157203152,0,0,00,#f3f3f3,0,00,#f3f3f3
207,480291218123,G48002901218123,48,029,121812,3,480291218123,Block Group 3,G5030,S,940746.0,0.0,+29.5844498,-098.3709003,4570.61152343,940744.960697,48,029,121812,3,0.43496801705756927,44063.0,1045.0,0.0,44042.63854217529,42.14606559059837,1050.0,0.0,332355.1245422363,316.52869004022506,1046.0,0.0,25422.077880859375,24.304089752255617,1046.0,0.0,6210.558006286621,5.937435952472869,1046.0,0.0,78.80237579345703,0.07533687934364917,1046.0,0.0,18634.651489257812,17.81515438743577,1046.0,0.0,498.06790828704834,0.4761643482667766,0,0,00,#f3f3f3,0,00,#f3f3f3
208,480291218124,G48002901218124,48,029,121812,4,480291218124,Block Group 4,G5030,S,911182.0,0.0,+29.5932564,-098.3586412,4097.30305,911181.497784,48,029,121812,4,0.22939068100358428,32734.0,1018.0,0.0,42072.28913116455,41.32837832137972,1015.0,0.0,1820622.6914978027,1793.7169374362588,1015.0,0.0,18879.777893066406,18.60076639710976,1015.0,0.0,4770.608856201172,4.700107247488839,1015.0,0.0,139.1486268043518,0.13709224315699686,1015.0,0.0,13574.628143310547,13.374017875182805,1015.0,0.0,395.3919324874878,0.38954870195811603,0,0,00,#f3f3f3,1,10,#b4d3e1
209,480291218125,G48002901218125,48,029,121812,5,480291218125,Block Group 5,G5030,S,670292.0,0.0,+29.5920065,-098.3753147,3265.39118944,670291.510754,48,029,121812,5,0.46780917091245944,35917.0,747.0,0.0,31397.10634613037,42.03093219026823,747.0,0.0,145484.33445739746,194.75814519062578,747.0,0.0,15362.962310791016,20.566214606145937,747.0,0.0,3700.0672912597656,4.953235999009057,747.0,0.0,5.160532474517822,0.006908343339381288,747.0,0.0,11365.606063842773,15.215001424153646,747.0,0.0,292.1296329498291,0.3910704591028502,0,0,00,#f3f3f3,0,00,#f3f3f3
210,480291218131,G48002901218131,48,029,121813,1,480291218131,Block Group 1,G5030,S,1900238.0,0.0,+29.5993927,-098.3733467,6792.03591169,1900235.49964,48,029,121813,1,0.5980830670926518,34623.0,2120.0,0.0,87210.14209747314,41.13685947994016,2120.0,0.0,1320786.5859947205,623.0125405635474,2112.0,0.0,34164.748046875,16.176490552497633,2112.0,0.0,10657.953857421875,5.046379667339903,2112.0,0.0,303.6336975097656,0.1437659552603057,2112.0,0.0,22407.6123046875,10.609664916992188,2112.0,0.0,795.5487823486328,0.37668029467264813,0,0,00,#f3f3f3,0,00,#f3f3f3
211,480291219031,G48002901219031,48,029,121903,1,480291219031,Block Group 1,G5030,S,3888843.0,0.0,+29.6211545,-098.4264853,14820.6298475,3888842.27119,48,029,121903,1,0.656576980568012,55113.0,4339.0,0.0,172236.7369464828,39.695030409422166,4334.0,0.0,9395235.273025513,2167.7977095121164,4332.0,0.0,70969.7451171875,16.38267431144679,4332.0,0.0,22544.671142578125,5.204217715276576,4332.0,0.0,394.90876293182373,0.09116084093532403,4332.0,0.0,45852.57666015625,10.584620651005597,4332.0,0.0,2177.5873794555664,0.5026748336693366,0,0,00,#f3f3f3,0,00,#f3f3f3
212,480291219032,G48002901219032,48,029,121903,2,480291219032,Block Group 2,G5030,S,4430251.0,0.0,+29.6213610,-098.4361864,12352.890485,4430250.30877,48,029,121903,2,0.4883955600403632,43814.0,4939.0,0.0,197148.84745581986,39.91675388860495,4931.0,0.0,8408922.09690857,1705.3178050919832,4944.0,0.0,90736.431640625,18.352838115013146,4944.0,0.0,26563.227294921875,5.372821054798114,4944.0,0.0,355.739706993103,0.07195382422999656,4944.0,0.0,61395.673583984375,12.418218766987131,4944.0,0.0,2421.789276123047,0.4898441092481891,0,0,00,#f3f3f3,0,00,#f3f3f3
213,480291219041,G48002901219041,48,029,121904,1,480291219041,Block Group 1,G5030,S,921146.0,0.0,+29.6330632,-098.4513851,4563.56154041,921146.647639,48,029,121904,1,0.5916114790286976,38353.0,1024.0,0.0,43080.59014892578,42.07088881731033,1025.0,0.0,262892.53021240234,256.4805172803925,1022.0,0.0,17684.009765625,17.30333636558219,1022.0,0.0,4637.90869140625,4.538071126620597,1022.0,0.0,112.00723266601562,0.10959611806850844,1022.0,0.0,12562.921875,12.292487157534246,1022.0,0.0,371.17205810546875,0.36318205294077177,0,0,00,#f3f3f3,0,00,#f3f3f3
214,480291219042,G48002901219042,48,029,121904,2,480291219042,Block Group 2,G5030,S,1002074.0,0.0,+29.6409307,-098.4357979,4457.2517465,1002074.35434,48,029,121904,2,0.43068297655453613,44187.0,1111.0,0.0,46646.064113828565,41.98565626807252,1120.0,0.0,158161.8542251587,141.2159412724631,1119.0,0.0,24862.3984375,22.218407897676496,1119.0,0.0,4476.542236328125,4.0004845722324625,1119.0,0.0,3.018172860145569,0.0026972054156796862,1119.0,0.0,20133.8125,17.992683199285075,1119.0,0.0,249.0268783569336,0.2225441272179925,0,0,00,#f3f3f3,0,00,#f3f3f3
215,480291219051,G48002901219051,48,029,121905,1,480291219051,Block Group 1,G5030,S,4135207.0,0.0,+29.6551198,-098.4161410,9141.2670971,4135208.22025,48,029,121905,1,0.40217010850542523,70561.0,4608.0,0.0,188589.02570343018,40.92643786966801,4616.0,0.0,3613041.6640319824,782.721331029459,4623.0,0.0,99033.5322265625,21.421919149159095,4623.0,0.0,23993.674560546875,5.190065879417451,4623.0,0.0,452.1614761352539,0.0978069383809764,4623.0,0.0,72652.375,15.71541747782825,4623.0,0.0,1935.3255920410156,0.4186298057627116,0,0,00,#f3f3f3,0,00,#f3f3f3
216,480291219052,G48002901219052,48,029,121905,2,480291219052,Block Group 2,G5030,S,1875504.0,369.0,+29.6526702,-098.4362027,5966.07186577,1875873.24267,48,029,121905,2,0.6632468316234158,64556.0,2096.0,0.0,88253.47183743128,42.105664044575995,2091.0,0.0,591997.7107162476,283.1170304716631,2090.0,0.0,53818.51672363281,25.75048647063771,2090.0,0.0,10131.308883666992,4.8475162122808575,2090.0,0.0,87.0047216117382,0.04162905340274555,2090.0,0.0,43001.71716308594,20.574984288557864,2090.0,0.0,598.4870681762695,0.2863574488881672,0,0,00,#f3f3f3,0,00,#f3f3f3
217,480291219053,G48002901219053,48,029,121905,3,480291219053,Block Group 3,G5030,S,1877600.0,305.0,+29.6459598,-098.4444551,6148.66691557,1877904.78707,48,029,121905,3,0.7295636140135218,46361.0,2100.0,0.0,89213.50628413564,42.48262204006459,2095.0,0.0,286659.7232284546,136.83041681549145,2096.0,0.0,44324.43493652344,21.147154072768817,2096.0,0.0,8757.957000732422,4.1784145995860795,2096.0,0.0,122.37447690963745,0.0583847695179568,2096.0,0.0,34910.62170410156,16.65583096569731,2096.0,0.0,533.481559753418,0.2545236449205238,1,1,11,#b3b3b3,0,01,#f3e6b3
218,480291219061,G48002901219061,48,029,121906,1,480291219061,Block Group 1,G5030,S,3573921.0,465.0,+29.6189628,-098.4469332,11244.819756,3574386.56364,48,029,121906,1,0.6442797591477536,44571.0,3981.0,0.0,165285.5474472046,41.518600212812004,3996.0,0.0,1489598.9578323364,372.77251197005415,3981.0,0.0,87736.353515625,22.03877254851168,3981.0,0.0,22360.994873046875,5.6169291316369945,3981.0,0.0,219.70158576965332,0.05518753724432387,3981.0,0.0,63402.9345703125,15.926383966418614,3981.0,0.0,1752.7242431640625,0.4402723544747708,0,0,00,#f3f3f3,0,00,#f3f3f3
219,480291219062,G48002901219062,48,029,121906,2,480291219062,Block Group 2,G5030,S,2868335.0,428.0,+29.6114073,-098.4565785,7357.19135435,2868765.22181,48,029,121906,2,0.5581668625146886,46658.0,3201.0,0.0,134913.40195083618,42.1472670886711,3194.0,0.0,712311.2414016724,223.01541684460625,3199.0,0.0,56750.11083984375,17.739953372880198,3199.0,0.0,15139.416259765625,4.73254650195862,3199.0,0.0,239.54928588867188,0.07488255263790931,3199.0,0.0,40146.85791015625,12.549814914084479,3199.0,0.0,1224.2858963012695,0.3827089391376272,0,0,00,#f3f3f3,0,00,#f3f3f3
220,480291219081,G48002901219081,48,029,121908,1,480291219081,Block Group 1,G5030,S,39045809.0,72752.0,+29.7135225,-098.3723513,35543.0863915,39118564.0449,48,029,121908,1,0.23240938166311298,68385.0,43686.0,0.0,1564434.203169271,35.810882277371945,43676.0,0.0,362920656.69127417,8309.384025352005,43690.0,0.0,936269.7694282532,21.429841369380938,43690.0,0.0,282741.1893647909,6.471530999423001,43690.0,0.0,2299.289548635483,0.052627364354211094,43690.0,0.0,625221.2066007853,14.31039612270051,43690.0,0.0,26008.0101890862,0.595285195447155,0,0,00,#f3f3f3,0,00,#f3f3f3
221,480291219082,G48002901219082,48,029,121908,2,480291219082,Block Group 2,G5030,S,3626318.0,4200.0,+29.7029098,-098.4463250,9870.33992697,3630521.57747,48,029,121908,2,0.4070904645476773,50459.0,4057.0,0.0,155186.53558752942,38.251549319085385,4056.0,0.0,8691280.440673828,2142.820621467906,4051.0,0.0,74803.9677734375,18.465556103045543,4051.0,0.0,22778.10791015625,5.622835820823562,4051.0,0.0,603.7206344604492,0.1490300257863365,4051.0,0.0,49326.2568359375,12.176316177718464,4051.0,0.0,2095.880859375,0.5173737001666255,0,0,00,#f3f3f3,0,00,#f3f3f3
222,480291219091,G48002901219091,48,029,121909,1,480291219091,Block Group 1,G5030,S,4104062.0,0.0,+29.5814408,-098.3240196,9889.68765999,4104063.20518,48,029,121909,1,0.7959315466580562,42888.0,4561.0,0.0,195291.12966760283,42.81761229283114,4576.0,0.0,1149914.3214683533,251.29246535584645,4565.0,0.0,78697.22473144531,17.23926062025089,4565.0,0.0,21097.983978271484,4.621683237299339,4565.0,0.0,658.8442974090576,0.14432514729661722,4565.0,0.0,55142.739990234375,12.079461115056818,4565.0,0.0,1797.6611785888672,0.39379215303151527,1,1,11,#b3b3b3,0,01,#f3e6b3
223,480291219092,G48002901219092,48,029,121909,2,480291219092,Block Group 2,G5030,S,8377073.0,10844.0,+29.5950205,-098.3357302,12201.1870514,8387917.54429,48,029,121909,2,0.7127161383285303,36327.0,9346.0,0.0,387617.68716049194,41.47418009421057,9340.0,0.0,14285780.87975046,1529.5268607869873,9345.0,0.0,160001.1428527832,17.121577619345448,9345.0,0.0,53680.777336120605,5.744331443137572,9345.0,0.0,684.7927284240723,0.0732790506606819,9345.0,0.0,101461.0630493164,10.857256613088968,9345.0,0.0,4174.516615390778,0.446711248302919,1,0,10,#b4d3e1,0,00,#f3f3f3
224,480291219101,G48002901219101,48,029,121910,1,480291219101,Block Group 1,G5030,S,25283802.0,117159.0,+29.6108318,-098.3807414,28699.5621201,25400966.7003,48,029,121910,1,0.4905335628227194,46041.0,28303.0,0.0,1104979.7402590783,39.04108187326709,28305.0,0.0,225003505.6323356,7949.249448236552,28322.0,0.0,533546.1430664062,18.838575773829753,28322.0,0.0,163137.5184020996,5.76009880665559,28322.0,0.0,4314.7381381988525,0.1523458137913584,28322.0,0.0,351218.40618896484,12.400904109489614,28322.0,0.0,14875.479873657227,0.5252270275283252,0,0,00,#f3f3f3,0,00,#f3f3f3
225,480291219102,G48002901219102,48,029,121910,2,480291219102,Block Group 2,G5030,S,3268332.0,0.0,+29.6432313,-098.4175565,10118.1682747,3268331.25891,48,029,121910,2,0.4829136690647482,42766.0,3644.0,0.0,144249.548885112,39.58549640096377,3646.0,0.0,3073702.7005996704,843.0342020295311,3642.0,0.0,66903.6435546875,18.370028433467187,3642.0,0.0,18293.5927734375,5.022952436418863,3642.0,0.0,315.16989517211914,0.08653758791107061,3642.0,0.0,46679.775390625,12.81707177117655,3642.0,0.0,1615.1072540283203,0.44346712082051626,0,0,00,#f3f3f3,0,00,#f3f3f3
226,480291219111,G48002901219111,48,029,121911,1,480291219111,Block Group 1,G5030,S,4768640.0,3107.0,+29.6814230,-098.4102351,14830.8424554,4771741.74283,48,029,121911,1,0.5286125319693095,42066.0,5331.0,0.0,207057.95641657352,38.84035948538239,5326.0,0.0,9061408.980888367,1701.3535450410002,5323.0,0.0,88372.08388519287,16.601931971668773,5323.0,0.0,26200.888253211975,4.922203316402776,5323.0,0.0,280.8196773529053,0.052755904067801104,5323.0,0.0,59451.03965759277,11.168709310086939,5323.0,0.0,2439.3454132676125,0.4582651537230157,0,0,00,#f3f3f3,0,00,#f3f3f3
227,480291219112,G48002901219112,48,029,121911,2,480291219112,Block Group 2,G5030,S,8822251.0,7147.0,+29.6731411,-098.4391865,18549.0888365,8829399.71812,48,029,121911,2,0.5606194690265487,55560.0,9845.0,0.0,393073.4656996004,39.92620271199598,9847.0,0.0,13107145.107711792,1331.0800353114444,9849.0,0.0,165914.13146972656,16.84578449281415,9849.0,0.0,49860.664978027344,5.0625104049169805,9849.0,0.0,1328.224006652832,0.13485876806303504,9849.0,0.0,110106.1455078125,11.179423850930297,9849.0,0.0,4619.099472045898,0.46899172220996027,0,0,00,#f3f3f3,0,00,#f3f3f3
228,480291219121,G48002901219121,48,029,121912,1,480291219121,Block Group 1,G5030,S,16857410.0,118042.0,+29.6390918,-098.3551045,19927.7669321,16975452.8451,48,029,121912,1,0.6814181543877295,41454.0,18928.0,0.0,699843.4591422764,36.97397818799009,18930.0,0.0,356608010.9555969,18838.246748842943,18920.0,0.0,347949.3225097656,18.39055615802144,18920.0,0.0,108277.85314941406,5.722930927558883,18920.0,0.0,2423.5701942443848,0.12809567622856155,18920.0,0.0,227001.80541992188,11.997981258981072,18920.0,0.0,10246.100212097168,0.5415486370030216,0,0,00,#f3f3f3,0,00,#f3f3f3
229,480291219122,G48002901219122,48,029,121912,2,480291219122,Block Group 2,G5030,S,8905097.0,1776.0,+29.6697507,-098.3956039,14795.9886076,8906880.69522,48,029,121912,2,0.564908256880734,37010.0,9940.0,0.0,387844.9928894043,39.01861095466844,9928.0,0.0,24376668.03912735,2455.3452900007405,9926.0,0.0,172119.84704589844,17.34030294639315,9926.0,0.0,50368.152282714844,5.074365533217293,9926.0,0.0,1063.0958471298218,0.10710214055307493,9926.0,0.0,116094.99114990234,11.696049884132817,9926.0,0.0,4593.611879348755,0.46278580287615906,0,0,00,#f3f3f3,0,00,#f3f3f3
230,480291219123,G48002901219123,48,029,121912,3,480291219123,Block Group 3,G5030,S,1144668.0,0.0,+29.6654169,-098.4274838,4442.05647715,1144667.50277,48,029,121912,3,0.5720263000597728,69732.0,1275.0,0.0,52966.31454849243,41.54220748901367,1280.0,0.0,444173.9113769531,347.0108682632446,1279.0,0.0,29488.92236328125,23.056233278562352,1279.0,0.0,6089.2398681640625,4.760938129917172,1279.0,0.0,33.539215087890625,0.02622299850499658,1279.0,0.0,22954.578002929688,17.94728538149311,1279.0,0.0,411.5636577606201,0.3217855025493511,0,0,00,#f3f3f3,0,00,#f3f3f3
231,480291302001,G48002901302001,48,029,130200,1,480291302001,Block Group 1,G5030,S,311024.0,0.0,+29.4174720,-098.4700153,2462.46468252,311023.927098,48,029,130200,1,0.9418386491557224,23737.0,346.0,0.0,15058.991705769553,43.52309741551894,343.0,0.0,5079.739192008972,14.809735253670473,340.0,0.0,7711.014465332031,22.679454309800093,340.0,0.0,1409.937355041504,4.146874573651482,340.0,0.0,5.614401817321777,0.01651294652153464,340.0,0.0,6221.354019165039,18.298100056367762,340.0,0.0,74.10855531692505,0.2179663391674266,2,2,22,#000000,1,12,#b36600
232,480291302002,G48002901302002,48,029,130200,2,480291302002,Block Group 2,G5030,S,673971.0,0.0,+29.4150633,-098.4661574,4324.76852696,673971.154053,48,029,130200,2,0.9794392523364486,10769.0,774.0,0.0,33631.538542795955,43.4516001844909,777.0,0.0,16639.904411315918,21.415578392941978,749.0,0.0,13081.2509765625,17.4649545748498,749.0,0.0,2883.73046875,3.850107434913218,749.0,0.0,136.45938110351562,0.18218875981777788,749.0,0.0,9868.03125,13.174941588785046,749.0,0.0,193.02870178222656,0.2577152226731997,2,2,22,#000000,2,22,#000000
233,480291303001,G48002901303001,48,029,130300,1,480291303001,Block Group 1,G5030,S,318440.0,0.0,+29.4084411,-098.4633182,2384.23031846,318439.764955,48,029,130300,1,0.9046242774566474,29985.0,338.0,0.0,14655.812873840332,43.36039311787081,364.0,0.0,13048.838687896729,35.84845793378222,364.0,0.0,8118.400390625,22.303297776442307,364.0,0.0,1442.5514526367188,3.963053441309667,364.0,0.0,18.15740203857422,0.049882972633445655,364.0,0.0,6583.379150390625,18.0862064571171,364.0,0.0,74.31181049346924,0.2041533255315089,2,2,22,#000000,1,12,#b36600
234,480291303002,G48002901303002,48,029,130300,2,480291303002,Block Group 2,G5030,S,323334.0,0.0,+29.4042960,-098.4662381,2688.77738324,323335.873334,48,029,130300,2,0.9759036144578314,13531.0,366.0,0.0,15877.5737991333,43.38134917795984,359.0,0.0,11121.303636550903,30.97856166170168,352.0,0.0,8368.1806640625,23.77324052290483,352.0,0.0,1475.2154541015625,4.190952994606712,352.0,0.0,13.869110107421875,0.039400880986993965,352.0,0.0,6804.08203125,19.329778497869317,352.0,0.0,75.01393127441406,0.21310775930231268,2,2,22,#000000,2,22,#000000
235,480291303003,G48002901303003,48,029,130300,3,480291303003,Block Group 3,G5030,S,221734.0,0.0,+29.4090574,-098.4675244,2147.46397815,221735.148191,48,029,130300,3,1.0,11560.0,251.0,0.0,10899.63718032837,43.42484932401741,232.0,0.0,3851.0329265594482,16.59927985585969,239.0,0.0,5697.47509765625,23.83880793998431,239.0,0.0,986.4004669189453,4.12719860635542,239.0,0.0,0.35642457008361816,0.0014913161928184861,239.0,0.0,4660.0196533203125,19.497990181256537,239.0,0.0,50.69819736480713,0.2121263488067244,2,2,22,#000000,2,22,#000000
236,480291303004,G48002901303004,48,029,130300,4,480291303004,Block Group 4,G5030,S,365857.0,0.0,+29.4077119,-098.4713906,3030.31252684,365857.190639,48,029,130300,4,0.9751937984496124,9383.0,410.0,0.0,17825.964248657227,43.4779615820908,412.0,0.0,6156.320086479187,14.942524481745599,411.0,0.0,8921.984497070312,21.707991477056723,411.0,0.0,1560.6423645019531,3.797183368617891,411.0,0.0,6.014664649963379,0.014634220559521603,411.0,0.0,7274.935546875,17.700573106751825,411.0,0.0,80.39105701446533,0.19559867886731225,2,2,22,#000000,2,22,#000000
237,480291304011,G48002901304011,48,029,130401,1,480291304011,Block Group 1,G5030,S,362823.0,0.0,+29.4096446,-098.4589892,2532.25830571,362823.731199,48,029,130401,1,0.8926014319809069,28217.0,405.0,0.0,17535.53985595703,43.29762927396798,378.0,0.0,19962.28366470337,52.81027424524701,392.0,0.0,9354.30908203125,23.863033372528697,392.0,0.0,1707.3472900390625,4.355477780711894,392.0,0.0,1.0247206687927246,0.0026140833387569506,392.0,0.0,7549.459716796875,19.258825808155294,392.0,0.0,96.47721099853516,0.2461153341799366,2,2,22,#000000,1,12,#b36600
238,480291304012,G48002901304012,48,029,130401,2,480291304012,Block Group 2,G5030,S,429361.0,0.0,+29.4042421,-098.4553508,3081.06370696,429360.159025,48,029,130401,2,0.9526686807653575,9272.0,497.0,0.0,21456.655281066895,43.17234462991327,487.0,0.0,45726.19955444336,93.89363358201922,449.0,0.0,10473.3876953125,23.326030501809576,449.0,0.0,1970.042236328125,4.387621907189588,449.0,0.0,13.893411636352539,0.030943010325952203,449.0,0.0,8374.6083984375,18.651689083379733,449.0,0.0,114.84356689453125,0.2557763182506264,2,2,22,#000000,2,22,#000000
239,480291304013,G48002901304013,48,029,130401,3,480291304013,Block Group 3,G5030,S,444599.0,0.0,+29.4091263,-098.4496211,3216.34293386,444599.076345,48,029,130401,3,0.9809619238476954,19281.0,482.0,0.0,20783.275436401367,43.1188287062269,484.0,0.0,50452.436378479004,104.2405710299153,490.0,0.0,11721.99365234375,23.922436025191328,490.0,0.0,2170.3111572265625,4.429206443319515,490.0,0.0,0.0,0.0,490.0,0.0,9423.0263671875,19.230666055484694,490.0,0.0,128.6559181213379,0.262563098206812,2,1,21,#376387,2,21,#376387
240,480291304014,G48002901304014,48,029,130401,4,480291304014,Block Group 4,G5030,S,353986.0,0.0,+29.4096448,-098.4545312,2506.5891333,353986.967544,48,029,130401,4,0.9735376044568245,20062.0,378.0,0.0,16338.048385620117,43.22235022650825,400.0,0.0,34153.90925216675,85.38477313041687,415.0,0.0,10278.884765625,24.76839702560241,415.0,0.0,1826.044189453125,4.4001064806099395,415.0,0.0,1.3811452388763428,0.0033280608165695007,415.0,0.0,8351.807373046875,20.124837043486444,415.0,0.0,99.65213012695312,0.24012561476374247,2,2,22,#000000,2,22,#000000
241,480291304021,G48002901304021,48,029,130402,1,480291304021,Block Group 1,G5030,S,904863.0,0.0,+29.4092183,-098.4425974,4103.55005352,904864.72104,48,029,130402,1,0.9583843329253366,17134.0,1007.0,0.0,43249.929785045504,42.94928479150497,1006.0,0.0,108846.2474975586,108.1970651069171,1001.0,0.0,22420.60400390625,22.39820579810814,1001.0,0.0,4143.9609375,4.139821116383616,1001.0,0.0,60.24075698852539,0.06018057641211328,1001.0,0.0,17967.6416015625,17.94969190965285,1001.0,0.0,248.75975799560547,0.2485112467488566,2,1,21,#376387,2,21,#376387
242,480291304022,G48002901304022,48,029,130402,2,480291304022,Block Group 2,G5030,S,989236.0,0.0,+29.4018639,-098.4428387,5272.43590009,989237.083331,48,029,130402,2,0.846089850249584,6646.0,1086.0,0.0,46459.51755777704,42.780402907713665,1104.0,0.0,136666.82470703125,123.79241368390512,1133.0,0.0,21836.9140625,19.273534035745808,1133.0,0.0,5053.71875,4.460475507502206,1133.0,0.0,105.4216194152832,0.09304644255541324,1133.0,0.0,16309.49609375,14.394965660856133,1133.0,0.0,368.2780303955078,0.3250468052917103,1,1,11,#b3b3b3,2,21,#376387
243,480291304023,G48002901304023,48,029,130402,3,480291304023,Block Group 3,G5030,S,694554.0,0.0,+29.4059236,-098.4347175,4314.59139054,694556.182955,48,029,130402,3,0.936094674556213,13771.0,759.0,0.0,32192.946276468152,42.41494898085396,766.0,0.0,131818.62561798096,172.08697861355216,763.0,0.0,17880.99365234375,23.435116189179226,763.0,0.0,3647.03271484375,4.779859390358781,763.0,0.0,11.10658073425293,0.014556462299151939,763.0,0.0,13981.219970703125,18.324010446530963,763.0,0.0,241.6336441040039,0.31668891756750184,2,0,20,#509dc2,2,20,#509dc2
244,480291305001,G48002901305001,48,029,130500,1,480291305001,Block Group 1,G5030,S,241315.0,0.0,+29.4207081,-098.4565446,2351.65247084,241316.037363,48,029,130500,1,0.9876190476190476,19142.0,260.0,0.0,11274.717025756836,43.364296252910904,262.0,0.0,11809.449508666992,45.07423476590455,291.0,0.0,6690.830627441406,22.992545111482496,291.0,0.0,1204.6194076538086,4.139585593312057,291.0,0.0,1.7821228504180908,0.006124133506591378,291.0,0.0,5418.2608642578125,18.619453141779424,291.0,0.0,66.16830921173096,0.22738250588223696,2,2,22,#000000,2,22,#000000
245,480291305002,G48002901305002,48,029,130500,2,480291305002,Block Group 2,G5030,S,301696.0,0.0,+29.4234972,-098.4569279,2489.87595583,301695.351091,48,029,130500,2,1.0,13137.0,349.0,0.0,15138.962783813477,43.378116859064406,347.0,0.0,16803.935024261475,48.42632571833278,318.0,0.0,6984.3125,21.96324685534591,318.0,0.0,1319.21435546875,4.148472815939465,318.0,0.0,0.0,0.0,318.0,0.0,5586.37890625,17.567229264937108,318.0,0.0,78.71836853027344,0.2475420394033756,2,2,22,#000000,2,22,#000000
246,480291305003,G48002901305003,48,029,130500,3,480291305003,Block Group 3,G5030,S,1302254.0,0.0,+29.4189034,-098.4483272,4805.93044477,1302250.8499,48,029,130500,3,0.9040055248618785,15283.0,1481.0,0.0,64086.47117996216,43.27243158674015,1437.0,0.0,82044.1270236969,57.094034115307515,1403.0,0.0,29952.87890625,21.34916529312188,1403.0,0.0,5324.955078125,3.7954063279579473,1403.0,0.0,117.27702713012695,0.08359018327165142,1403.0,0.0,24220.5322265625,17.263387189281897,1403.0,0.0,290.11534881591797,0.2067821445587441,2,2,22,#000000,2,22,#000000
247,480291305004,G48002901305004,48,029,130500,4,480291305004,Block Group 4,G5030,S,439114.0,0.0,+29.4164153,-098.4578803,2650.55538286,439115.556328,48,029,130500,4,0.8801065719360568,12064.0,506.0,0.0,21946.798400878906,43.3731193693259,505.0,0.0,20233.0613822937,40.065468083749906,482.0,0.0,7980.3271484375,16.556695328708507,482.0,0.0,1684.2945556640625,3.494387044946188,482.0,0.0,50.581790924072266,0.10494147494620802,482.0,0.0,6139.6708984375,12.737906428293568,482.0,0.0,105.77974700927734,0.21946005603584512,1,2,12,#b36600,2,22,#000000
248,480291306001,G48002901306001,48,029,130600,1,480291306001,Block Group 1,G5030,S,477326.0,0.0,+29.4315650,-098.4458060,3694.52022606,477328.932119,48,029,130600,1,1.0,7124.0,531.0,0.0,23032.47827911377,43.37566530906548,529.0,0.0,86322.40519714355,163.18035008911826,531.0,0.0,12244.63427734375,23.059574910251882,531.0,0.0,2252.1080322265625,4.241258064456804,531.0,0.0,6.089714050292969,0.011468388041982991,531.0,0.0,9858.472290039062,18.56586118651424,531.0,0.0,127.96335029602051,0.2409855937778164,2,2,22,#000000,2,22,#000000
249,480291306002,G48002901306002,48,029,130600,2,480291306002,Block Group 2,G5030,S,418076.0,0.0,+29.4272860,-098.4564163,2825.68687116,418073.549459,48,029,130600,2,0.8189935064935066,24539.0,448.0,0.0,19446.278560638428,43.406871787139345,461.0,0.0,18380.404357910156,39.870725288308364,485.0,0.0,8582.651123046875,17.696187882570875,485.0,0.0,1763.7370300292969,3.6365711959366944,485.0,0.0,9.84622836112976,0.02030150177552528,485.0,0.0,6693.2535400390625,13.80052276296714,485.0,0.0,115.81486129760742,0.2387935284486751,1,2,12,#b36600,1,12,#b36600
250,480291306003,G48002901306003,48,029,130600,3,480291306003,Block Group 3,G5030,S,643373.0,0.0,+29.4327452,-098.4565829,3458.16858581,643374.835012,48,029,130600,3,0.8289473684210527,15245.0,710.0,0.0,30870.48651123047,43.47955846652179,719.0,0.0,24550.436027526855,34.145251776810646,709.0,0.0,11322.38671875,15.969515823342736,709.0,0.0,2791.150390625,3.9367424409379406,709.0,0.0,46.05143737792969,0.06495266202810958,709.0,0.0,8274.802734375,11.671089893335685,709.0,0.0,210.38287353515625,0.29673183855452223,1,2,12,#b36600,2,22,#000000
251,480291306004,G48002901306004,48,029,130600,4,480291306004,Block Group 4,G5030,S,496270.0,0.0,+29.4285440,-098.4491141,3474.6273642,496271.58981,48,029,130600,4,0.9005347593582887,13837.0,557.0,0.0,24152.761638641357,43.36222915375468,535.0,0.0,41959.78014755249,78.42949560290185,547.0,0.0,13777.16552734375,25.18677427302331,547.0,0.0,2401.628662109375,4.390546000199954,547.0,0.0,6.772067070007324,0.012380378555772073,547.0,0.0,11244.525390625,20.556719178473493,547.0,0.0,124.23899841308594,0.22712796784842035,2,2,22,#000000,2,22,#000000
252,480291307001,G48002901307001,48,029,130700,1,480291307001,Block Group 1,G5030,S,891583.0,0.0,+29.4378192,-098.4514601,5247.01411632,891578.955976,48,029,130700,1,0.9329652996845426,12416.0,1001.0,0.0,43532.97574234009,43.48948625608401,980.0,0.0,56531.319356918335,57.68501975195748,977.0,0.0,15309.548828125,15.669957858879222,977.0,0.0,3766.5797119140625,3.855250472788191,977.0,0.0,75.1264877319336,0.07689507444414902,977.0,0.0,11184.193359375,11.447485526484135,977.0,0.0,283.6496887207031,0.2903272146578333,2,2,22,#000000,2,22,#000000
253,480291307002,G48002901307002,48,029,130700,2,480291307002,Block Group 2,G5030,S,612974.0,0.0,+29.4419739,-098.4510600,3734.78513576,612974.468609,48,029,130700,2,0.923217550274223,15025.0,671.0,0.0,29201.023571014404,43.518664040259914,678.0,0.0,17516.26745557785,25.835202736840486,685.0,0.0,16002.46875,23.361268248175183,685.0,0.0,3111.8330078125,4.542821909215329,685.0,0.0,38.77332305908203,0.05660339132712705,685.0,0.0,12664.02734375,18.487631158759125,685.0,0.0,187.8345947265625,0.27421108719206205,2,2,22,#000000,2,22,#000000
254,480291308001,G48002901308001,48,029,130800,1,480291308001,Block Group 1,G5030,S,6297694.0,17412.0,+29.4400650,-098.4299784,12243.8152658,6315111.13953,48,029,130800,1,0.9670722977809592,13993.0,7006.0,0.0,300095.37574435264,42.83405306085536,7017.0,0.0,3260920.6449565887,464.71720748989435,7024.0,0.0,122892.3857421875,17.496068585163368,7024.0,0.0,41251.7646484375,5.872973326941557,7024.0,0.0,2084.91121673584,0.29682676775851935,7024.0,0.0,75894.35498046875,10.805004980135072,7024.0,0.0,3661.3522338867188,0.5212631312481092,2,1,21,#376387,2,21,#376387
255,480291308002,G48002901308002,48,029,130800,2,480291308002,Block Group 2,G5030,S,1025691.0,1982.0,+29.4227651,-098.4358129,4849.38323783,1027671.78757,48,029,130800,2,0.9193825042881647,17574.0,1144.0,0.0,49174.594484566245,42.98478538860686,1169.0,0.0,283193.7945098877,242.253032087158,1150.0,0.0,20226.06201171875,17.58788001019022,1150.0,0.0,6229.6787109375,5.417111922554348,1150.0,0.0,258.4361763000488,0.22472710982612942,1150.0,0.0,13253.6162109375,11.524883661684783,1150.0,0.0,484.3327331542969,0.4211588983950408,2,1,21,#376387,2,21,#376387
256,480291308003,G48002901308003,48,029,130800,3,480291308003,Block Group 3,G5030,S,299297.0,0.0,+29.4172299,-098.4342976,4438.39359936,299298.997582,48,029,130800,3,0.8597236981934113,12619.0,329.0,0.0,14016.534102713027,42.60344712070829,332.0,0.0,69963.9123802185,210.73467584403164,334.0,0.0,7981.861328125,23.89778840755988,334.0,0.0,1516.418197631836,4.540174244406694,334.0,0.0,16.82819652557373,0.05038382193285548,334.0,0.0,6355.801666259766,19.029346306166964,334.0,0.0,92.8136978149414,0.2778853227992258,1,1,11,#b3b3b3,2,21,#376387
257,480291308004,G48002901308004,48,029,130800,4,480291308004,Block Group 4,G5030,S,870083.0,0.0,+29.4150147,-098.4269050,6339.04833731,870080.674163,48,029,130800,4,0.9980842911877394,10656.0,940.0,0.0,39546.748274848804,42.071008803030644,951.0,0.0,403821.21964263916,424.6279912120286,984.0,0.0,23042.791015625,23.41747054433435,984.0,0.0,4962.8232421875,5.043519555068597,984.0,0.0,116.82362365722656,0.11872319477360423,984.0,0.0,17603.609375,17.889846925813007,984.0,0.0,359.53521728515625,0.36538131837922383,2,0,20,#509dc2,2,20,#509dc2
258,480291309001,G48002901309001,48,029,130900,1,480291309001,Block Group 1,G5030,S,4620572.0,56706.0,+29.4399719,-098.4144524,12561.1498417,4677280.94815,48,029,130900,1,0.8397242567858682,15164.0,5205.0,0.0,222737.5132037287,42.79299004874711,5199.0,0.0,7330633.069953918,1410.008284276576,5200.0,0.0,91375.11181640625,17.572136887770434,5200.0,0.0,25695.69482421875,4.941479773888221,5200.0,0.0,1407.3021087646484,0.27063502091627856,5200.0,0.0,62230.629638671875,11.967428776667669,5200.0,0.0,2041.4832077026367,0.3925929245581994,1,1,11,#b3b3b3,2,21,#376387
259,480291309002,G48002901309002,48,029,130900,2,480291309002,Block Group 2,G5030,S,781573.0,0.0,+29.4273035,-098.4115026,4204.82895267,781573.77426,48,029,130900,2,1.0,20431.0,867.0,0.0,37160.857601167125,42.86142745232656,848.0,0.0,114336.08598136902,134.83029007236914,865.0,0.0,15781.48779296875,18.244494558345377,865.0,0.0,3359.0836181640625,3.8833336626174133,865.0,0.0,38.28419256210327,0.044259182152720546,865.0,0.0,12165.657470703125,14.06434389676662,865.0,0.0,218.46261596679688,0.25255793753386924,2,1,21,#376387,2,21,#376387
260,480291309003,G48002901309003,48,029,130900,3,480291309003,Block Group 3,G5030,S,3515520.0,3777.0,+29.4369247,-098.3991420,8382.46284707,3519300.21267,48,029,130900,3,0.9559397657557167,14678.0,3888.0,0.0,168798.8109049838,43.41533202288678,3912.0,0.0,430779.8858513832,110.11755773297116,3940.0,0.0,67996.97436523438,17.258115321125477,3940.0,0.0,18757.02117919922,4.760665273908431,3940.0,0.0,873.358585357666,0.22166461557301168,3940.0,0.0,46967.796142578125,11.920760442278713,3940.0,0.0,1398.7984657287598,0.35502499130171566,2,2,22,#000000,2,22,#000000
261,480291310001,G48002901310001,48,029,131000,1,480291310001,Block Group 1,G5030,S,3182064.0,0.0,+29.4154481,-098.3997077,9439.15112468,3182062.2571,48,029,131000,1,0.8855148342059337,15201.0,3510.0,0.0,150329.27764562838,42.82885403009355,3566.0,0.0,695287.3317527771,194.97681765361108,3570.0,0.0,74796.94140625,20.951524203431372,3570.0,0.0,20892.6279296875,5.852276731004902,3570.0,0.0,361.37138748168945,0.10122447828618752,3570.0,0.0,51719.9599609375,14.487383742559524,3570.0,0.0,1822.9840087890625,0.5106397783722865,2,1,21,#376387,2,21,#376387
262,480291310002,G48002901310002,48,029,131000,2,480291310002,Block Group 2,G5030,S,392207.0,0.0,+29.4161406,-098.4093553,2630.4451184,392206.684132,48,029,131000,2,0.9342403628117913,18038.0,434.0,0.0,18428.760107194263,42.46258089215268,425.0,0.0,114139.0913848877,268.56256796444166,434.0,0.0,11559.146484375,26.633978074596776,434.0,0.0,1993.6395263671875,4.593639461675547,434.0,0.0,0.0,0.0,434.0,0.0,9463.6611328125,21.80567081293203,434.0,0.0,101.84466552734375,0.23466512794318836,2,1,21,#376387,2,21,#376387
263,480291310003,G48002901310003,48,029,131000,3,480291310003,Block Group 3,G5030,S,403707.0,0.0,+29.4206829,-098.4096639,3120.23181002,403708.029317,48,029,131000,3,0.9734748010610079,19766.0,451.0,0.0,19230.99247370973,42.640781538159054,435.0,0.0,72878.48960876465,167.53675772129804,442.0,0.0,12458.98583984375,28.18775076887726,442.0,0.0,2093.252197265625,4.735864699695984,442.0,0.0,1.9157819747924805,0.004334348359259005,442.0,0.0,10261.866943359375,23.21689353701216,442.0,0.0,101.94947624206543,0.23065492362458243,2,1,21,#376387,2,21,#376387
264,480291310004,G48002901310004,48,029,131000,4,480291310004,Block Group 4,G5030,S,1582621.0,0.0,+29.4208354,-098.4202340,7892.23691212,1582620.49246,48,029,131000,4,0.9152759948652118,13219.0,1768.0,0.0,74216.09887417109,41.97743148991577,1764.0,0.0,974270.4844932556,552.3075308918683,1735.0,0.0,34484.099609375,19.875561734510086,1735.0,0.0,8517.9990234375,4.9095095235951005,1735.0,0.0,483.62168884277344,0.2787444892465553,1735.0,0.0,24783.900390625,14.284668813040346,1735.0,0.0,698.5786743164062,0.4026390053696866,2,0,20,#509dc2,2,20,#509dc2
265,480291311001,G48002901311001,48,029,131100,1,480291311001,Block Group 1,G5030,S,277994.0,0.0,+29.4122760,-098.4260689,2768.03606416,277992.203392,48,029,131100,1,0.9494584837545126,16334.0,331.0,0.0,13901.995832250574,41.99998740861201,331.0,0.0,128025.99282836914,386.7854768228675,299.0,0.0,7262.40576171875,24.288982480664714,299.0,0.0,1359.492431640625,4.546797430236204,299.0,0.0,0.0,0.0,299.0,0.0,5822.7333984375,19.474024743938127,299.0,0.0,80.17964172363281,0.26815933686833715,2,0,20,#509dc2,2,20,#509dc2
266,480291311002,G48002901311002,48,029,131100,2,480291311002,Block Group 2,G5030,S,656065.0,0.0,+29.4095261,-098.4235486,5283.31853289,656064.472022,48,029,131100,2,0.9633507853403142,16666.0,734.0,0.0,30665.946068274985,41.77921807666892,717.0,0.0,384729.94972229004,536.5829145359694,720.0,0.0,14789.494384765625,20.54096442328559,720.0,0.0,3425.001953125,4.756947157118056,720.0,0.0,91.35709428787231,0.12688485317760043,720.0,0.0,11008.871337890625,15.290099080403646,720.0,0.0,264.26551055908203,0.3670354313320584,2,0,20,#509dc2,2,20,#509dc2
267,480291311003,G48002901311003,48,029,131100,3,480291311003,Block Group 3,G5030,S,1072502.0,0.0,+29.4014618,-098.4290196,7624.3932777,1072500.6534,48,029,131100,3,0.9544072948328267,16122.0,1193.0,0.0,49487.28104347283,41.48137556032928,1178.0,0.0,700207.6033935547,594.4037380250888,1180.0,0.0,26017.0146484375,22.048317498675846,1180.0,0.0,5704.202545166016,4.834069953530522,1180.0,0.0,114.36725616455078,0.09692140352928032,1180.0,0.0,19773.547119140625,16.757243321305616,1180.0,0.0,424.89738941192627,0.3600825333999375,2,0,20,#509dc2,2,20,#509dc2
268,480291312001,G48002901312001,48,029,131200,1,480291312001,Block Group 1,G5030,S,2090911.0,4121.0,+29.4046283,-098.4145785,7057.32354132,2095029.31327,48,029,131200,1,0.8598207008964955,13930.0,2330.0,0.0,97383.06500809288,41.795306870426124,2336.0,0.0,1445507.349937439,618.7959545965064,2337.0,0.0,45272.318359375,19.37198047042148,2337.0,0.0,10074.695068359375,4.310952104561136,2337.0,0.0,473.82843017578125,0.20275071894556324,2337.0,0.0,33937.2138671875,14.521700413858579,2337.0,0.0,786.5833740234375,0.3365782516146502,1,0,10,#b4d3e1,2,20,#509dc2
269,480291312002,G48002901312002,48,029,131200,2,480291312002,Block Group 2,G5030,S,2754720.0,0.0,+29.3920713,-098.4134088,9014.58715456,2754720.48552,48,029,131200,2,0.8341269841269842,23368.0,3063.0,0.0,126283.6205406189,41.22873670931077,3094.0,0.0,1706672.1030921936,551.6070145740767,3080.0,0.0,59410.2705078125,19.28904886617289,3080.0,0.0,15308.218139648438,4.9702006946910515,3080.0,0.0,780.433666229248,0.2533875539705351,3080.0,0.0,41951.4287109375,13.62059373731737,3080.0,0.0,1370.1886978149414,0.4448664603295264,1,0,10,#b4d3e1,1,10,#b4d3e1
270,480291313001,G48002901313001,48,029,131300,1,480291313001,Block Group 1,G5030,S,754931.0,0.0,+29.4043888,-098.3937062,4058.89101916,754930.796973,48,029,131300,1,0.9364406779661016,18492.0,858.0,0.0,36827.57718658447,42.922584133548334,858.0,0.0,75300.62336158752,87.76296429089454,847.0,0.0,20361.0029296875,24.038964497860093,847.0,0.0,3590.0887451171875,4.2385935597605515,847.0,0.0,43.78828525543213,0.05169809357193876,847.0,0.0,16534.6640625,19.521445174144038,847.0,0.0,192.46263122558594,0.22722860829467054,2,1,21,#376387,2,21,#376387
271,480291313002,G48002901313002,48,029,131300,2,480291313002,Block Group 2,G5030,S,708670.0,0.0,+29.3963874,-098.3937340,3563.5757316,708668.945948,48,029,131300,2,0.9594202898550724,24805.0,796.0,0.0,34053.04088592529,42.7802021179966,807.0,0.0,103394.49481201172,128.12205057250523,790.0,0.0,17985.934326171875,22.76700547616693,790.0,0.0,3375.5645599365234,4.27286653156522,790.0,0.0,10.510475039482117,0.013304398784154578,790.0,0.0,14401.130981445312,18.229279723348498,790.0,0.0,198.72887992858887,0.25155554421340365,2,1,21,#376387,1,11,#b3b3b3
272,480291313003,G48002901313003,48,029,131300,3,480291313003,Block Group 3,G5030,S,3025116.0,0.0,+29.3854769,-098.3983473,7975.04673059,3025113.95381,48,029,131300,3,0.8484982332155477,19026.0,3351.0,0.0,141667.63302230835,42.276225909372826,3316.0,0.0,654661.1950130463,197.42496833927814,3331.0,0.0,60510.452392578125,18.16585181404327,3331.0,0.0,14449.179748535156,4.337790377825025,3331.0,0.0,498.72398376464844,0.14972200052976536,3331.0,0.0,44517.64392089844,13.36464843017065,3331.0,0.0,1044.9046745300293,0.3136909860492433,1,0,10,#b4d3e1,2,20,#509dc2
273,480291313004,G48002901313004,48,029,131300,4,480291313004,Block Group 4,G5030,S,857664.0,0.0,+29.4037737,-098.4016488,3786.91551259,857663.810065,48,029,131300,4,0.814176245210728,20836.0,954.0,0.0,40875.64249420166,42.846585423691465,964.0,0.0,119693.7873840332,124.1636798589556,945.0,0.0,21956.654296875,23.234554811507937,945.0,0.0,4072.640380859375,4.309672360697752,945.0,0.0,72.57146406173706,0.07679520006533022,945.0,0.0,17565.62939453125,18.58796761326058,945.0,0.0,245.8122329711914,0.2601187650488798,1,1,11,#b3b3b3,1,11,#b3b3b3
274,480291314011,G48002901314011,48,029,131401,1,480291314011,Block Group 1,G5030,S,4356602.0,89463.0,+29.3731116,-098.3665750,11872.1501603,4446067.85318,48,029,131401,1,0.8941252420916721,32239.0,4922.0,0.0,196939.35360197767,40.01205883827259,4942.0,0.0,5643679.502380371,1141.9829021409087,4961.0,0.0,83139.09204101562,16.758534981055355,4961.0,0.0,22665.518096923828,4.568739789744775,4961.0,0.0,927.7737216949463,0.18701344924308533,4961.0,0.0,57701.149475097656,11.630951315278706,4961.0,0.0,1844.6524085998535,0.37183076166092593,2,0,20,#509dc2,1,10,#b4d3e1
275,480291314012,G48002901314012,48,029,131401,2,480291314012,Block Group 2,G5030,S,632002.0,0.0,+29.3827697,-098.3729821,3844.67138901,632003.108128,48,029,131401,2,0.8699324324324325,21710.0,700.0,0.0,28913.688861846924,41.30526980263846,689.0,0.0,137883.50551223755,200.12119813096888,690.0,0.0,10873.91650390625,15.759299281023551,690.0,0.0,2307.9444580078125,3.3448470405910324,690.0,0.0,1.8712289333343506,0.0027119259903396384,690.0,0.0,8397.29638671875,12.169994763360508,690.0,0.0,166.8043212890625,0.24174539317255433,1,0,10,#b4d3e1,1,10,#b4d3e1
276,480291314013,G48002901314013,48,029,131401,3,480291314013,Block Group 3,G5030,S,584854.0,0.0,+29.3911381,-098.3717691,3466.66633024,584851.283607,48,029,131401,3,0.5793279455550829,20039.0,652.0,0.0,27297.155601501465,41.86680306978752,653.0,0.0,135215.01023864746,207.06739699639735,650.0,0.0,13915.11181640625,21.407864332932693,650.0,0.0,2688.9935302734375,4.136913123497596,650.0,0.0,1.7821228504180908,0.002741727462181678,650.0,0.0,11054.45361328125,17.006851712740385,650.0,0.0,169.88329315185547,0.2613589125413161,0,0,00,#f3f3f3,2,20,#509dc2
277,480291314014,G48002901314014,48,029,131401,4,480291314014,Block Group 4,G5030,S,2309968.0,472.0,+29.3790678,-098.3840440,7006.65267857,2310435.36749,48,029,131401,4,0.8224768797748291,20433.0,2559.0,0.0,106496.66677093506,41.61651690931421,2576.0,0.0,610231.5962677002,236.89114761944884,2570.0,0.0,45026.115234375,17.519889196254862,2570.0,0.0,12159.459228515625,4.731307092807636,2570.0,0.0,253.60737991333008,0.09867991436316345,2570.0,0.0,31656.1787109375,12.317579264956226,2570.0,0.0,956.8717651367188,0.3723236440220696,1,0,10,#b4d3e1,2,20,#509dc2
278,480291314021,G48002901314021,48,029,131402,1,480291314021,Block Group 1,G5030,S,1769410.0,38933.0,+29.3912849,-098.3818726,5626.41649575,1808340.64287,48,029,131402,1,0.9176829268292683,22297.0,2005.0,0.0,84358.38077926636,42.074005376192694,2003.0,0.0,578591.124130249,288.8622686621313,2000.0,0.0,36886.017578125,18.4430087890625,2000.0,0.0,8839.873046875,4.4199365234375,2000.0,0.0,234.0518569946289,0.11702592849731445,2000.0,0.0,27130.041015625,13.5650205078125,2000.0,0.0,682.056396484375,0.3410281982421875,2,0,20,#509dc2,1,10,#b4d3e1
279,480291314022,G48002901314022,48,029,131402,2,480291314022,Block Group 2,G5030,S,7851975.0,64270.0,+29.4058288,-098.3699513,11762.7930687,7916245.12407,48,029,131402,2,0.8162230671736375,16439.0,8792.0,0.0,365573.24850853375,41.58021479851385,8798.0,0.0,7420067.06157136,843.3811163413684,8761.0,0.0,141291.824508667,16.127362687897158,8761.0,0.0,41081.683322906494,4.68915458542478,8761.0,0.0,2752.5230011940002,0.3141790892813606,8761.0,0.0,94005.63555908203,10.730012048748092,8761.0,0.0,3451.9860813617706,0.3940173589044368,1,0,10,#b4d3e1,2,20,#509dc2
280,480291315031,G48002901315031,48,029,131503,1,480291315031,Block Group 1,G5030,S,818872.0,0.0,+29.4623241,-098.3950706,4820.51894637,818875.949199,48,029,131503,1,0.7453416149068324,23572.0,906.0,0.0,39331.103996276855,43.411814565426994,913.0,0.0,39513.78702926636,43.27906574947027,892.0,0.0,16991.740478515625,19.049036410891958,892.0,0.0,3526.9234619140625,3.953950069410384,892.0,0.0,43.25174355506897,0.04848850174335086,892.0,0.0,13192.14697265625,14.789402435713285,892.0,0.0,229.41925048828125,0.25719646915726596,1,2,12,#b36600,1,12,#b36600
281,480291315032,G48002901315032,48,029,131503,2,480291315032,Block Group 2,G5030,S,470939.0,0.0,+29.4622229,-098.3883513,3128.69517221,470937.051387,48,029,131503,2,0.5293631100082713,21771.0,535.0,0.0,23173.42893218994,43.31482043399989,523.0,0.0,27577.895259857178,52.7302012616772,525.0,0.0,13898.095947265625,26.47256370907738,525.0,0.0,2328.8804321289062,4.435962727864584,525.0,0.0,0.0,0.0,525.0,0.0,11456.12451171875,21.821189546130952,525.0,0.0,113.09014701843262,0.21540980384463357,0,2,02,#f3b300,1,12,#b36600
282,480291315033,G48002901315033,48,029,131503,3,480291315033,Block Group 3,G5030,S,899398.0,0.0,+29.4672386,-098.3843321,4509.02980012,899398.228985,48,029,131503,3,0.645360824742268,27238.0,992.0,0.0,42971.08961868286,43.31763066399482,1012.0,0.0,66515.43585014343,65.72671526694015,1010.0,0.0,25007.61297607422,24.760012847598237,1010.0,0.0,4280.967926025391,4.2385821049756345,1010.0,0.0,15.605725765228271,0.015451213628938882,1010.0,0.0,20488.6298828125,20.285772161200494,1010.0,0.0,222.40863418579102,0.22020656850078318,0,2,02,#f3b300,1,12,#b36600
283,480291315041,G48002901315041,48,029,131504,1,480291315041,Block Group 1,G5030,S,564890.0,0.0,+29.4557880,-098.4007416,3886.2025126,564889.380082,48,029,131504,1,0.8800436205016358,15355.0,612.0,0.0,26570.70824432373,43.41618994170544,632.0,0.0,44750.51768398285,70.80778114554248,644.0,0.0,8062.3505859375,12.51917792847438,644.0,0.0,2019.0088500976562,3.135106910089528,644.0,0.0,84.96532440185547,0.13193373354325383,644.0,0.0,5814.456298828125,9.028658849111995,644.0,0.0,143.92056274414062,0.22347913469587052,1,2,12,#b36600,2,22,#000000
284,480291315042,G48002901315042,48,029,131504,2,480291315042,Block Group 2,G5030,S,426233.0,0.0,+29.4567472,-098.3898395,3586.3154674,426233.349574,48,029,131504,2,0.935871743486974,19529.0,467.0,0.0,20219.119430541992,43.295758951910045,475.0,0.0,25064.55206489563,52.76747803135922,489.0,0.0,11825.225219726562,24.18246466201751,489.0,0.0,2030.4958190917969,4.152343188326783,489.0,0.0,0.0,0.0,489.0,0.0,9691.3603515625,19.818732825281185,489.0,0.0,103.36947345733643,0.21138951627267163,2,2,22,#000000,2,22,#000000
285,480291315043,G48002901315043,48,029,131504,3,480291315043,Block Group 3,G5030,S,3201960.0,0.0,+29.4476378,-098.3896470,8793.64329778,3201956.76842,48,029,131504,3,0.7971808927173062,22351.0,3545.0,0.0,153492.91819381714,43.298425442543625,3561.0,0.0,486641.45373916626,136.65865030585965,3553.0,0.0,59538.69891357422,16.757303381248022,3553.0,0.0,16003.122619628906,4.50411556983645,3553.0,0.0,741.0319585800171,0.20856514454827388,3553.0,0.0,41607.560943603516,11.710543468506478,3553.0,0.0,1186.9825716018677,0.33407896752093097,1,2,12,#b36600,1,12,#b36600
286,480291315051,G48002901315051,48,029,131505,1,480291315051,Block Group 1,G5030,S,1023119.0,2526.0,+29.4735480,-098.3690440,4784.34916776,1025645.05418,48,029,131505,1,0.8696551724137931,33044.0,1145.0,0.0,49390.09778708127,43.13545658260373,1137.0,0.0,55880.39009475708,49.14722083971599,1141.0,0.0,17083.18212890625,14.972114048121165,1141.0,0.0,3873.400390625,3.3947417972173533,1141.0,0.0,6.1614274978637695,0.005400024099792962,1141.0,0.0,12914.2138671875,11.318329419095091,1141.0,0.0,289.4084167480469,0.25364453702721024,1,1,11,#b3b3b3,0,01,#f3e6b3
287,480291315052,G48002901315052,48,029,131505,2,480291315052,Block Group 2,G5030,S,438023.0,0.0,+29.4702192,-098.3638654,2814.41084463,438024.669048,48,029,131505,2,0.9525294525294525,25207.0,490.0,0.0,21167.099365234375,43.19816196986607,478.0,0.0,10774.651358604431,22.541111628879563,489.0,0.0,6724.9296875,13.752412448875255,489.0,0.0,1440.0814208984375,2.9449517809784,489.0,0.0,1.1826815605163574,0.002418571698397459,489.0,0.0,5182.4208984375,10.59799774731595,489.0,0.0,101.24630737304688,0.20704766333956418,2,2,22,#000000,1,12,#b36600
288,480291315061,G48002901315061,48,029,131506,1,480291315061,Block Group 1,G5030,S,8436978.0,30114.0,+29.4346963,-098.3723584,14485.0241876,8467085.85652,48,029,131506,1,0.9127943984723106,20871.0,9363.0,0.0,395435.5419996375,42.2338504752363,9360.0,0.0,20079516.80814743,2145.2475222379735,9405.0,0.0,147065.8779296875,15.636988615596756,9405.0,0.0,41656.551513671875,4.429192080135234,9405.0,0.0,2955.993209838867,0.3143001818010491,9405.0,0.0,98860.8056640625,10.511515753754653,9405.0,0.0,3592.5254516601562,0.381980377635317,2,0,20,#509dc2,1,10,#b4d3e1
289,480291315062,G48002901315062,48,029,131506,2,480291315062,Block Group 2,G5030,S,1348548.0,384.0,+29.4529358,-098.3640577,5988.49598063,1348930.82266,48,029,131506,2,0.8667741069030352,24332.0,1498.0,0.0,63327.128398895264,42.274451534643035,1499.0,0.0,634247.0369005203,423.1134335560509,1497.0,0.0,25278.886962890625,16.886364036667086,1497.0,0.0,7506.514221191406,5.014371557242089,1497.0,0.0,102.36103820800781,0.06837744703273735,1497.0,0.0,16920.056640625,11.302643046509687,1497.0,0.0,749.9550247192383,0.5009719604002928,1,0,10,#b4d3e1,1,10,#b4d3e1
290,480291315071,G48002901315071,48,029,131507,1,480291315071,Block Group 1,G5030,S,1090290.0,781.0,+29.4644828,-098.3743409,4843.35969227,1091071.98928,48,029,131507,1,0.7905245346869713,16677.0,1198.0,0.0,51601.17807006836,43.07276967451449,1204.0,0.0,72996.785987854,60.62855979057642,1198.0,0.0,23825.27651977539,19.88754300482086,1198.0,0.0,5868.713470458984,4.898759157311339,1198.0,0.0,55.03305220603943,0.04593743923709468,1198.0,0.0,17389.889877319336,14.515767844173068,1198.0,0.0,511.63868141174316,0.42707736344886743,1,1,11,#b3b3b3,2,21,#376387
291,480291315072,G48002901315072,48,029,131507,2,480291315072,Block Group 2,G5030,S,410665.0,0.0,+29.4660849,-098.3796984,3706.20484165,410665.121605,48,029,131507,2,0.866504854368932,25359.0,457.0,0.0,19731.64377593994,43.176463404682586,445.0,0.0,25701.46940612793,57.75611102500658,444.0,0.0,10433.466373443604,23.498798138386494,444.0,0.0,1789.6207647323608,4.0306773980458575,444.0,0.0,10.413268566131592,0.02345330758137746,444.0,0.0,8538.126304626465,19.230014199609155,444.0,0.0,95.30628514289856,0.21465379536688864,1,2,12,#b36600,1,12,#b36600
292,480291315073,G48002901315073,48,029,131507,3,480291315073,Block Group 3,G5030,S,664686.0,0.0,+29.4647019,-098.3646055,3345.66685294,664683.413538,48,029,131507,3,0.8499776085982982,17792.0,764.0,0.0,32932.497718811035,43.10536350629717,742.0,0.0,14694.286505699158,19.8036206276269,731.0,0.0,14991.1669921875,20.507752383293433,731.0,0.0,2692.36572265625,3.6831268435790014,731.0,0.0,0.0,0.0,731.0,0.0,12147.39892578125,16.61750879039843,731.0,0.0,151.40102005004883,0.20711493850895873,1,1,11,#b3b3b3,2,21,#376387
293,480291316012,G48002901316012,48,029,131601,2,480291316012,Block Group 2,G5030,S,27694032.0,451172.0,+29.4891542,-098.2618144,30120.6263387,28145199.3301,48,029,131601,2,0.6469042535720151,48092.0,31300.0,0.0,1240457.2243209444,39.631221224311325,31302.0,0.0,80967006.61893797,2586.6400427748376,31288.0,0.0,498043.31640625,15.918029800762273,31288.0,0.0,170632.69604492188,5.453614677989066,31288.0,0.0,6658.163665771484,0.21280246950177334,31288.0,0.0,302632.0390625,9.67246353434224,31288.0,0.0,18120.41717529297,0.5791491042985479,0,0,00,#f3f3f3,0,00,#f3f3f3
294,480291316061,G48002901316061,48,029,131606,1,480291316061,Block Group 1,G5030,S,7512468.0,89209.0,+29.4757975,-098.3054866,14943.7472289,7601676.40332,48,029,131606,1,0.8343666961913198,24240.0,8455.0,0.0,345444.29887694225,40.856806490472174,8447.0,0.0,20475685.464611053,2424.0186414834916,8452.0,0.0,156979.03121948242,18.573004166999812,8452.0,0.0,47608.428018569946,5.632800286153567,8452.0,0.0,1194.8791007995605,0.14137234983430674,8452.0,0.0,103524.68642425537,12.248543116925624,8452.0,0.0,4651.03535091877,0.5502881390107395,1,0,10,#b4d3e1,1,10,#b4d3e1
295,480291316062,G48002901316062,48,029,131606,2,480291316062,Block Group 2,G5030,S,2529674.0,31823.0,+29.5022960,-098.2934978,8268.85066264,2561497.98255,48,029,131606,2,0.7752691906912123,39555.0,2842.0,0.0,118049.76454162598,41.537566693042216,2848.0,0.0,873538.7681598663,306.7200730898407,2847.0,0.0,52038.6806640625,18.27842664701879,2847.0,0.0,15508.29736328125,5.447241785486916,2847.0,0.0,323.93146324157715,0.1137799308892087,2847.0,0.0,34665.462646484375,12.17613721337702,2847.0,0.0,1540.9901428222656,0.5412680515708695,1,0,10,#b4d3e1,0,00,#f3f3f3
296,480291316081,G48002901316081,48,029,131608,1,480291316081,Block Group 1,G5030,S,1363662.0,2923.0,+29.5146870,-098.3126101,6497.74859068,1366586.10027,48,029,131608,1,0.764153627311522,17087.0,1524.0,0.0,64999.41431808472,42.650534329451915,1515.0,0.0,125905.66475105286,83.10604934062894,1516.0,0.0,30740.404296875,20.277311541474276,1516.0,0.0,6549.99267578125,4.320575643655178,1516.0,0.0,72.0187292098999,0.04750575805402368,1516.0,0.0,23660.1201171875,15.60693939128463,1516.0,0.0,458.2755889892578,0.30229260487418064,1,1,11,#b3b3b3,2,21,#376387
297,480291316082,G48002901316082,48,029,131608,2,480291316082,Block Group 2,G5030,S,3540704.0,11376.0,+29.5189335,-098.3012387,8823.38038445,3552083.31378,48,029,131608,2,0.6926419466975666,32241.0,3953.0,0.0,167510.2343711853,42.375470369639594,3956.0,0.0,387833.55257320404,98.03679286481396,3958.0,0.0,72675.73754882812,18.361732579289573,3958.0,0.0,21216.223083496094,5.360339333879761,3958.0,0.0,607.5560836791992,0.1535007791003535,3958.0,0.0,49099.41455078125,12.405107263966965,3958.0,0.0,1752.5445251464844,0.4427853777530279,1,0,10,#b4d3e1,1,10,#b4d3e1
298,480291316091,G48002901316091,48,029,131609,1,480291316091,Block Group 1,G5030,S,2650996.0,96015.0,+29.5087660,-098.3206730,12579.3724767,2747009.04259,48,029,131609,1,0.8136569313039901,47780.0,3052.0,0.0,130641.18523579843,42.80510656480945,3063.0,0.0,348667.38792037964,113.83199083264108,3060.0,0.0,58500.68359375,19.117870455473856,3060.0,0.0,19357.235107421875,6.325893825954861,3060.0,0.0,250.7072811126709,0.08193048402374865,3060.0,0.0,36911.5615234375,12.062601805044935,3060.0,0.0,1981.1813659667969,0.6474448908388225,1,1,11,#b3b3b3,0,01,#f3e6b3
299,480291316092,G48002901316092,48,029,131609,2,480291316092,Block Group 2,G5030,S,689433.0,0.0,+29.5010169,-098.3331145,3995.83193771,689432.156039,48,029,131609,2,0.711139896373057,37171.0,764.0,0.0,32878.45089258414,43.03462158715201,765.0,0.0,58251.973163604736,76.14637014850292,769.0,0.0,13182.30517578125,17.142139370326724,769.0,0.0,3063.5050048828125,3.9837516318372073,769.0,0.0,0.0,0.0,769.0,0.0,9887.1884765625,12.857202180185306,769.0,0.0,231.61243438720703,0.301186520659567,1,1,11,#b3b3b3,0,01,#f3e6b3
300,480291316093,G48002901316093,48,029,131609,3,480291316093,Block Group 3,G5030,S,1429924.0,4397.0,+29.5013699,-098.3234809,5831.64277434,1434319.86835,48,029,131609,3,0.686087666757419,29313.0,1600.0,0.0,68810.9832049309,43.006864503081815,1593.0,0.0,75493.5010547638,47.39077279018443,1588.0,0.0,30254.0068359375,19.051641584343514,1588.0,0.0,5734.731689453125,3.611291995877283,1588.0,0.0,161.5406265258789,0.10172583534375246,1588.0,0.0,23999.4736328125,15.113018660461272,1588.0,0.0,358.2602233886719,0.22560467467800496,1,1,11,#b3b3b3,1,11,#b3b3b3
301,480291316101,G48002901316101,48,029,131610,1,480291316101,Block Group 1,G5030,S,972883.0,0.0,+29.4928883,-098.3216652,4491.7950565,972883.214916,48,029,131610,1,0.8172703751617076,22790.0,1082.0,0.0,46337.490768408905,42.825777050285495,1082.0,0.0,44227.141704559326,40.87536201900122,1083.0,0.0,14683.73681640625,13.558390412194136,1083.0,0.0,3268.6150817871094,3.0181118022041638,1083.0,0.0,37.870582580566406,0.034968220295998526,1083.0,0.0,11143.1982421875,10.28919505280471,1083.0,0.0,234.05316925048828,0.21611557640857643,1,1,11,#b3b3b3,1,11,#b3b3b3
302,480291316102,G48002901316102,48,029,131610,2,480291316102,Block Group 2,G5030,S,853316.0,0.0,+29.4971940,-098.3138497,4412.52451926,853316.752859,48,029,131610,2,0.8859315589353612,25662.0,945.0,0.0,40229.06097883202,42.57043489823494,949.0,0.0,107435.11321353912,113.2087599721171,949.0,0.0,18792.274932861328,19.802186441371262,949.0,0.0,3457.177707672119,3.6429691334795775,949.0,0.0,9.260606288909912,0.009758278492002014,949.0,0.0,15126.994750976562,15.939931244443164,949.0,0.0,198.84198808670044,0.2095279115771343,2,1,21,#376387,1,11,#b3b3b3
303,480291316121,G48002901316121,48,029,131612,1,480291316121,Block Group 1,G5030,S,2078575.0,45782.0,+29.4648030,-098.3211920,7033.63785867,2124353.10306,48,029,131612,1,0.8124137931034483,26035.0,2365.0,0.0,97909.68714523315,41.39944488170535,2362.0,0.0,942390.8582038879,398.98004157658255,2357.0,0.0,41458.08984375,17.58934656077641,2357.0,0.0,10756.58203125,4.563675023865083,2357.0,0.0,323.9819622039795,0.13745522367585045,2357.0,0.0,29524.061767578125,12.526118696469293,2357.0,0.0,853.4623336791992,0.3620968747047939,1,0,10,#b4d3e1,1,10,#b4d3e1
304,480291316141,G48002901316141,48,029,131614,1,480291316141,Block Group 1,G5030,S,2265415.0,75952.0,+29.4740565,-098.3377320,8463.6892489,2341365.34496,48,029,131614,1,0.7530312699425654,22112.0,2597.0,0.0,109767.11005010971,42.26688873704648,2602.0,0.0,580256.4824790955,223.00402862378766,2598.0,0.0,49609.054443359375,19.09509408905288,2598.0,0.0,10938.843505859375,4.210486337898143,2598.0,0.0,146.22890257835388,0.056285181900829054,2598.0,0.0,37729.518798828125,14.522524556900741,2598.0,0.0,794.4680595397949,0.30579986895296185,1,0,10,#b4d3e1,1,10,#b4d3e1
305,480291316142,G48002901316142,48,029,131614,2,480291316142,Block Group 2,G5030,S,305070.0,0.0,+29.4682982,-098.3482799,2345.72099051,305069.726345,48,029,131614,2,0.8478260869565217,28994.0,335.0,0.0,14268.30765914917,42.59196316163931,340.0,0.0,61892.05641937256,182.0354600569781,340.0,0.0,4719.5341796875,13.880982881433823,340.0,0.0,1011.6868286132812,2.9755494959214155,340.0,0.0,0.0,0.0,340.0,0.0,3635.609375,10.69296875,340.0,0.0,72.2379150390625,0.21246445599724265,1,1,11,#b3b3b3,1,11,#b3b3b3
306,480291316151,G48002901316151,48,029,131615,1,480291316151,Block Group 1,G5030,S,3649938.0,12179.0,+29.4823971,-098.3605218,11222.2740849,3662116.05796,48,029,131615,1,0.619804400977995,29673.0,4080.0,0.0,175782.86876532357,43.08403646208911,4078.0,0.0,336412.10415267944,82.49438552051973,4060.0,0.0,57745.01281738281,14.222909560931727,4060.0,0.0,15052.750930786133,3.707574120883284,4060.0,0.0,669.4461307525635,0.16488820954496639,4060.0,0.0,40803.92254638672,10.05022722817407,4060.0,0.0,1218.893982887268,0.3002201928293764,0,1,01,#f3e6b3,1,11,#b3b3b3
307,480291316152,G48002901316152,48,029,131615,2,480291316152,Block Group 2,G5030,S,1121422.0,0.0,+29.4703269,-098.3533113,4805.94743425,1121420.18941,48,029,131615,2,0.8999746771334515,32987.0,1231.0,0.0,52955.02021775147,43.0178880729094,1259.0,0.0,67312.75762367249,53.465256253909835,1255.0,0.0,23826.820068359375,18.985513998692728,1255.0,0.0,4592.175491333008,3.659103977157775,1255.0,0.0,7.881843566894531,0.006280353439756599,1255.0,0.0,18941.316650390625,15.09268258995269,1255.0,0.0,285.4455728530884,0.22744667159608636,2,1,21,#376387,0,01,#f3e6b3
308,480291316153,G48002901316153,48,029,131615,3,480291316153,Block Group 3,G5030,S,5170313.0,174897.0,+29.4586680,-098.3480347,10358.7131732,5345211.79655,48,029,131615,3,0.8104065725721508,31965.0,5943.0,0.0,247209.12162399292,41.596688814402306,5942.0,0.0,2806608.8128681183,472.3340311121034,5947.0,0.0,116692.77526855469,19.622124645796987,5947.0,0.0,28348.160522460938,4.7668001551136605,5947.0,0.0,685.2273416519165,0.1152223544059049,5947.0,0.0,85414.97425842285,14.362699555813494,5947.0,0.0,2244.4212188720703,0.3774039379303969,1,0,10,#b4d3e1,1,10,#b4d3e1
309,480291316154,G48002901316154,48,029,131615,4,480291316154,Block Group 4,G5030,S,619648.0,0.0,+29.4764352,-098.3548088,3604.59434113,619646.650905,48,029,131615,4,0.8484251968503937,18831.0,683.0,0.0,29525.37153996556,43.22894808194079,688.0,0.0,18062.337378501892,26.25339735247368,694.0,0.0,12269.925598144531,17.68000806649068,694.0,0.0,2379.016746520996,3.4279780209236255,694.0,0.0,7.849441051483154,0.01131043379176247,694.0,0.0,9734.371948242188,14.026472547899406,694.0,0.0,148.68782138824463,0.21424758125107296,1,2,12,#b36600,2,22,#000000
310,480291316161,G48002901316161,48,029,131616,1,480291316161,Block Group 1,G5030,S,3159663.0,60340.0,+29.4795445,-098.3221794,9516.08672631,3219999.81247,48,029,131616,1,0.7672651933701657,29350.0,3582.0,0.0,149807.8306826956,41.82239829220983,3578.0,0.0,1738415.6788520813,485.86240325659065,3579.0,0.0,72682.12158203125,20.30794120760862,3579.0,0.0,16364.163818359375,4.57227265112025,3579.0,0.0,317.85518074035645,0.08881117092493894,3579.0,0.0,54846.1494140625,15.324434035781643,3579.0,0.0,1153.9583282470703,0.3224247913515145,1,0,10,#b4d3e1,1,10,#b4d3e1
311,480291316162,G48002901316162,48,029,131616,2,480291316162,Block Group 2,G5030,S,1863256.0,39888.0,+29.4823386,-098.3347617,8869.365057,1903143.93431,48,029,131616,2,0.7057425742574257,24053.0,2119.0,0.0,90145.52765108872,42.54154207224574,2116.0,0.0,527910.2923355103,249.48501528143206,2119.0,0.0,42026.48986816406,19.833171245004277,2119.0,0.0,9606.58773803711,4.533547776327093,2119.0,0.0,230.7527370452881,0.10889699718984808,2119.0,0.0,31451.649291992188,14.842684894757992,2119.0,0.0,737.5011558532715,0.34804207449422914,1,1,11,#b3b3b3,1,11,#b3b3b3
312,480291316163,G48002901316163,48,029,131616,3,480291316163,Block Group 3,G5030,S,936117.0,6150.0,+29.4929734,-098.3393289,6165.56573332,942266.290952,48,029,131616,3,0.7822506861848124,36043.0,1043.0,0.0,44804.15018237011,42.95699921607873,1043.0,0.0,144812.00806427002,138.84181022461172,1050.0,0.0,18104.47314453125,17.242355375744047,1050.0,0.0,3895.6107177734375,3.710105445498512,1050.0,0.0,11.833486318588257,0.011269986970084054,1050.0,0.0,13908.61474609375,13.246299758184524,1050.0,0.0,288.41534423828125,0.2746812802269345,1,1,11,#b3b3b3,0,01,#f3e6b3
313,480291317001,G48002901317001,48,029,131700,1,480291317001,Block Group 1,G5030,S,11739861.0,109695.0,+29.5295330,-098.2784252,19852.6450054,11849556.5934,48,029,131700,1,0.3133441383036196,30241.0,13186.0,0.0,558644.9849030415,42.36652395745802,13184.0,0.0,12063134.056562424,914.9828622999411,13191.0,0.0,245940.5087890625,18.644568932534494,13191.0,0.0,78461.48425292969,5.948107365092085,13191.0,0.0,2558.736898422241,0.1939759607628111,13191.0,0.0,157569.4051513672,11.94522061643296,13191.0,0.0,7350.881103515625,0.5572648854154821,0,0,00,#f3f3f3,1,10,#b4d3e1
314,480291318021,G48002901318021,48,029,131802,1,480291318021,Block Group 1,G5030,S,30606130.0,284707.0,+29.4104152,-098.3292394,28972.0501171,30890857.2212,48,029,131802,1,0.5854865310610226,44628.0,34361.0,0.0,1360003.8805815196,39.57986905449549,34275.0,0.0,347974387.0662365,10152.425589095157,34297.0,0.0,532632.9325866699,15.530015237095663,34297.0,0.0,174638.24240875244,5.091939306900092,34297.0,0.0,9688.390508651733,0.2824850718328639,34297.0,0.0,331143.3246765137,9.655168809998358,34297.0,0.0,17162.970311164856,0.5004219118629867,0,0,00,#f3f3f3,0,00,#f3f3f3
315,480291318022,G48002901318022,48,029,131802,2,480291318022,Block Group 2,G5030,S,56110424.0,578169.0,+29.4436970,-098.2720648,32750.0649935,56688605.4832,48,029,131802,2,0.3956100051046453,37697.0,62954.0,0.0,2554428.106774338,40.57610488252276,62963.0,0.0,895598448.1787314,14224.202280366746,62959.0,0.0,868950.8747558594,13.80185318629361,62959.0,0.0,247966.34895324707,3.9385369677607183,62959.0,0.0,23981.71174621582,0.38090998500954304,62959.0,0.0,575036.0784606934,9.133500825310017,62959.0,0.0,21966.800534248352,0.3489064396551462,0,0,00,#f3f3f3,0,00,#f3f3f3
316,480291318023,G48002901318023,48,029,131802,3,480291318023,Block Group 3,G5030,S,37782158.0,516554.0,+29.3901886,-098.2726396,27945.4800613,38298717.727,48,029,131802,3,0.47076239822353816,25304.0,42494.0,0.0,1595647.9347212445,37.549958458164554,42513.0,0.0,436127617.7133012,10258.688347406704,42494.0,0.0,654566.041015625,15.403728550280627,42494.0,0.0,212380.6650390625,4.997897704124406,42494.0,0.0,12768.913330078125,0.3004874412876671,42494.0,0.0,408461.265625,9.612210326752011,42494.0,0.0,20955.205688476562,0.4931332820745649,0,0,00,#f3f3f3,1,10,#b4d3e1
317,480291401001,G48002901401001,48,029,140100,1,480291401001,Block Group 1,G5030,S,307512.0,0.0,+29.4052810,-098.4835040,2197.34447314,307513.053749,48,029,140100,1,0.6936671575846833,28264.0,342.0,0.0,14884.70934677124,43.52254194962351,344.0,0.0,11372.467407226562,33.0594982768214,340.0,0.0,7635.2568359375,22.456637752757352,340.0,0.0,1417.447509765625,4.168963264016544,340.0,0.0,3.2523741722106934,0.00956580638885498,340.0,0.0,6133.46923828125,18.039615406709558,340.0,0.0,81.08800506591797,0.23849413254681756,1,2,12,#b36600,1,12,#b36600
318,480291401002,G48002901401002,48,029,140100,2,480291401002,Block Group 2,G5030,S,671830.0,0.0,+29.4068655,-098.4766198,3565.10378249,671827.827707,48,029,140100,2,0.9725806451612903,21659.0,734.0,0.0,31953.604846954346,43.53352158985606,737.0,0.0,12918.644510269165,17.528689973228175,736.0,0.0,14621.632568359375,19.866348598314367,736.0,0.0,2830.115936279297,3.8452662177707837,736.0,0.0,39.99078857898712,0.05433531056927598,736.0,0.0,11586.945190429688,15.74313205221425,736.0,0.0,164.58119773864746,0.22361575779707535,2,2,22,#000000,1,12,#b36600
319,480291402001,G48002901402001,48,029,140200,1,480291402001,Block Group 1,G5030,S,696653.0,0.0,+29.3974209,-098.4763630,3741.39946,696653.916265,48,029,140200,1,0.932258064516129,14325.0,785.0,0.0,34118.95900726318,43.46364204746902,757.0,0.0,16797.453271865845,22.189502340641802,760.0,0.0,18000.398803710938,23.684735268040708,760.0,0.0,3500.2845458984375,4.605637560392681,760.0,0.0,6.230282545089722,0.008197740190907528,760.0,0.0,14283.258178710938,18.79376076146176,760.0,0.0,210.62566757202148,0.2771390362789756,2,2,22,#000000,2,22,#000000
320,480291402002,G48002901402002,48,029,140200,2,480291402002,Block Group 2,G5030,S,304225.0,0.0,+29.3992195,-098.4844874,2815.33177374,304226.950768,48,029,140200,2,0.7159763313609467,31208.0,338.0,0.0,14704.470111846924,43.50434944333409,336.0,0.0,12303.106834411621,36.616389388129825,337.0,0.0,7347.64453125,21.80309949925816,337.0,0.0,1297.5404968261719,3.8502685365761775,337.0,0.0,0.8019552826881409,0.0023796892661369167,337.0,0.0,5980.492279052734,17.746267890364198,337.0,0.0,68.80950546264648,0.20418250879123587,1,2,12,#b36600,1,12,#b36600
321,480291402003,G48002901402003,48,029,140200,3,480291402003,Block Group 3,G5030,S,535002.0,0.0,+29.3927298,-098.4836162,3752.22792472,535000.13892,48,029,140200,3,0.9008438818565401,12692.0,594.0,0.0,25788.159786224365,43.41441041451913,592.0,0.0,32382.374361038208,54.69995669094292,588.0,0.0,11642.78369140625,19.800652536405188,588.0,0.0,2926.837890625,4.977615460246598,588.0,0.0,11.502555251121521,0.019562168794424354,588.0,0.0,8510.165283203125,14.473070209529125,588.0,0.0,194.27799224853516,0.33040474872199854,2,2,22,#000000,2,22,#000000
322,480291402004,G48002901402004,48,029,140200,4,480291402004,Block Group 4,G5030,S,380684.0,0.0,+29.3964399,-098.4833662,3578.41244356,380682.514792,48,029,140200,4,0.9474747474747475,20367.0,423.0,0.0,18389.80249786377,43.47471039684106,425.0,0.0,13155.984008789062,30.955256491268383,422.0,0.0,9981.75390625,23.653445275473935,422.0,0.0,1789.80029296875,4.241232921726896,422.0,0.0,2.7379889488220215,0.006488125471142231,422.0,0.0,8092.47900390625,19.176490530583532,422.0,0.0,96.73629760742188,0.22923293271900919,2,2,22,#000000,2,22,#000000
323,480291403001,G48002901403001,48,029,140300,1,480291403001,Block Group 1,G5030,S,390029.0,0.0,+29.3873801,-098.4764256,2533.8488752,390028.232523,48,029,140300,1,0.9702833448514168,17691.0,439.0,0.0,19034.19129562378,43.358066732628195,424.0,0.0,18058.189979553223,42.59007070649345,427.0,0.0,9990.1171875,23.39605898711944,427.0,0.0,1922.72900390625,4.502878229288641,427.0,0.0,0.7102283835411072,0.0016632983221103212,427.0,0.0,7950.1015625,18.618504830210775,427.0,0.0,116.57620239257812,0.27301218358917595,2,2,22,#000000,2,22,#000000
324,480291403002,G48002901403002,48,029,140300,2,480291403002,Block Group 2,G5030,S,518478.0,0.0,+29.3869285,-098.4822425,3266.39731233,518475.089096,48,029,140300,2,0.9794007490636704,19946.0,576.0,0.0,24949.040378570557,43.314306212796104,577.0,0.0,40142.7678565979,69.57152141524766,575.0,0.0,12375.5087890625,21.52262398097826,575.0,0.0,2353.673324584961,4.093344912321672,575.0,0.0,11.087520718574524,0.019282644727955694,575.0,0.0,9871.892333984375,17.168508406929348,575.0,0.0,138.8558177947998,0.24148837877356488,2,2,22,#000000,2,22,#000000
325,480291403003,G48002901403003,48,029,140300,3,480291403003,Block Group 3,G5030,S,650236.0,10051.0,+29.3830553,-098.4869483,3916.54141381,660285.965392,48,029,140300,3,0.9607142857142857,12137.0,735.0,0.0,31779.110706329346,43.236885314733804,734.0,0.0,94981.74034500122,129.40291600136405,727.0,0.0,13672.14794921875,18.806255776091817,727.0,0.0,2965.5516357421875,4.07916318534001,727.0,0.0,297.3600769042969,0.4090234895519902,727.0,0.0,10192.943115234375,14.020554491381533,727.0,0.0,216.29474258422852,0.2975168398682648,2,2,22,#000000,2,22,#000000
326,480291404001,G48002901404001,48,029,140400,1,480291404001,Block Group 1,G5030,S,438611.0,0.0,+29.3993880,-098.4645273,2657.13910171,438611.154384,48,029,140400,1,0.9562130177514793,42011.0,483.0,0.0,20935.07599258423,43.343842634749954,483.0,0.0,18667.088144302368,38.64821561967364,483.0,0.0,10350.747741699219,21.43011954803151,483.0,0.0,2055.6607360839844,4.2560263687039015,483.0,0.0,12.999728202819824,0.026914551144554502,483.0,0.0,8156.451080322266,16.88706227809993,483.0,0.0,125.6359748840332,0.2601158900290543,2,2,22,#000000,0,02,#f3b300
327,480291404002,G48002901404002,48,029,140400,2,480291404002,Block Group 2,G5030,S,376539.0,0.0,+29.3936285,-098.4645132,2456.87200694,376539.53964,48,029,140400,2,0.8788819875776397,24424.0,414.0,0.0,17938.88011932373,43.33062830754524,416.0,0.0,13485.104137420654,32.4161157149535,420.0,0.0,10153.35791015625,24.174661690848215,420.0,0.0,1756.431884765625,4.181980678013393,420.0,0.0,0.0,0.0,420.0,0.0,8306.7080078125,19.77787620907738,420.0,0.0,90.21798324584961,0.21480472201392764,1,2,12,#b36600,1,12,#b36600
328,480291404003,G48002901404003,48,029,140400,3,480291404003,Block Group 3,G5030,S,390876.0,0.0,+29.3942097,-098.4706425,2520.21503052,390877.226185,48,029,140400,3,0.923155737704918,19853.0,414.0,0.0,17969.994049072266,43.405782727227695,437.0,0.0,7903.559203147888,18.085947833290362,456.0,0.0,10556.5478515625,23.150324235882675,456.0,0.0,1789.506591796875,3.924356560958059,456.0,0.0,0.0,0.0,456.0,0.0,8678.5390625,19.03188390899123,456.0,0.0,88.5025691986084,0.19408458157589561,2,2,22,#000000,2,22,#000000
329,480291404004,G48002901404004,48,029,140400,4,480291404004,Block Group 4,G5030,S,310085.0,0.0,+29.3999596,-098.4706436,2229.87627742,310084.380566,48,029,140400,4,0.9163934426229509,19654.0,342.0,0.0,14853.857467651367,43.43233177675838,361.0,0.0,9104.268184661865,25.219579458897133,361.0,0.0,5846.28173828125,16.19468625562673,361.0,0.0,1390.2510681152344,3.8511109920089597,361.0,0.0,14.448060989379883,0.040022329610470586,361.0,0.0,4339.764404296875,12.021508045143698,361.0,0.0,101.81838798522949,0.2820453960809681,2,2,22,#000000,2,22,#000000
330,480291405001,G48002901405001,48,029,140500,1,480291405001,Block Group 1,G5030,S,372680.0,0.0,+29.3991859,-098.4521868,2999.69415015,372680.1217,48,029,140500,1,0.923841059602649,20176.0,418.0,0.0,18008.404499053955,43.082307414004674,402.0,0.0,40666.32011413574,101.16000028391976,402.0,0.0,9027.705200195312,22.45697810993859,402.0,0.0,1820.4852752685547,4.528570336488942,402.0,0.0,10.888818144798279,0.02708661230049323,402.0,0.0,7080.781311035156,17.613883858296408,402.0,0.0,115.55043029785156,0.2874388813379392,2,1,21,#376387,2,21,#376387
331,480291405002,G48002901405002,48,029,140500,2,480291405002,Block Group 2,G5030,S,364851.0,0.0,+29.3935109,-098.4513713,2409.16755949,364852.416007,48,029,140500,2,0.7068466730954677,22617.0,414.0,0.0,17841.274253845215,43.09486534745221,393.0,0.0,26236.683235168457,66.7600082319808,394.0,0.0,10672.00341796875,27.086303091291242,394.0,0.0,1917.1702880859375,4.865914436766339,394.0,0.0,0.0,0.0,394.0,0.0,8649.239013671875,21.952383283431153,394.0,0.0,105.59315872192383,0.2680029409185884,1,1,11,#b3b3b3,1,11,#b3b3b3
332,480291405003,G48002901405003,48,029,140500,3,480291405003,Block Group 3,G5030,S,416634.0,0.0,+29.3938224,-098.4576904,2747.51982972,416635.303756,48,029,140500,3,0.9220963172804533,20793.0,468.0,0.0,20225.067863464355,43.21595697321443,472.0,0.0,32166.33765411377,68.14902045363087,472.0,0.0,9881.932373046875,20.936297400523042,472.0,0.0,1964.1482543945312,4.1613310474460405,472.0,0.0,0.0,0.0,472.0,0.0,7791.605224609375,16.507638187731725,472.0,0.0,126.17810440063477,0.2673264923742262,2,2,22,#000000,2,22,#000000
333,480291405004,G48002901405004,48,029,140500,4,480291405004,Block Group 4,G5030,S,377980.0,0.0,+29.3993046,-098.4582960,2692.7999284,377979.381059,48,029,140500,4,0.9932279909706546,19709.0,429.0,0.0,18545.841548919678,43.23039988093165,418.0,0.0,30817.18882751465,73.72533212324079,418.0,0.0,7678.580078125,18.369808799342106,418.0,0.0,1645.0321044921875,3.9354835035698263,418.0,0.0,19.856374740600586,0.04750328885311145,418.0,0.0,5904.649871826172,14.12595663116309,418.0,0.0,109.04284286499023,0.2608680451315556,2,2,22,#000000,2,22,#000000
334,480291406001,G48002901406001,48,029,140600,1,480291406001,Block Group 1,G5030,S,817293.0,0.0,+29.3948971,-098.4424843,4063.6969757,817291.049907,48,029,140600,1,0.9363738738738738,14155.0,907.0,0.0,38688.84558105469,42.65583856786625,937.0,0.0,109719.15369033813,117.0962152511613,920.0,0.0,20333.72314453125,22.10187298318614,920.0,0.0,3788.236328125,4.117648182744565,920.0,0.0,17.78668114542961,0.01933334907111914,920.0,0.0,16302.718017578125,17.72034567128057,920.0,0.0,224.9811248779297,0.2445447009542714,2,1,21,#376387,2,21,#376387
335,480291406002,G48002901406002,48,029,140600,2,480291406002,Block Group 2,G5030,S,390050.0,0.0,+29.3882142,-098.4458688,2608.417919,390049.342092,48,029,140600,2,0.8389662027833003,21479.0,440.0,0.0,18898.67100906372,42.95152502059936,449.0,0.0,28332.466190338135,63.10126100298026,432.0,0.0,8691.25390625,20.11864330150463,432.0,0.0,1651.744384765625,3.8234823721426503,432.0,0.0,25.95418930053711,0.06007914189939146,432.0,0.0,6918.61962890625,16.015323215060764,432.0,0.0,94.93695068359375,0.21976145991572626,1,1,11,#b3b3b3,1,11,#b3b3b3
336,480291407001,G48002901407001,48,029,140700,1,480291407001,Block Group 1,G5030,S,456808.0,0.0,+29.3880374,-098.4519409,3129.10018955,456808.62578,48,029,140700,1,0.5414893617021277,30855.0,504.0,0.0,21765.732501983643,43.18597718647548,487.0,0.0,23796.993900299072,48.86446386098372,502.0,0.0,13815.4560546875,27.520828794198206,502.0,0.0,2315.06787109375,4.61168898624253,502.0,0.0,0.0,0.0,502.0,0.0,11387.869140625,22.68499828809761,502.0,0.0,112.51834106445312,0.2241401216423369,0,2,02,#f3b300,1,12,#b36600
337,480291407002,G48002901407002,48,029,140700,2,480291407002,Block Group 2,G5030,S,314428.0,0.0,+29.3866371,-098.4562817,2813.63225996,314428.29481,48,029,140700,2,0.919889502762431,12698.0,357.0,0.0,15457.316509246826,43.29780534803032,355.0,0.0,14248.008913040161,40.135236374761014,340.0,0.0,6313.46044921875,18.569001321231617,340.0,0.0,1203.90185546875,3.540887810202206,340.0,0.0,0.0,0.0,340.0,0.0,5036.4951171875,14.81322093290441,340.0,0.0,73.06385803222656,0.214893700094784,2,2,22,#000000,2,22,#000000
338,480291407003,G48002901407003,48,029,140700,3,480291407003,Block Group 3,G5030,S,359185.0,0.0,+29.3875336,-098.4614405,2460.40901326,359185.201491,48,029,140700,3,0.8445635528330782,16119.0,375.0,0.0,16256.691036224365,43.35117609659831,400.0,0.0,11751.47330379486,29.37868325948715,400.0,0.0,8111.2841796875,20.27821044921875,400.0,0.0,1475.4661865234375,3.688665466308594,400.0,0.0,2.673184394836426,0.006682960987091064,400.0,0.0,6551.1484375,16.37787109375,400.0,0.0,81.99734497070312,0.2049933624267578,1,2,12,#b36600,2,22,#000000
339,480291407004,G48002901407004,48,029,140700,4,480291407004,Block Group 4,G5030,S,420179.0,0.0,+29.3875650,-098.4667340,2653.69166702,420179.702309,48,029,140700,4,0.9253246753246753,18584.0,487.0,0.0,21128.019844055176,43.38402432044184,460.0,0.0,7569.84313583374,16.45618073007335,450.0,0.0,8143.8349609375,18.097411024305554,450.0,0.0,1499.167236328125,3.3314827473958335,450.0,0.0,88.4709701538086,0.19660215589735244,450.0,0.0,6467.33837890625,14.371863064236111,450.0,0.0,88.85836791992188,0.1974630398220486,2,2,22,#000000,2,22,#000000
340,480291407005,G48002901407005,48,029,140700,5,480291407005,Block Group 5,G5030,S,286663.0,0.0,+29.3875925,-098.4715390,2269.14044439,286661.276542,48,029,140700,5,0.9658634538152611,21247.0,312.0,0.0,13535.109672546387,43.38176177098201,338.0,0.0,10161.08489227295,30.062381338085647,325.0,0.0,7121.65234375,21.912776442307692,325.0,0.0,1478.0458984375,4.547833533653846,325.0,0.0,6.148324012756348,0.018917920039250302,325.0,0.0,5542.37109375,17.05344951923077,325.0,0.0,95.08724212646484,0.2925761296198918,2,2,22,#000000,1,12,#b36600
341,480291408001,G48002901408001,48,029,140800,1,480291408001,Block Group 1,G5030,S,663378.0,0.0,+29.3820867,-098.4682838,4628.63685352,663374.317327,48,029,140800,1,0.9554347826086956,25298.0,729.0,0.0,31614.09868621826,43.36639051607443,734.0,0.0,20688.73992061615,28.186294169776772,745.0,0.0,18396.648071289062,24.693487344012166,745.0,0.0,3399.0892639160156,4.562535924719484,745.0,0.0,5.922937393188477,0.007950251534481177,745.0,0.0,14800.465087890625,19.866396091128355,745.0,0.0,191.17111587524414,0.2566055246647572,2,2,22,#000000,1,12,#b36600
342,480291408002,G48002901408002,48,029,140800,2,480291408002,Block Group 2,G5030,S,369871.0,0.0,+29.3762378,-098.4661279,3188.59435573,369869.201203,48,029,140800,2,0.8981288981288982,16865.0,405.0,0.0,17527.663650512695,43.278181853117765,403.0,0.0,10364.018982887268,25.71716869202796,406.0,0.0,11128.02587890625,27.408930736222292,406.0,0.0,1927.1244201660156,4.746611872330088,406.0,0.0,0.35642457008361816,0.0008778930297626064,406.0,0.0,9102.81298828125,22.420721646012932,406.0,0.0,97.73282051086426,0.24072123278537993,2,2,22,#000000,2,22,#000000
343,480291408003,G48002901408003,48,029,140800,3,480291408003,Block Group 3,G5030,S,253453.0,0.0,+29.3692661,-098.4691877,2077.34649207,253451.419744,48,029,140800,3,0.9495708154506438,14365.0,286.0,0.0,12284.650592803955,42.95332375106278,275.0,0.0,38163.46566772461,138.77623879172586,279.0,0.0,6979.431640625,25.01588401657706,279.0,0.0,1261.00732421875,4.519739513328853,279.0,0.0,1.860745906829834,0.006669340167848867,279.0,0.0,5647.02734375,20.24024137544803,279.0,0.0,69.53593444824219,0.2492327399578573,2,1,21,#376387,2,21,#376387
344,480291408004,G48002901408004,48,029,140800,4,480291408004,Block Group 4,G5030,S,408333.0,0.0,+29.3748468,-098.4720630,2765.52513022,408331.977157,48,029,140800,4,0.9767241379310345,12636.0,455.0,0.0,19663.23672103882,43.21590488140399,457.0,0.0,22018.776065826416,48.181129246884936,459.0,0.0,10233.697265625,22.295636744281047,459.0,0.0,1869.9677124023438,4.07400373072406,459.0,0.0,35.76182317733765,0.07791246879594259,459.0,0.0,8226.209228515625,17.922024462997005,459.0,0.0,101.75798034667969,0.2216949462890625,2,2,22,#000000,2,22,#000000
345,480291408005,G48002901408005,48,029,140800,5,480291408005,Block Group 5,G5030,S,432026.0,0.0,+29.3796467,-098.4726035,4029.67051171,432026.339226,48,029,140800,5,0.8389021479713604,21314.0,480.0,0.0,20792.577465057373,43.317869718869524,480.0,0.0,19650.22869205475,40.93797644178073,475.0,0.0,11977.6796875,25.216167763157895,475.0,0.0,2176.71728515625,4.582562705592105,475.0,0.0,0.7500163912773132,0.001578981876373291,475.0,0.0,9678.9658203125,20.376770148026317,475.0,0.0,121.24728393554688,0.2552574398643092,1,2,12,#b36600,1,12,#b36600
346,480291409001,G48002901409001,48,029,140900,1,480291409001,Block Group 1,G5030,S,836344.0,0.0,+29.3807432,-098.4559403,4312.89247015,836341.902202,48,029,140900,1,0.9125475285171103,18800.0,943.0,0.0,40868.926429748535,43.33926450662623,923.0,0.0,22858.172472953796,24.76508393602795,940.0,0.0,18564.612670898438,19.749587947764294,940.0,0.0,3671.8512115478516,3.9062246931360125,940.0,0.0,169.51873016357422,0.18033907464210022,940.0,0.0,14503.141204833984,15.428873622163813,940.0,0.0,220.10303211212158,0.23415216182140594,2,2,22,#000000,2,22,#000000
347,480291409002,G48002901409002,48,029,140900,2,480291409002,Block Group 2,G5030,S,353468.0,0.0,+29.3776084,-098.4523257,2487.25380173,353467.90018,48,029,140900,2,0.8133971291866029,19477.0,377.0,0.0,16329.354351043701,43.313937270672945,390.0,0.0,8769.982190132141,22.487133820851643,408.0,0.0,11457.216796875,28.081413717830884,408.0,0.0,1853.732421875,4.543461818321078,408.0,0.0,0.5346368551254272,0.0013103844488368316,408.0,0.0,9520.6640625,23.3349609375,408.0,0.0,82.28713989257812,0.20168416640337775,1,2,12,#b36600,2,22,#000000
348,480291410001,G48002901410001,48,029,141000,1,480291410001,Block Group 1,G5030,S,778997.0,0.0,+29.3714359,-098.4522154,4204.25127438,778995.408242,48,029,141000,1,0.91324200913242,17450.0,870.0,0.0,37644.43716430664,43.26946800495016,873.0,0.0,22053.40847682953,25.261636285028096,862.0,0.0,19491.20184326172,22.61160306642891,862.0,0.0,3727.3349609375,4.324054479045824,862.0,0.0,3.2321228981018066,0.00374956252680024,862.0,0.0,15535.173767089844,18.02224334929216,862.0,0.0,225.4599723815918,0.26155449232203226,2,2,22,#000000,2,22,#000000
349,480291410002,G48002901410002,48,029,141000,2,480291410002,Block Group 2,G5030,S,519175.0,0.0,+29.3685513,-098.4608109,3185.46849183,519176.923452,48,029,141000,2,0.9029666254635352,14856.0,555.0,0.0,23911.574542999268,43.08391809549418,570.0,0.0,32174.81911087036,56.44705107170239,597.0,0.0,12108.31640625,20.281937028894472,597.0,0.0,2338.600830078125,3.917254321738903,597.0,0.0,21.794553756713867,0.036506790212251033,597.0,0.0,9605.65234375,16.089869922529314,597.0,0.0,142.26942443847656,0.23830724361553862,2,1,21,#376387,2,21,#376387
350,480291410003,G48002901410003,48,029,141000,3,480291410003,Block Group 3,G5030,S,498870.0,0.0,+29.3728106,-098.4617517,3101.41302746,498870.193922,48,029,141000,3,0.8674698795180723,17196.0,550.0,0.0,23779.94814300537,43.23626935091885,565.0,0.0,18012.97134590149,31.881365213984935,557.0,0.0,14497.596313476562,26.028000562794546,557.0,0.0,2467.2023162841797,4.429447605537127,557.0,0.0,0.0,0.0,557.0,0.0,11906.217102050781,21.375614186805713,557.0,0.0,124.17679691314697,0.22293859409900713,1,2,12,#b36600,2,22,#000000
351,480291411011,G48002901411011,48,029,141101,1,480291411011,Block Group 1,G5030,S,2389756.0,27621.0,+29.3580352,-098.4555776,6598.63675612,2417376.02508,48,029,141101,1,0.7506666666666667,30973.0,2675.0,0.0,114331.1496963501,42.74061670891592,2682.0,0.0,387726.9879857302,144.5663639022111,2687.0,0.0,59284.63366699219,22.063503411608554,2687.0,0.0,21073.574096679688,7.842789019977554,2687.0,0.0,51.342769384384155,0.019107841229767084,2687.0,0.0,36170.90515136719,13.461445906723926,2687.0,0.0,1988.8154754638672,0.7401620675340034,1,1,11,#b3b3b3,1,11,#b3b3b3
352,480291411012,G48002901411012,48,029,141101,2,480291411012,Block Group 2,G5030,S,674696.0,0.0,+29.3536216,-098.4404088,4050.06768082,674697.527082,48,029,141101,2,0.7973358705994291,11699.0,755.0,0.0,32685.207345995288,43.291665358934154,754.0,0.0,22264.965396881104,29.529131826102258,733.0,0.0,14849.5400390625,20.258581226551843,733.0,0.0,2736.592041015625,3.7334134256693385,733.0,0.0,3.4832401275634766,0.004752032916184825,733.0,0.0,11953.0234375,16.306989682810368,733.0,0.0,156.44287109375,0.21342820067360163,1,2,12,#b36600,2,22,#000000
353,480291411013,G48002901411013,48,029,141101,3,480291411013,Block Group 3,G5030,S,346712.0,0.0,+29.3574237,-098.4436598,2532.10049266,346711.267851,48,029,141101,3,0.8198284080076264,23978.0,393.0,0.0,17014.183305815855,43.2930872921523,385.0,0.0,8794.9590549469,22.84404949336857,381.0,0.0,8693.40869140625,22.817345646735564,381.0,0.0,1558.0082397460938,4.089260471774525,381.0,0.0,0.0,0.0,381.0,0.0,7049.4384765625,18.50246319307743,381.0,0.0,85.96121597290039,0.22561998943018474,1,2,12,#b36600,1,12,#b36600
354,480291411021,G48002901411021,48,029,141102,1,480291411021,Block Group 1,G5030,S,483391.0,0.0,+29.3649155,-098.4432953,3518.65190392,483391.220456,48,029,141102,1,0.8520518358531317,19070.0,534.0,0.0,23105.70465489952,43.26910984063581,532.0,0.0,11142.60163116455,20.944739908204042,539.0,0.0,11720.650146484375,21.74517652408975,539.0,0.0,2355.6751708984375,4.370454862520292,539.0,0.0,0.7128491401672363,0.001322540148733277,539.0,0.0,9215.14453125,17.096743100649352,539.0,0.0,149.11774063110352,0.2766562905957394,1,2,12,#b36600,2,22,#000000
355,480291411022,G48002901411022,48,029,141102,2,480291411022,Block Group 2,G5030,S,367413.0,0.0,+29.3586125,-098.4387425,3335.20769151,367412.359585,48,029,141102,2,0.8941504178272981,9396.0,408.0,0.0,17673.999992366444,43.318627432270695,410.0,0.0,11227.740734100342,27.384733497805712,413.0,0.0,8673.7900390625,21.001912927512105,413.0,0.0,1566.6303100585938,3.7932937289554327,413.0,0.0,0.0,0.0,413.0,0.0,7019.005859375,16.995171572336563,413.0,0.0,88.15313529968262,0.21344584818325088,2,2,22,#000000,2,22,#000000
356,480291411023,G48002901411023,48,029,141102,3,480291411023,Block Group 3,G5030,S,681804.0,0.0,+29.3633222,-098.4503540,4160.3274352,681802.055283,48,029,141102,3,0.9297140087251575,16775.0,769.0,0.0,33179.66916656494,43.146513870695635,768.0,0.0,16672.803446769714,21.709379487981398,746.0,0.0,15305.391174316406,20.51661015323915,746.0,0.0,3443.5672454833984,4.616041884026004,746.0,0.0,6.133552551269531,0.008221920310012776,746.0,0.0,11585.167846679688,15.529715612171163,746.0,0.0,270.52266216278076,0.36263091442732004,2,2,22,#000000,2,22,#000000
357,480291412001,G48002901412001,48,029,141200,1,480291412001,Block Group 1,G5030,S,1435797.0,0.0,+29.3868102,-098.4357802,7011.31675311,1435797.16508,48,029,141200,1,0.7866141732283465,26926.0,1580.0,0.0,66168.79544830322,41.87898446095141,1579.0,0.0,488991.4836025238,309.68428347214933,1606.0,0.0,31895.34423828125,19.860114718730543,1606.0,0.0,6941.740905761719,4.322379144309912,1606.0,0.0,346.63859939575195,0.21583972565115314,1606.0,0.0,24092.5927734375,15.001614429288605,1606.0,0.0,514.3722953796387,0.320281628505379,1,0,10,#b4d3e1,1,10,#b4d3e1
358,480291412002,G48002901412002,48,029,141200,2,480291412002,Block Group 2,G5030,S,472306.0,0.0,+29.3724970,-098.4377218,3202.62705857,472308.476198,48,029,141200,2,0.9780821917808219,15512.0,529.0,0.0,22725.57208251953,42.95949353973447,526.0,0.0,10937.923195838928,20.794530790568306,518.0,0.0,14338.421630859375,27.68035063872466,518.0,0.0,2340.901824951172,4.5191154921837295,518.0,0.0,5.783798933029175,0.011165635005847828,518.0,0.0,11886.952880859375,22.94778548428451,518.0,0.0,104.78351211547852,0.20228477242370368,2,1,21,#376387,2,21,#376387
359,480291412003,G48002901412003,48,029,141200,3,480291412003,Block Group 3,G5030,S,528681.0,0.0,+29.3704236,-098.4438091,3756.00874146,528681.204058,48,029,141200,3,0.7032842582106456,23669.0,589.0,0.0,25466.98637503031,43.237667869321406,581.0,0.0,12868.31759262085,22.148567285061702,567.0,0.0,13299.413940429688,23.455756508694336,567.0,0.0,2275.698917388916,4.013578337546589,567.0,0.0,14.464977264404297,0.025511423746744793,567.0,0.0,10895.322326660156,19.215736025855655,567.0,0.0,113.92760872840881,0.20093052685786386,1,2,12,#b36600,1,12,#b36600
360,480291412004,G48002901412004,48,029,141200,4,480291412004,Block Group 4,G5030,S,338987.0,0.0,+29.3756585,-098.4433115,2742.70677453,338987.089966,48,029,141200,4,0.9586834733893558,12364.0,368.0,0.0,15866.09280014038,43.11438260907712,367.0,0.0,6737.530570983887,18.35839392638661,382.0,0.0,9543.340087890625,24.982565675106347,382.0,0.0,1597.222900390625,4.18121178112729,382.0,0.0,0.5346368551254272,0.0013995729191765111,382.0,0.0,7868.314208984375,20.597681175351767,382.0,0.0,77.26797866821289,0.2022721954665259,2,1,21,#376387,2,21,#376387
361,480291412005,G48002901412005,48,029,141200,5,480291412005,Block Group 5,G5030,S,405639.0,0.0,+29.3789098,-098.4422723,3177.31510659,405638.37754,48,029,141200,5,0.8465116279069768,30027.0,453.0,0.0,19433.842540740967,42.900314659472336,443.0,0.0,23938.377449035645,54.036969410915674,442.0,0.0,11427.111328125,25.85319305005656,442.0,0.0,1906.908203125,4.3142719527714934,442.0,0.0,10.939804077148438,0.024750687957349405,442.0,0.0,9420.9990234375,21.31447742859163,442.0,0.0,88.2647705078125,0.19969405092265272,1,1,11,#b3b3b3,1,11,#b3b3b3
362,480291412006,G48002901412006,48,029,141200,6,480291412006,Block Group 6,G5030,S,610282.0,0.0,+29.3828138,-098.4422748,3617.30835284,610280.741653,48,029,141200,6,0.9142538975501113,26707.0,675.0,0.0,28832.73468399048,42.71516249480071,687.0,0.0,89307.67165756226,129.996610855258,682.0,0.0,16963.11328125,24.872600119134898,682.0,0.0,2930.64599609375,4.297134891633065,682.0,0.0,4.301396727561951,0.006307033324870895,682.0,0.0,13873.49609375,20.34236963892962,682.0,0.0,154.66936111450195,0.22678791952273014,2,1,21,#376387,1,11,#b3b3b3
363,480291413001,G48002901413001,48,029,141300,1,480291413001,Block Group 1,G5030,S,983504.0,37678.0,+29.3867125,-098.4291880,6244.37384727,1021182.27828,48,029,141300,1,0.7206703910614525,10473.0,1134.0,0.0,46378.2035446167,40.897886723647886,1121.0,0.0,574301.9659881592,512.3121908904185,1126.0,0.0,18014.213165283203,15.998413113040145,1126.0,0.0,4353.227210998535,3.8660987664285393,1126.0,0.0,267.01623821258545,0.23713697887440982,1126.0,0.0,13034.834823608398,11.576229861108702,1126.0,0.0,359.135826587677,0.3189483362235142,1,0,10,#b4d3e1,2,20,#509dc2
364,480291413002,G48002901413002,48,029,141300,2,480291413002,Block Group 2,G5030,S,2919152.0,2316.0,+29.3843832,-098.4200702,7045.31631527,2921466.84006,48,029,141300,2,0.7991304347826087,37076.0,3260.0,0.0,132865.16689682007,40.75618616466873,3256.0,0.0,598658.5796508789,183.86320013847632,3235.0,0.0,73754.84783935547,22.79902560721962,3235.0,0.0,26729.78057861328,8.262683331874275,3235.0,0.0,305.3354034423828,0.09438497788018016,3235.0,0.0,44025.891357421875,13.609239986838292,3235.0,0.0,2693.834571838379,0.8327154781571496,1,0,10,#b4d3e1,0,00,#f3f3f3
365,480291413003,G48002901413003,48,029,141300,3,480291413003,Block Group 3,G5030,S,3666771.0,3457.0,+29.3643059,-098.4081151,9949.42298896,3670226.86818,48,029,141300,3,0.8577997877608773,23716.0,4053.0,0.0,167602.73163109465,41.35275885297179,4045.0,0.0,2271374.5543289185,561.5264658415126,4072.0,0.0,72951.22943115234,17.915331392719143,4072.0,0.0,24329.204681396484,5.974755570087545,4072.0,0.0,761.6604614257812,0.1870482469120288,4072.0,0.0,45697.90023803711,11.222470588908918,4072.0,0.0,2162.4652137756348,0.5310572725382208,1,0,10,#b4d3e1,1,10,#b4d3e1
366,480291414021,G48002901414021,48,029,141402,1,480291414021,Block Group 1,G5030,S,5243559.0,0.0,+29.3448239,-098.4143459,11704.2058241,5243557.81856,48,029,141402,1,0.8622353256499597,27861.0,5808.0,0.0,236070.55023061007,40.645755893700084,5816.0,0.0,5013284.992494583,861.981601185451,5814.0,0.0,112830.15502929688,19.406631411987767,5814.0,0.0,34816.408203125,5.988374303943068,5814.0,0.0,834.3555507659912,0.14350800666769714,5814.0,0.0,73641.9507446289,12.666314197562592,5814.0,0.0,3537.4362602233887,0.6084341692850685,1,0,10,#b4d3e1,1,10,#b4d3e1
367,480291414022,G48002901414022,48,029,141402,2,480291414022,Block Group 2,G5030,S,563742.0,4385.0,+29.3496901,-098.4157888,3288.94860914,568125.897491,48,029,141402,2,0.8325714285714285,33588.0,634.0,0.0,26419.47855654452,41.671101824202715,629.0,0.0,111875.62111663818,177.86267268145974,634.0,0.0,9186.606506347656,14.489915625154032,634.0,0.0,1993.3948211669922,3.1441558693485683,634.0,0.0,7.541143417358398,0.011894547976905992,634.0,0.0,7043.61962890625,11.109810140230678,634.0,0.0,142.05148029327393,0.2240559626076876,1,0,10,#b4d3e1,0,00,#f3f3f3
368,480291414031,G48002901414031,48,029,141403,1,480291414031,Block Group 1,G5030,S,719888.0,0.0,+29.3616122,-098.4291654,4643.32122829,719889.521143,48,029,141403,1,0.693069306930693,24838.0,820.0,0.0,35123.215581303535,42.833189733297,822.0,0.0,39960.87362766266,48.61420149350688,786.0,0.0,19194.765625,24.42082140585242,786.0,0.0,3393.161865234375,4.316999828542462,786.0,0.0,19.37558364868164,0.02465086978203771,786.0,0.0,15606.0400390625,19.855012772344146,786.0,0.0,176.1903076171875,0.224160696713979,1,1,11,#b3b3b3,1,11,#b3b3b3
369,480291414032,G48002901414032,48,029,141403,2,480291414032,Block Group 2,G5030,S,1076778.0,0.0,+29.3566818,-098.4260150,4841.14167483,1076778.21636,48,029,141403,2,0.8127392969021928,22988.0,1178.0,0.0,50363.0859810273,42.75304412650875,1178.0,0.0,87159.77416610718,73.98962153319795,1203.0,0.0,23277.66015625,19.34967594035744,1203.0,0.0,4694.0655517578125,3.901966377188539,1203.0,0.0,111.1441879272461,0.09238918364692111,1203.0,0.0,18179.0625,15.111440149625935,1203.0,0.0,293.3894348144531,0.24388149194883885,1,1,11,#b3b3b3,1,11,#b3b3b3
370,480291414041,G48002901414041,48,029,141404,1,480291414041,Block Group 1,G5030,S,1627485.0,0.0,+29.3667082,-098.4219287,8314.49690289,1627486.30454,48,029,141404,1,0.8813174332765474,26006.0,1783.0,0.0,74356.84666798603,41.70322303308246,1807.0,0.0,311559.8184452057,172.41827252086645,1807.0,0.0,41978.55699157715,23.23107747181912,1807.0,0.0,8911.72081375122,4.931776875346553,1807.0,0.0,236.39288568496704,0.13082063402599173,1807.0,0.0,32189.90502166748,17.814003885814877,1807.0,0.0,640.5403609275818,0.35447723349617144,1,0,10,#b4d3e1,1,10,#b4d3e1
371,480291414042,G48002901414042,48,029,141404,2,480291414042,Block Group 2,G5030,S,616779.0,0.0,+29.3659134,-098.4292637,4050.22734522,616779.46029,48,029,141404,2,0.9323943661971831,21111.0,691.0,0.0,29444.455485230992,42.611368285428355,678.0,0.0,51484.70931625366,75.93614943400244,679.0,0.0,17167.32421875,25.28324627209131,679.0,0.0,2868.274658203125,4.224263119592231,679.0,0.0,0.0,0.0,679.0,0.0,14160.099609375,20.854344049153166,679.0,0.0,138.9483985900879,0.20463681677479806,2,1,21,#376387,1,11,#b3b3b3
372,480291414043,G48002901414043,48,029,141404,3,480291414043,Block Group 3,G5030,S,400139.0,0.0,+29.3684300,-098.4355649,3555.64493183,400139.013895,48,029,141404,3,0.86074177746676,14362.0,446.0,0.0,19173.893672384416,42.990792987409,443.0,0.0,11553.437669754028,26.07999473985108,448.0,0.0,9805.203125,21.886614118303573,448.0,0.0,1729.1431579589844,3.85969454901559,448.0,0.0,1.3811452388763428,0.0030829134796346936,448.0,0.0,7980.5535888671875,17.813735689435685,448.0,0.0,94.12469673156738,0.21009976949010575,1,1,11,#b3b3b3,2,21,#376387
373,480291416001,G48002901416001,48,029,141600,1,480291416001,Block Group 1,G5030,S,2385810.0,6294.0,+29.3265378,-098.4414598,8720.2831418,2392103.50055,48,029,141600,1,0.9870881567230633,24767.0,2640.0,0.0,106844.81665420532,40.47152145992626,2653.0,0.0,3574841.216144562,1347.4712461909392,2664.0,0.0,45396.7734375,17.04083086993243,2664.0,0.0,12347.52880859375,4.63495826148414,2664.0,0.0,505.3371047973633,0.18969110540441564,2664.0,0.0,31482.9453125,11.817922414602101,2664.0,0.0,1060.9638366699219,0.39825969844967035,2,0,20,#509dc2,1,10,#b4d3e1
374,480291416002,G48002901416002,48,029,141600,2,480291416002,Block Group 2,G5030,S,998993.0,0.0,+29.3286386,-098.4272730,4152.7203384,998991.275006,48,029,141600,2,0.9656184486373166,21935.0,1125.0,0.0,46489.44705963135,41.32395294189453,1112.0,0.0,513090.4664363861,461.4122899607789,1090.0,0.0,20184.5458984375,18.517932016915136,1090.0,0.0,4280.52587890625,3.927087962299312,1090.0,0.0,81.34356689453125,0.07462712559131307,1090.0,0.0,15522.150390625,14.240504945527523,1090.0,0.0,300.52608489990234,0.27571200449532324,2,0,20,#509dc2,1,10,#b4d3e1
375,480291417001,G48002901417001,48,029,141700,1,480291417001,Block Group 1,G5030,S,18414803.0,363567.0,+29.3398523,-098.3771248,23782.9632511,18778373.2879,48,029,141700,1,0.8060959792477302,16393.0,20835.0,0.0,807172.4833112486,38.74117990454757,20845.0,0.0,345710892.6211586,16584.835338026318,20854.0,0.0,311132.966796875,14.919582180726719,20854.0,0.0,100546.90283203125,4.821468439245768,20854.0,0.0,6963.4169921875,0.33391277415304016,20854.0,0.0,193486.29638671875,9.278138313355651,20854.0,0.0,10136.357727050781,0.48606299640600276,1,0,10,#b4d3e1,2,20,#509dc2
376,480291417002,G48002901417002,48,029,141700,2,480291417002,Block Group 2,G5030,S,19564585.0,239028.0,+29.3074429,-098.4144505,25923.8784512,19803603.7129,48,029,141700,2,0.7896849907350216,34328.0,21921.0,0.0,850815.164443661,38.81278976523247,21945.0,0.0,371636775.51760864,16934.918000346715,21951.0,0.0,335169.90087890625,15.269003730076363,21951.0,0.0,104639.22875976562,4.766945868514675,21951.0,0.0,6613.488342285156,0.3012841484344748,21951.0,0.0,214616.9546508789,9.777092371685978,21951.0,0.0,9300.242761611938,0.42368196262639235,1,0,10,#b4d3e1,0,00,#f3f3f3
377,480291417003,G48002901417003,48,029,141700,3,480291417003,Block Group 3,G5030,S,12931848.0,86098.0,+29.3250725,-098.3846828,15313.7485534,13017940.5032,48,029,141700,3,0.7890507282772476,29263.0,14428.0,0.0,564569.056456805,39.130098174161695,14426.0,0.0,62013327.949560165,4298.719530677954,14433.0,0.0,250973.92651367188,17.38889534495059,14433.0,0.0,86902.85229492188,6.0211218939182345,14433.0,0.0,4839.395076751709,0.33530070510300763,14433.0,0.0,149692.77758789062,10.371563610329844,14433.0,0.0,9538.894927978516,0.6609086765037425,1,0,10,#b4d3e1,1,10,#b4d3e1
378,480291418001,G48002901418001,48,029,141800,1,480291418001,Block Group 1,G5030,S,55801555.0,5789159.0,+29.2568928,-098.3646560,56544.0159363,61590716.5725,48,029,141800,1,0.7470686767169179,21440.0,68164.0,0.0,2567668.486776855,37.668981966681166,68174.0,0.0,1704705271.8927765,25005.21125198428,68161.0,0.0,986589.5111083984,14.474399012755072,68161.0,0.0,349727.23348999023,5.130899392467691,68161.0,0.0,16582.316633224487,0.24328159260023308,68161.0,0.0,582990.0754089355,8.553132662504005,68161.0,0.0,37289.873348236084,0.5470851857841886,1,0,10,#b4d3e1,1,10,#b4d3e1
379,480291418002,G48002901418002,48,029,141800,2,480291418002,Block Group 2,G5030,S,6264342.0,5203.0,+29.2912500,-098.3709598,12886.6374465,6269549.22389,48,029,141800,2,0.7160647571606475,21146.0,6942.0,0.0,266764.2625596303,38.427580316858304,6943.0,0.0,40567835.391204834,5842.983636929977,6943.0,0.0,113552.00317382812,16.354890274208284,6943.0,0.0,38666.57360839844,5.569144981765582,6943.0,0.0,2251.8683853149414,0.32433650947932324,6943.0,0.0,68686.1552734375,9.892864075102622,6943.0,0.0,3947.4001998901367,0.5685438859124495,1,0,10,#b4d3e1,1,10,#b4d3e1
380,480291418003,G48002901418003,48,029,141800,3,480291418003,Block Group 3,G5030,S,10754730.0,25189.0,+29.2696525,-098.3368454,14449.8734227,10779925.7236,48,029,141800,3,0.7285769678169833,18916.0,11927.0,0.0,460016.429551239,38.56933256906506,11932.0,0.0,47534405.03645706,3983.775145529422,11932.0,0.0,182914.85888671875,15.329773624431676,11932.0,0.0,56813.803466796875,4.761465258699034,11932.0,0.0,4604.168045043945,0.38586725151223145,11932.0,0.0,116122.791015625,9.7320475205854,11932.0,0.0,5374.091583251953,0.45039319336674094,1,0,10,#b4d3e1,2,20,#509dc2
381,480291419001,G48002901419001,48,029,141900,1,480291419001,Block Group 1,G5030,S,20482692.0,205756.0,+29.3673921,-098.3261485,19947.1056218,20688445.0424,48,029,141900,1,0.5095194922937443,36832.0,22949.0,0.0,877565.5305558763,38.23981570246531,22927.0,0.0,241893713.04726624,10550.604660324781,22915.0,0.0,277312.041015625,12.101769191168449,22915.0,0.0,92883.74609375,4.053403713451887,22915.0,0.0,5072.4471435546875,0.22135924693670903,22915.0,0.0,170699.3427734375,7.449240356685031,22915.0,0.0,8656.53271484375,0.3777670833446978,0,0,00,#f3f3f3,0,00,#f3f3f3
382,480291419002,G48002901419002,48,029,141900,2,480291419002,Block Group 2,G5030,S,58408241.0,675367.0,+29.3272030,-098.2616024,38755.2788656,59083596.0739,48,029,141900,2,0.5477335164835164,24143.0,65491.0,0.0,2388491.7441188064,36.47053402939039,65464.0,0.0,1409777192.5422363,21535.15203076861,65481.0,0.0,899446.6314697266,13.735994127605359,65481.0,0.0,286830.1647796631,4.3803571231298095,65481.0,0.0,19300.640144348145,0.29475176225696226,65481.0,0.0,568367.1596069336,8.679879042881653,65481.0,0.0,24948.68701171875,0.3810065058829088,0,0,00,#f3f3f3,1,10,#b4d3e1
383,480291419003,G48002901419003,48,029,141900,3,480291419003,Block Group 3,G5030,S,41823654.0,13849511.0,+29.3289098,-098.3128977,34278.7399961,55673163.1762,48,029,141900,3,0.5771090811391725,31414.0,61674.0,0.0,2396103.282189469,38.85110876851621,61659.0,0.0,1199387419.6494923,19451.944073849598,61666.0,0.0,692657.710483551,11.23240862847519,61666.0,0.0,227583.24622058868,3.6905790260530713,61666.0,0.0,13551.567023515701,0.2197575166788133,61666.0,0.0,429965.24465560913,6.972484751007186,61666.0,0.0,21557.646270155907,0.34958723235098604,0,0,00,#f3f3f3,1,10,#b4d3e1
384,480291501001,G48002901501001,48,029,150100,1,480291501001,Block Group 1,G5030,S,654553.0,0.0,+29.4054534,-098.4987784,3275.0649092,654554.009775,48,029,150100,1,0.7940682708449915,45731.0,727.0,0.0,31646.07982054482,43.52968338451832,726.0,0.0,23725.022369861603,32.67909417336309,725.0,0.0,12501.16146850586,17.24298133587015,725.0,0.0,2676.5920934677124,3.6918511634037414,725.0,0.0,5.558650970458984,0.007667104786839979,725.0,0.0,9635.885692596436,13.290876817374393,725.0,0.0,183.12565529346466,0.25258711074960644,1,2,12,#b36600,0,02,#f3b300
385,480291501002,G48002901501002,48,029,150100,2,480291501002,Block Group 2,G5030,S,413342.0,13305.0,+29.3991435,-098.4983628,2929.62021925,426643.915183,48,029,150100,2,0.9742976688583384,12960.0,473.0,0.0,20567.18744659424,43.48242589131974,476.0,0.0,15881.707990646362,33.364932753458746,469.0,0.0,8784.424285888672,18.73011574816348,469.0,0.0,1731.9323234558105,3.692819452997464,469.0,0.0,7.565921783447266,0.01613202938901336,469.0,0.0,6936.080642700195,14.789084526013209,469.0,0.0,108.8460202217102,0.23208106657081068,2,2,22,#000000,2,22,#000000
386,480291501003,G48002901501003,48,029,150100,3,480291501003,Block Group 3,G5030,S,512723.0,45616.0,+29.3996907,-098.5074267,3488.83359045,558340.66552,48,029,150100,3,1.0,20506.0,618.0,0.0,26883.444774627686,43.5007197000448,618.0,0.0,10063.960230827332,16.28472529260086,614.0,0.0,11626.55810546875,18.93576238675692,614.0,0.0,2452.5023193359375,3.9943034516871947,614.0,0.0,24.81987190246582,0.040423244140823815,614.0,0.0,8989.6767578125,14.641167358000814,614.0,0.0,159.5585174560547,0.2598672922737047,2,2,22,#000000,2,22,#000000
387,480291501004,G48002901501004,48,029,150100,4,480291501004,Block Group 4,G5030,S,864164.0,27666.0,+29.4076010,-098.5069401,4141.30459425,891831.318743,48,029,150100,4,0.7814569536423841,33406.0,989.0,0.0,43104.58955634766,43.58401370712605,992.0,0.0,18164.053992271423,18.31053829866071,993.0,0.0,15842.210693359375,15.953887908720418,993.0,0.0,4209.015319824219,4.238686122683,993.0,0.0,111.90230941772461,0.11269114744987373,993.0,0.0,11205.234375,11.284223942598187,993.0,0.0,316.05965995788574,0.31828767367360095,1,2,12,#b36600,0,02,#f3b300
388,480291503001,G48002901503001,48,029,150300,1,480291503001,Block Group 1,G5030,S,1196275.0,37887.0,+29.3860363,-098.4940818,5006.0511293,1234160.26678,48,029,150300,1,0.8216019417475728,22449.0,1372.0,0.0,59284.22508621216,43.210076593449095,1367.0,0.0,226442.2204437256,165.6490273911672,1363.0,0.0,27832.961486816406,20.420367928698756,1363.0,0.0,5589.993621826172,4.101242569204822,1363.0,0.0,250.91313081979752,0.1840888707408639,1363.0,0.0,21621.47802734375,15.86315335828595,1363.0,0.0,370.5768175125122,0.27188321167462376,1,2,12,#b36600,1,12,#b36600
389,480291503002,G48002901503002,48,029,150300,2,480291503002,Block Group 2,G5030,S,379543.0,0.0,+29.3837275,-098.5069865,3281.38281292,379543.268913,48,029,150300,2,0.9054054054054054,17902.0,410.0,0.0,17759.597812652588,43.31609222598192,408.0,0.0,17734.388458251953,43.46663837806851,430.0,0.0,9983.31494140625,23.21701149164244,430.0,0.0,1811.9736328125,4.2138921693313955,430.0,0.0,1.2474859952926636,0.0029011302216108456,430.0,0.0,8068.984619140625,18.76508050962936,430.0,0.0,101.10923385620117,0.2351377531539562,2,2,22,#000000,2,22,#000000
390,480291503003,G48002901503003,48,029,150300,3,480291503003,Block Group 3,G5030,S,470469.0,41743.0,+29.3916035,-098.5010915,3654.3115891,512211.290237,48,029,150300,3,0.9843423799582464,16222.0,565.0,0.0,24506.74528503418,43.3747704159897,569.0,0.0,31997.14616394043,56.234000288120264,578.0,0.0,11852.816383361816,20.506602739380305,578.0,0.0,2326.5196590423584,4.025120517374322,578.0,0.0,14.832122921943665,0.025661112321701842,578.0,0.0,9370.113697052002,16.211269372062286,578.0,0.0,141.35039627552032,0.24455085860816664,2,2,22,#000000,2,22,#000000
391,480291503004,G48002901503004,48,029,150300,4,480291503004,Block Group 4,G5030,S,914250.0,0.0,+29.3906418,-098.5078488,3892.76805481,914250.708473,48,029,150300,4,0.9804186360567184,14242.0,1022.0,0.0,44344.652168273926,43.39007061474944,1024.0,0.0,37270.16189670563,36.39664247725159,1014.0,0.0,17728.015625,17.48325012327416,1014.0,0.0,3997.8450927734375,3.9426480204866245,1014.0,0.0,104.98585510253906,0.10353634625496949,1014.0,0.0,13353.3525390625,13.168986724913708,1014.0,0.0,271.8328552246094,0.26807973888028536,2,2,22,#000000,2,22,#000000
392,480291504001,G48002901504001,48,029,150400,1,480291504001,Block Group 1,G5030,S,325923.0,0.0,+29.3934746,-098.5146384,2878.28894277,325921.165705,48,029,150400,1,1.0,25582.0,353.0,0.0,15314.225021362305,43.383073714907376,350.0,0.0,18397.520999908447,52.564345714024135,366.0,0.0,7882.16064453125,21.535958045167348,366.0,0.0,1757.44775390625,4.801769819415983,366.0,0.0,2.908100575208664,0.007945629986908918,366.0,0.0,5996.27197265625,16.383256755891395,366.0,0.0,125.53218460083008,0.3429841109312297,2,2,22,#000000,1,12,#b36600
393,480291504002,G48002901504002,48,029,150400,2,480291504002,Block Group 2,G5030,S,330490.0,0.0,+29.3894901,-098.5166671,2987.42811918,330489.200902,48,029,150400,2,0.9752964426877471,21692.0,379.0,0.0,16425.889713287354,43.34007839917508,380.0,0.0,24741.885303497314,65.11022448288767,353.0,0.0,7178.62744140625,20.33605507480524,353.0,0.0,1415.1220703125,4.008844391820113,353.0,0.0,2.9247782230377197,0.008285490716820736,353.0,0.0,5672.5439453125,16.069529590120396,353.0,0.0,88.03742980957031,0.24939781815742298,2,2,22,#000000,1,12,#b36600
394,480291504003,G48002901504003,48,029,150400,3,480291504003,Block Group 3,G5030,S,761274.0,0.0,+29.3849488,-098.5188189,3866.52264794,761273.267783,48,029,150400,3,0.9407777381377096,18247.0,847.0,0.0,36709.659564971924,43.340802319919625,849.0,0.0,42382.485023498535,49.92047705948002,857.0,0.0,16633.0263671875,19.40843216707993,857.0,0.0,3396.94580078125,3.96376406158839,857.0,0.0,2.5840778052806854,0.0030152599828246036,857.0,0.0,13008.3955078125,15.178991257657525,857.0,0.0,225.1004867553711,0.26266101138316345,2,2,22,#000000,2,22,#000000
395,480291505011,G48002901505011,48,029,150501,1,480291505011,Block Group 1,G5030,S,333166.0,0.0,+29.3804695,-098.5315599,2682.8175611,333166.077964,48,029,150501,1,1.0,25705.0,371.0,0.0,16132.750267028809,43.4845020674631,367.0,0.0,6352.862648010254,17.310252446894424,365.0,0.0,8991.1806640625,24.633371682363013,365.0,0.0,1616.1568603515625,4.4278270146618155,365.0,0.0,2.8959498405456543,0.007934109152179875,365.0,0.0,7285.060546875,19.959069991438355,365.0,0.0,87.06663513183594,0.2385387263885916,2,2,22,#000000,1,12,#b36600
396,480291505012,G48002901505012,48,029,150501,2,480291505012,Block Group 2,G5030,S,396735.0,0.0,+29.3798075,-098.5255995,2700.38110571,396734.665332,48,029,150501,2,1.0,16126.0,440.0,0.0,19098.70679473877,43.40615180622448,447.0,0.0,13541.065839767456,30.293212169502137,448.0,0.0,8338.111328125,18.61185564313616,448.0,0.0,1722.076171875,3.8439200265066966,448.0,0.0,7.055585861206055,0.015749075583049228,448.0,0.0,6495.08642578125,14.497960771833148,448.0,0.0,113.89285278320312,0.25422511781964985,2,2,22,#000000,2,22,#000000
397,480291505013,G48002901505013,48,029,150501,3,480291505013,Block Group 3,G5030,S,361088.0,0.0,+29.3789910,-098.5190256,2699.15032228,361087.303618,48,029,150501,3,1.0,24096.0,398.0,0.0,17255.199550628662,43.35477274027302,375.0,0.0,13640.57759475708,36.37487358601888,389.0,0.0,7088.2666015625,18.221765042577122,389.0,0.0,1416.252685546875,3.64075240500482,389.0,0.0,0.0,0.0,389.0,0.0,5580.3984375,14.345497268637532,389.0,0.0,91.61572265625,0.23551599654562982,2,2,22,#000000,1,12,#b36600
398,480291505014,G48002901505014,48,029,150501,4,480291505014,Block Group 4,G5030,S,279210.0,0.0,+29.3764997,-098.5270094,2761.32198794,279208.912,48,029,150501,4,0.9691756272401434,18905.0,293.0,0.0,12725.794673919678,43.432746327370914,295.0,0.0,7474.770093917847,25.33820370819609,326.0,0.0,5877.38671875,18.028793615797547,326.0,0.0,1123.913330078125,3.447586902080138,326.0,0.0,0.0,0.0,326.0,0.0,4685.396484375,14.372381853911042,326.0,0.0,68.07646179199219,0.20882350242942388,2,2,22,#000000,2,22,#000000
399,480291505021,G48002901505021,48,029,150502,1,480291505021,Block Group 1,G5030,S,309537.0,0.0,+29.3739902,-098.5288611,2635.95111724,309538.232566,48,029,150502,1,0.9465500485908649,18093.0,339.0,0.0,14734.512573242188,43.4646388591215,351.0,0.0,6730.1855363845825,19.174317767477444,341.0,0.0,5689.1724853515625,16.683790279623352,341.0,0.0,1125.706199645996,3.3011912013079066,341.0,0.0,0.0,0.0,341.0,0.0,4491.80029296875,13.172434876741203,341.0,0.0,71.66611194610596,0.21016455116160104,2,2,22,#000000,2,22,#000000
400,480291505022,G48002901505022,48,029,150502,2,480291505022,Block Group 2,G5030,S,386295.0,0.0,+29.3727796,-098.5205863,2902.32531071,386295.070832,48,029,150502,2,1.0,18203.0,437.0,0.0,18970.451026916504,43.4106430821888,433.0,0.0,7266.3910665512085,16.781503617901173,419.0,0.0,8487.55532836914,20.25669529443709,419.0,0.0,1731.4016418457031,4.132223488891893,419.0,0.0,0.8465083837509155,0.00202030640513345,419.0,0.0,6641.4591064453125,15.850737724213156,419.0,0.0,113.84851932525635,0.27171484325836837,2,2,22,#000000,2,22,#000000
401,480291505023,G48002901505023,48,029,150502,3,480291505023,Block Group 3,G5030,S,642721.0,0.0,+29.3700760,-098.5267853,4979.4200743,642718.297203,48,029,150502,3,0.9803043867502238,17216.0,735.0,0.0,31944.446369171143,43.46183179479067,721.0,0.0,9682.656168937683,13.429481510315789,722.0,0.0,14467.375,20.037915512465375,722.0,0.0,3326.842529296875,4.607815137530298,722.0,0.0,4.609217643737793,0.006383957955315503,722.0,0.0,10906.95703125,15.106588685941828,722.0,0.0,228.96607971191406,0.3171275342270278,2,2,22,#000000,2,22,#000000
402,480291506001,G48002901506001,48,029,150600,1,480291506001,Block Group 1,G5030,S,400926.0,0.0,+29.3800902,-098.5086854,2710.78698877,400926.811843,48,029,150600,1,1.0,14919.0,446.0,0.0,19326.640899658203,43.33327555977176,448.0,0.0,14993.764877319336,33.4682251725878,432.0,0.0,9184.3916015625,21.26016574435764,432.0,0.0,1899.9654541015625,4.398068180790654,432.0,0.0,0.0,0.0,432.0,0.0,7169.68505859375,16.596493191189236,432.0,0.0,114.74202728271484,0.265606544635914,2,2,22,#000000,2,22,#000000
403,480291506002,G48002901506002,48,029,150600,2,480291506002,Block Group 2,G5030,S,460529.0,0.0,+29.3756764,-098.5089079,3087.29571381,460527.424922,48,029,150600,2,0.7969588550983899,14718.0,498.0,0.0,21587.54001235962,43.34847392040084,507.0,0.0,13270.290038108826,26.174142086999655,528.0,0.0,11567.3681640625,21.90789425011837,528.0,0.0,2045.765869140625,3.8745565703420928,528.0,0.0,0.0,0.0,528.0,0.0,9410.22705078125,17.82239971738873,528.0,0.0,111.37472915649414,0.21093698703881467,1,2,12,#b36600,2,22,#000000
404,480291506003,G48002901506003,48,029,150600,3,480291506003,Block Group 3,G5030,S,448301.0,0.0,+29.3712166,-098.5084798,3315.47222623,448301.693067,48,029,150600,3,0.92625,93579.0,499.0,0.0,21631.44369506836,43.349586563263244,492.0,0.0,16618.097534179688,33.77662100443026,477.0,0.0,10582.7841796875,22.186130355738992,477.0,0.0,1859.826904296875,3.8990081851087526,477.0,0.0,3.9206700325012207,0.008219434030400883,477.0,0.0,8619.3583984375,18.069933749344862,477.0,0.0,99.67848205566406,0.20896956405799594,2,2,22,#000000,0,02,#f3b300
405,480291506004,G48002901506004,48,029,150600,4,480291506004,Block Group 4,G5030,S,580556.0,0.0,+29.3748025,-098.5145724,4721.07178256,580554.478524,48,029,150600,4,0.9747899159663865,15131.0,637.0,0.0,27630.01975631714,43.37522724696568,651.0,0.0,18600.257878303528,28.571824697854883,651.0,0.0,12480.25927734375,19.17090518793203,651.0,0.0,2660.701904296875,4.087099699380761,651.0,0.0,11.895670413970947,0.018272919222689626,651.0,0.0,9629.0810546875,14.791215137768818,651.0,0.0,178.58108520507812,0.27431810323360695,2,2,22,#000000,2,22,#000000
406,480291507001,G48002901507001,48,029,150700,1,480291507001,Block Group 1,G5030,S,429095.0,0.0,+29.3798304,-098.4947999,3403.98161959,429096.210829,48,029,150700,1,1.0,22724.0,490.0,0.0,21164.700717926025,43.1932667712776,483.0,0.0,50516.69337463379,104.58942727667451,483.0,0.0,10913.7412109375,22.59573749676501,483.0,0.0,1981.793701171875,4.103092549010094,483.0,0.0,42.26061248779297,0.08749609210723182,483.0,0.0,8772.9013671875,18.163356867883024,483.0,0.0,116.78575134277344,0.2417924458442514,2,2,22,#000000,1,12,#b36600
407,480291507002,G48002901507002,48,029,150700,2,480291507002,Block Group 2,G5030,S,354965.0,0.0,+29.3743544,-098.4910266,2476.70631391,354964.085598,48,029,150700,2,1.0,12253.0,392.0,0.0,16946.762657165527,43.231537390728384,399.0,0.0,19144.622938156128,47.98151112319832,399.0,0.0,9540.337158203125,23.910619444118108,399.0,0.0,1666.5738525390625,4.176876823406172,399.0,0.0,3.430586576461792,0.00859796134451577,399.0,0.0,7783.33447265625,19.50710394149436,399.0,0.0,86.99829864501953,0.21804084873438478,2,2,22,#000000,2,22,#000000
408,480291507003,G48002901507003,48,029,150700,3,480291507003,Block Group 3,G5030,S,276965.0,0.0,+29.3701058,-098.4914425,2525.76158442,276964.482601,48,029,150700,3,1.0,24449.0,309.0,0.0,13361.188026428223,43.24009070041496,312.0,0.0,15912.930435180664,51.00298216404059,306.0,0.0,5955.52734375,19.462507659313726,306.0,0.0,1090.2293701171875,3.5628410788143383,306.0,0.0,2.4058656692504883,0.007862306108661727,306.0,0.0,4801.7216796875,15.691900914011438,306.0,0.0,61.170658111572266,0.19990411147572637,2,2,22,#000000,1,12,#b36600
409,480291507004,G48002901507004,48,029,150700,4,480291507004,Block Group 4,G5030,S,483441.0,0.0,+29.3713632,-098.4994687,3494.60812866,483439.712132,48,029,150700,4,0.9336870026525199,17165.0,543.0,0.0,23507.184600830078,43.291316023628134,545.0,0.0,26097.424114227295,47.88518186096751,525.0,0.0,10505.15625,20.009821428571428,525.0,0.0,1970.85009765625,3.7540001860119045,525.0,0.0,0.0,0.0,525.0,0.0,8415.498046875,16.029520089285715,525.0,0.0,118.80818176269531,0.22630129859561013,2,2,22,#000000,2,22,#000000
410,480291507005,G48002901507005,48,029,150700,5,480291507005,Block Group 5,G5030,S,384136.0,0.0,+29.3753537,-098.4989937,2881.66635144,384136.416257,48,029,150700,5,1.0,20364.0,433.0,0.0,18738.576122283936,43.27615732629084,419.0,0.0,20514.857097625732,48.961472786696255,431.0,0.0,8194.93115234375,19.013761374347446,431.0,0.0,1579.6575317382812,3.6650986815273345,431.0,0.0,4.536550998687744,0.010525640368185022,431.0,0.0,6513.69677734375,15.112985562282482,431.0,0.0,97.04099655151367,0.22515312424945166,2,2,22,#000000,2,22,#000000
411,480291507006,G48002901507006,48,029,150700,6,480291507006,Block Group 6,G5030,S,292232.0,0.0,+29.3790612,-098.5012255,2257.1204128,292229.839011,48,029,150700,6,0.9632034632034632,18524.0,321.0,0.0,13891.996566772461,43.2772478715653,321.0,0.0,17247.25844192505,53.72977707764813,326.0,0.0,6786.98193359375,20.818962986483896,326.0,0.0,1611.9854736328125,4.944740716665069,326.0,0.0,0.0,0.0,326.0,0.0,5058.44384765625,15.51669891919095,326.0,0.0,116.55274200439453,0.35752374847973784,2,2,22,#000000,2,22,#000000
412,480291508001,G48002901508001,48,029,150800,1,480291508001,Block Group 1,G5030,S,886842.0,16214.0,+29.3746448,-098.4797099,4784.96461174,903057.172227,48,029,150800,1,0.9478873239436619,7558.0,987.0,0.0,42641.86921310425,43.203514906893865,1009.0,0.0,65360.0418548584,64.77704841908663,1012.0,0.0,17118.060245513916,16.915079293986082,1012.0,0.0,4694.585870742798,4.638918844607508,1012.0,0.0,180.94620895385742,0.1788006017330607,1012.0,0.0,11903.032064437866,11.761889391737022,1012.0,0.0,339.49647906422615,0.335470829114848,2,2,22,#000000,2,22,#000000
413,480291508002,G48002901508002,48,029,150800,2,480291508002,Block Group 2,G5030,S,2365791.0,79095.0,+29.3636646,-098.4770644,6347.41817192,2444885.64659,48,029,150800,2,0.856,29446.0,2712.0,0.0,115436.57952191438,42.56511044318377,2720.0,0.0,2366299.0415649414,869.9628829282873,2714.0,0.0,46412.595703125,17.101177488255342,2714.0,0.0,14002.498779296875,5.159358430102017,2714.0,0.0,719.9473876953125,0.26527169775066783,2714.0,0.0,30434.96240234375,11.2140613125806,2714.0,0.0,1255.1868591308594,0.4624859466215399,1,1,11,#b3b3b3,1,11,#b3b3b3
414,480291508003,G48002901508003,48,029,150800,3,480291508003,Block Group 3,G5030,S,1047855.0,28935.0,+29.3723735,-098.4843891,5427.97004306,1076791.87217,48,029,150800,3,0.9036742800397219,9399.0,1206.0,0.0,52097.5114209834,43.19859985156169,1182.0,0.0,73878.1142654419,62.50263474233663,1182.0,0.0,21121.51708984375,17.86930379851417,1182.0,0.0,5117.560150146484,4.329577115183151,1182.0,0.0,303.06427216529846,0.2563995534393388,1182.0,0.0,15316.700073242188,12.958291094113525,1182.0,0.0,384.1921501159668,0.3250356599965878,2,2,22,#000000,2,22,#000000
415,480291509001,G48002901509001,48,029,150900,1,480291509001,Block Group 1,G5030,S,338886.0,0.0,+29.3615791,-098.4869139,2982.82244504,338886.825406,48,029,150900,1,0.8640226628895185,17282.0,380.0,0.0,16409.5470918019,43.18301866263658,383.0,0.0,30472.533645629883,79.5627510329762,374.0,0.0,9527.78125,25.475350935828878,374.0,0.0,1669.093505859375,4.462816860586564,374.0,0.0,0.0,0.0,374.0,0.0,7771.5185546875,20.779461376169785,374.0,0.0,87.16836547851562,0.23307049593185997,1,2,12,#b36600,2,22,#000000
416,480291509002,G48002901509002,48,029,150900,2,480291509002,Block Group 2,G5030,S,418111.0,0.0,+29.3584203,-098.4865788,3152.26807367,418111.68496,48,029,150900,2,0.9694117647058823,22698.0,466.0,0.0,20139.64356196075,43.21811923167543,460.0,0.0,35687.65800857544,77.58186523603356,457.0,0.0,10328.4248046875,22.600491913977024,457.0,0.0,1943.2430725097656,4.252173025185483,457.0,0.0,2.2328951358795166,0.004885984980042706,457.0,0.0,8270.086730957031,18.096469870803134,457.0,0.0,112.86094093322754,0.24696048344251104,2,2,22,#000000,1,12,#b36600
417,480291509003,G48002901509003,48,029,150900,3,480291509003,Block Group 3,G5030,S,633882.0,0.0,+29.3591145,-098.4979493,3444.73776743,633882.418026,48,029,150900,3,0.8892380204241949,17043.0,682.0,0.0,29597.945547392494,43.39874713693914,693.0,0.0,20397.729460716248,29.43395304576659,719.0,0.0,12143.183837890625,16.888990038790855,719.0,0.0,2503.554656982422,3.481995350462339,719.0,0.0,170.4474105834961,0.23706176715368024,719.0,0.0,9296.786010742188,12.930161350128216,719.0,0.0,172.3960304260254,0.2397719477413427,2,2,22,#000000,2,22,#000000
418,480291509004,G48002901509004,48,029,150900,4,480291509004,Block Group 4,G5030,S,648477.0,0.0,+29.3658250,-098.4896186,3667.71356336,648476.245137,48,029,150900,4,0.6185328185328185,20530.0,700.0,0.0,30240.976996726502,43.20139570960929,698.0,0.0,41313.29563522339,59.188102629259866,733.0,0.0,17213.060546875,23.48302939546385,733.0,0.0,3188.68505859375,4.350184254561732,733.0,0.0,0.0,0.0,733.0,0.0,13834.47216796875,18.87376830555082,733.0,0.0,189.90249633789062,0.2590757112385957,0,2,02,#f3b300,2,22,#000000
419,480291509005,G48002901509005,48,029,150900,5,480291509005,Block Group 5,G5030,S,715050.0,0.0,+29.3650259,-098.4991920,3427.25991211,715050.767415,48,029,150900,5,0.9475920679886686,13288.0,790.0,0.0,34239.12638203885,43.34066630637829,791.0,0.0,34513.40671348572,43.63262542792126,799.0,0.0,17686.5546875,22.13586318836045,799.0,0.0,3205.480224609375,4.011865112151908,799.0,0.0,30.980587005615234,0.038774201508905176,799.0,0.0,14272.0234375,17.862357243429287,799.0,0.0,178.07208251953125,0.2228686890106774,2,2,22,#000000,2,22,#000000
420,480291510001,G48002901510001,48,029,151000,1,480291510001,Block Group 1,G5030,S,350075.0,0.0,+29.3670369,-098.5103946,3039.44302737,350075.232426,48,029,151000,1,0.9386422976501305,18901.0,401.0,0.0,17388.87033854404,43.363766430284386,400.0,0.0,15376.44211769104,38.4411052942276,369.0,0.0,7936.4749755859375,21.508062264460534,369.0,0.0,1459.3329010009766,3.954831710029747,369.0,0.0,2.4058659076690674,0.006519961809401267,369.0,0.0,6389.180847167969,17.31485324435764,369.0,0.0,85.55548191070557,0.23185767455475764,2,2,22,#000000,2,22,#000000
421,480291510002,G48002901510002,48,029,151000,2,480291510002,Block Group 2,G5030,S,572058.0,0.0,+29.3634237,-098.5113863,3725.16678032,572058.442782,48,029,151000,2,0.947900053163211,21501.0,634.0,0.0,27504.28108539777,43.38214682239396,631.0,0.0,24196.908767700195,38.346923562123926,630.0,0.0,14994.857421875,23.801360987103173,630.0,0.0,2664.6337890625,4.229577442956349,630.0,0.0,0.0,0.0,630.0,0.0,12181.2373046875,19.335297309027776,630.0,0.0,148.98672485351562,0.2364868648468502,2,2,22,#000000,1,12,#b36600
422,480291510003,G48002901510003,48,029,151000,3,480291510003,Block Group 3,G5030,S,661716.0,0.0,+29.3593661,-098.5091740,3832.72717821,661717.563913,48,029,151000,3,0.9696157283288651,14014.0,719.0,0.0,31224.60534781028,43.42782384952751,707.0,0.0,18819.591139793396,26.618940791786983,741.0,0.0,17523.166748046875,23.64799831045462,741.0,0.0,3314.7416076660156,4.473335502923098,741.0,0.0,12.47485876083374,0.016835167018669016,741.0,0.0,13997.537719726562,18.890064399091177,741.0,0.0,198.41324615478516,0.26776416485126203,2,2,22,#000000,2,22,#000000
423,480291511001,G48002901511001,48,029,151100,1,480291511001,Block Group 1,G5030,S,681007.0,0.0,+29.3610526,-098.5196986,3866.99963352,681005.562974,48,029,151100,1,0.9535073409461664,20994.0,764.0,0.0,33192.79180715385,43.44606257480871,774.0,0.0,30930.197633743286,39.96149565083112,763.0,0.0,16942.052856445312,22.204525368866726,763.0,0.0,3241.5069885253906,4.248370889286226,763.0,0.0,7.412011504173279,0.009714300791839159,763.0,0.0,13497.476623535156,17.690008680911085,763.0,0.0,195.65831184387207,0.25643291198410495,2,2,22,#000000,1,12,#b36600
424,480291511002,G48002901511002,48,029,151100,2,480291511002,Block Group 2,G5030,S,716553.0,0.0,+29.3608163,-098.5273383,3839.31305905,716550.656268,48,029,151100,2,0.9220205983325159,18616.0,799.0,0.0,34730.781326293945,43.46781142214511,824.0,0.0,69607.05940055847,84.4745866511632,801.0,0.0,19071.398559570312,23.80948634153597,801.0,0.0,3668.6731567382812,4.580116300547168,801.0,0.0,20.857747077941895,0.026039634304546685,801.0,0.0,15161.533813476562,18.928256945663623,801.0,0.0,220.33307266235352,0.27507250020268853,2,2,22,#000000,2,22,#000000
425,480291511003,G48002901511003,48,029,151100,3,480291511003,Block Group 3,G5030,S,250923.0,0.0,+29.3653632,-098.5287842,3344.01910475,250923.33352,48,029,151100,3,1.0,17624.0,286.0,0.0,12430.827125549316,43.46443050891369,276.0,0.0,7492.853979110718,27.14802166344463,271.0,0.0,4194.365539550781,15.477363614578529,271.0,0.0,832.3788757324219,3.071508766540302,271.0,0.0,0.0,0.0,271.0,0.0,3308.7457580566406,12.209393941168416,271.0,0.0,53.241315841674805,0.19646242007998083,2,2,22,#000000,2,22,#000000
426,480291511004,G48002901511004,48,029,151100,4,480291511004,Block Group 4,G5030,S,336537.0,0.0,+29.3669261,-098.5255176,3050.76924395,336538.286925,48,029,151100,4,0.9238095238095239,22282.0,360.0,0.0,15643.54044342041,43.45427900950114,365.0,0.0,6149.22719669342,16.847197799160057,379.0,0.0,6878.111572265625,18.14805164186181,379.0,0.0,1331.184326171875,3.5123596996619395,379.0,0.0,3.564245581626892,0.009404341904028739,379.0,0.0,5462.8701171875,14.41390532239446,379.0,0.0,80.49303722381592,0.21238268396785204,2,2,22,#000000,1,12,#b36600
427,480291511005,G48002901511005,48,029,151100,5,480291511005,Block Group 5,G5030,S,341532.0,0.0,+29.3657498,-098.5385373,2781.04145445,341532.493583,48,029,151100,5,1.0,9605.0,360.0,0.0,15659.620464324951,43.498945734235974,374.0,0.0,11214.877912521362,29.986304578934124,373.0,0.0,8097.57080078125,21.709305095928283,373.0,0.0,1455.2093505859375,3.901365551168733,373.0,0.0,6.4130213260650635,0.01719308666505379,373.0,0.0,6557.373046875,17.580088597520106,373.0,0.0,78.57481575012207,0.21065634249362486,2,2,22,#000000,2,22,#000000
428,480291511006,G48002901511006,48,029,151100,6,480291511006,Block Group 6,G5030,S,538618.0,0.0,+29.3609470,-098.5351167,2989.84166656,538616.514571,48,029,151100,6,1.0,13365.0,621.0,0.0,27011.021675109863,43.496009138663226,604.0,0.0,56879.516050338745,94.17138418930256,585.0,0.0,9262.365814208984,15.833103955912794,585.0,0.0,1975.8102188110352,3.377453365488949,585.0,0.0,206.06365966796875,0.35224557208199786,585.0,0.0,6945.027648925781,11.871842134915866,585.0,0.0,135.46407985687256,0.23156252966986762,2,2,22,#000000,2,22,#000000
429,480291511007,G48002901511007,48,029,151100,7,480291511007,Block Group 7,G5030,S,598270.0,0.0,+29.3595694,-098.5424173,3291.23607461,598266.762702,48,029,151100,7,0.9074941451990632,22663.0,679.0,0.0,29529.724586486816,43.49002148230753,669.0,0.0,40998.30673599243,61.282969710003634,662.0,0.0,13664.342407226562,20.641000615145863,662.0,0.0,2719.1727294921875,4.107511675970072,662.0,0.0,50.724510192871094,0.07662312717956359,662.0,0.0,10732.494262695312,16.212226982923433,662.0,0.0,161.95134925842285,0.24463950039036683,2,2,22,#000000,1,12,#b36600
430,480291512001,G48002901512001,48,029,151200,1,480291512001,Block Group 1,G5030,S,2050027.0,1410.0,+29.3228396,-098.5425575,5963.5808801,2051435.04612,48,029,151200,1,0.9900090826521344,16437.0,2283.0,0.0,96810.92017745972,42.40513367387636,2268.0,0.0,441392.2994213104,194.61741597059543,2283.0,0.0,41827.2509765625,18.321178701954665,2283.0,0.0,10711.919677734375,4.692036652533673,2283.0,0.0,442.3805389404297,0.19377158954902746,2283.0,0.0,29776.789306640625,13.04283368665818,2283.0,0.0,896.16015625,0.39253620510293474,2,0,20,#509dc2,2,20,#509dc2
431,480291512002,G48002901512002,48,029,151200,2,480291512002,Block Group 2,G5030,S,2182339.0,0.0,+29.3509849,-098.5432976,6113.9762319,2182341.74702,48,029,151200,2,0.911337779521381,16869.0,2403.0,0.0,104358.63317506562,43.42847822516256,2412.0,0.0,163411.90009880066,67.74954398789414,2436.0,0.0,42280.6650390625,17.356594843621718,2436.0,0.0,13268.3046875,5.446758902914614,2436.0,0.0,552.800666809082,0.2269296661777841,2436.0,0.0,27443.1962890625,11.265679921618432,2436.0,0.0,1016.3634643554688,0.41722638109830407,2,2,22,#000000,2,22,#000000
432,480291512003,G48002901512003,48,029,151200,3,480291512003,Block Group 3,G5030,S,321110.0,0.0,+29.3320805,-098.5376165,2407.80836959,321109.727674,48,029,151200,3,1.0,18022.0,348.0,0.0,14973.478008270264,43.027235655949035,347.0,0.0,10013.873396873474,28.85842477485151,351.0,0.0,8135.997741699219,23.17948074558182,351.0,0.0,1368.5713729858398,3.8990637407003983,351.0,0.0,0.0,0.0,351.0,0.0,6700.207702636719,19.088910833722846,351.0,0.0,67.21874713897705,0.19150640210534772,2,1,21,#376387,2,21,#376387
433,480291512004,G48002901512004,48,029,151200,4,480291512004,Block Group 4,G5030,S,397177.0,0.0,+29.3321525,-098.5464332,2888.46316825,397177.538782,48,029,151200,4,1.0,21718.0,428.0,0.0,18435.287929534912,43.07310263910026,444.0,0.0,35148.63618469238,79.16359501056843,430.0,0.0,9257.363830566406,21.52875309434048,430.0,0.0,1706.6993408203125,3.9690682344658432,430.0,0.0,2.0048882961273193,0.004662530921226324,430.0,0.0,7450.914794921875,17.32770882539971,430.0,0.0,97.7433443069458,0.22731010303940885,2,1,21,#376387,1,11,#b3b3b3
434,480291512005,G48002901512005,48,029,151200,5,480291512005,Block Group 5,G5030,S,2040082.0,35492.0,+29.3415638,-098.5450019,6277.95012954,2075572.22864,48,029,151200,5,0.9084922797456857,19697.0,2302.0,0.0,99436.88045234015,43.195864662180774,2318.0,0.0,183433.6734867096,79.13445793214392,2324.0,0.0,43927.83203125,18.901821011725474,2324.0,0.0,9140.26318359375,3.9329876005136617,2324.0,0.0,166.6104393005371,0.07169123894171132,2324.0,0.0,34030.583984375,14.643108427011619,2324.0,0.0,590.3738403320312,0.2540334941187742,2,2,22,#000000,2,22,#000000
435,480291513011,G48002901513011,48,029,151301,1,480291513011,Block Group 1,G5030,S,1312964.0,0.0,+29.3511363,-098.5286553,4583.70207288,1312962.19526,48,029,151301,1,0.8819320214669052,28835.0,1449.0,0.0,63047.530097961426,43.5110628695386,1412.0,0.0,115498.4241566658,81.79775081916841,1447.0,0.0,22166.21533203125,15.318738999330511,1447.0,0.0,6229.66015625,4.3052247106081545,1447.0,0.0,282.31783294677734,0.19510562055755173,1447.0,0.0,15208.35791015625,10.510268078891672,1447.0,0.0,445.88057708740234,0.30814138015715437,2,2,22,#000000,1,12,#b36600
436,480291513012,G48002901513012,48,029,151301,2,480291513012,Block Group 2,G5030,S,495046.0,13678.0,+29.3435853,-098.5213805,2857.26090558,508725.49922,48,029,151301,2,0.9762878168438267,12690.0,550.0,0.0,23836.36938756149,43.338853431929984,565.0,0.0,18266.33949279785,32.32980441203159,583.0,0.0,13812.546875,23.692190180102916,583.0,0.0,2381.63720703125,4.085141006914665,583.0,0.0,4.588966369628906,0.0078712973750067,583.0,0.0,11299.60546875,19.381827562178387,583.0,0.0,126.71578979492188,0.2173512689449775,2,2,22,#000000,2,22,#000000
437,480291513013,G48002901513013,48,029,151301,3,480291513013,Block Group 3,G5030,S,718847.0,25768.0,+29.3521142,-098.5205353,3560.67131355,744615.025567,48,029,151301,3,0.8781094527363185,16991.0,814.0,0.0,35370.93541907977,43.45323761557711,814.0,0.0,29261.158409118652,35.94736905297132,814.0,0.0,15789.28564453125,19.397156811463454,814.0,0.0,3042.6233825683594,3.7378665633517927,814.0,0.0,23.905226707458496,0.02936760037771314,814.0,0.0,12541.7470703125,15.40755168343059,814.0,0.0,181.00995635986328,0.2223709537590458,1,2,12,#b36600,2,22,#000000
438,480291513014,G48002901513014,48,029,151301,4,480291513014,Block Group 4,G5030,S,1009088.0,0.0,+29.3411660,-098.5291876,4430.78368826,1009087.14083,48,029,151301,4,0.9352864013992129,15920.0,1143.0,0.0,49474.74670791626,43.28499274533356,1118.0,0.0,43238.607157707214,38.67496167952345,1094.0,0.0,22468.076416015625,20.53754699818613,1094.0,0.0,4115.429016113281,3.7618181134490687,1094.0,0.0,43.07805633544922,0.03937665112929545,1094.0,0.0,18076.25048828125,16.52308088508341,1094.0,0.0,233.31849670410156,0.2132710207532921,2,2,22,#000000,2,22,#000000
439,480291513021,G48002901513021,48,029,151302,1,480291513021,Block Group 1,G5030,S,1502393.0,1622.0,+29.3330290,-098.5217454,5614.3640352,1504015.24229,48,029,151302,1,1.0,14494.0,1655.0,0.0,71254.21789641691,43.05390809451173,1664.0,0.0,100384.59506607056,60.327280688744324,1688.0,0.0,36326.98992919922,21.520728631042193,1688.0,0.0,6484.882736206055,3.8417551754775205,1688.0,0.0,7.4246379137039185,0.004398482176364881,1688.0,0.0,29451.37109375,17.447494723785546,1688.0,0.0,383.31279277801514,0.2270810383756014,2,1,21,#376387,2,21,#376387
440,480291513022,G48002901513022,48,029,151302,2,480291513022,Block Group 2,G5030,S,1769897.0,0.0,+29.3252636,-098.5244709,5444.52494361,1769894.03611,48,029,151302,2,0.8023364485981308,22452.0,1965.0,0.0,82309.93270874023,41.88800646755228,1969.0,0.0,1398716.560470581,710.3689997311229,1967.0,0.0,37290.73583984375,18.95817785452148,1967.0,0.0,8005.8037109375,4.070057809322573,1967.0,0.0,255.67637634277344,0.12998290612240643,1967.0,0.0,28458.225341796875,14.467831897202275,1967.0,0.0,571.0314331054688,0.29030576161945537,1,0,10,#b4d3e1,1,10,#b4d3e1
441,480291514001,G48002901514001,48,029,151400,1,480291514001,Block Group 1,G5030,S,451068.0,0.0,+29.3536639,-098.5073587,2685.58298204,451068.271524,48,029,151400,1,0.8713513513513513,18621.0,529.0,0.0,22978.843590378532,43.43826765667019,506.0,0.0,10557.263947486877,20.864157998985924,484.0,0.0,9329.669921875,19.276177524535125,484.0,0.0,1771.00439453125,3.65909998870093,484.0,0.0,5.435474395751953,0.011230318999487506,484.0,0.0,7448.21533203125,15.388874652957128,484.0,0.0,105.01419067382812,0.21697146833435563,1,2,12,#b36600,2,22,#000000
442,480291514002,G48002901514002,48,029,151400,2,480291514002,Block Group 2,G5030,S,374725.0,0.0,+29.3481428,-098.5073530,2459.08048052,374726.074286,48,029,151400,2,0.9701110162254484,21311.0,414.0,0.0,17971.48722472095,43.409389431693114,396.0,0.0,8502.162825584412,21.470108145415182,418.0,0.0,9201.84765625,22.01398960825359,418.0,0.0,1603.3280639648438,3.835713071686229,418.0,0.0,0.0,0.0,418.0,0.0,7514.7177734375,17.977793716357656,418.0,0.0,83.80106735229492,0.2004810223739113,2,2,22,#000000,1,12,#b36600
443,480291514003,G48002901514003,48,029,151400,3,480291514003,Block Group 3,G5030,S,642084.0,5113.0,+29.3440229,-098.5126116,3974.85550664,647196.240464,48,029,151400,3,0.8437741686001546,19512.0,735.0,0.0,31901.763374641294,43.40375969338952,744.0,0.0,11971.954159259796,16.091336235564242,705.0,0.0,13219.379272460938,18.750892585050977,705.0,0.0,2497.3787841796875,3.5423812541555852,705.0,0.0,43.47831726074219,0.06167137200105275,705.0,0.0,10535.697021484375,14.944251094304079,705.0,0.0,142.82546424865723,0.20258931099100316,1,2,12,#b36600,2,22,#000000
444,480291514004,G48002901514004,48,029,151400,4,480291514004,Block Group 4,G5030,S,409114.0,0.0,+29.3531640,-098.5135386,2608.05494036,409113.516951,48,029,151400,4,0.9095519864750634,21827.0,441.0,0.0,19160.6904962986,43.44827776938458,461.0,0.0,9435.468710899353,20.467394166809875,468.0,0.0,8647.9033203125,18.478425898103634,468.0,0.0,1807.9014892578125,3.863037370209001,468.0,0.0,0.0,0.0,468.0,0.0,6723.92529296875,14.367361737112713,468.0,0.0,116.07623291015625,0.24802613869691506,2,2,22,#000000,1,12,#b36600
445,480291515001,G48002901515001,48,029,151500,1,480291515001,Block Group 1,G5030,S,443168.0,0.0,+29.3542134,-098.4857797,2715.61587654,443167.716616,48,029,151500,1,0.6194029850746269,22619.0,506.0,0.0,21867.266614303273,43.21594192550054,498.0,0.0,51029.61001586914,102.46909641740791,479.0,0.0,8336.8837890625,17.40476782685282,479.0,0.0,1774.42333984375,3.7044328597990606,479.0,0.0,5.232722759246826,0.010924264633083144,479.0,0.0,6435.0673828125,13.434378669754697,479.0,0.0,122.15962219238281,0.25503052649766766,0,2,02,#f3b300,1,12,#b36600
446,480291515002,G48002901515002,48,029,151500,2,480291515002,Block Group 2,G5030,S,985229.0,0.0,+29.3506539,-098.4927697,5530.95370978,985229.391914,48,029,151500,2,0.7359913793103448,18527.0,1110.0,0.0,48035.98280647081,43.27566018600974,1084.0,0.0,82315.96231842041,75.93723461108894,1077.0,0.0,23907.654052734375,22.198378879047702,1077.0,0.0,5014.549758911133,4.656035059341813,1077.0,0.0,2.539525270462036,0.0023579621824160036,1077.0,0.0,18534.75372314453,17.209613484813865,1077.0,0.0,355.80885887145996,0.3303703424990343,1,2,12,#b36600,2,22,#000000
447,480291515003,G48002901515003,48,029,151500,3,480291515003,Block Group 3,G5030,S,521609.0,0.0,+29.3548986,-098.4970485,3462.90873409,521609.35487,48,029,151500,3,0.9671314741035857,19746.0,569.0,0.0,24691.177936371838,43.393985828421506,604.0,0.0,23420.45504951477,38.775587830322465,577.0,0.0,9726.896484375,16.857706212088388,577.0,0.0,2061.18603515625,3.5722461614493066,577.0,0.0,29.915122985839844,0.05184596704651619,577.0,0.0,7500.25634765625,12.998711174447573,577.0,0.0,135.53797912597656,0.23490117699476007,2,2,22,#000000,2,22,#000000
448,480291516001,G48002901516001,48,029,151600,1,480291516001,Block Group 1,G5030,S,758270.0,0.0,+29.3460406,-098.4923739,5094.12764798,758269.693863,48,029,151600,1,0.9445506692160612,16567.0,822.0,0.0,35530.49603669021,43.22444773319977,843.0,0.0,26075.953441619873,30.932329112241842,874.0,0.0,19507.57958984375,22.3198851142377,874.0,0.0,3464.5277099609375,3.963990514829448,874.0,0.0,1.2920390367507935,0.0014783055340398094,874.0,0.0,15851.18798828125,18.13637069597397,874.0,0.0,190.56974029541016,0.21804318111602994,2,2,22,#000000,2,22,#000000
449,480291516002,G48002901516002,48,029,151600,2,480291516002,Block Group 2,G5030,S,339538.0,0.0,+29.3406151,-098.4885335,2781.33183426,339535.958799,48,029,151600,2,0.8146167557932263,22378.0,380.0,0.0,16330.47367080799,42.97493071265261,381.0,0.0,19219.502922058105,50.444889559207624,375.0,0.0,8326.926635742188,22.2051376953125,375.0,0.0,1466.6465606689453,3.9110574951171877,375.0,0.0,1.816192865371704,0.0048431809743245445,375.0,0.0,6781.36181640625,18.083631510416666,375.0,0.0,77.10290908813477,0.20560775756835936,1,1,11,#b3b3b3,1,11,#b3b3b3
450,480291516003,G48002901516003,48,029,151600,3,480291516003,Block Group 3,G5030,S,1346591.0,0.0,+29.3372255,-098.4934884,5676.23210086,1346590.50759,48,029,151600,3,0.9331366764995084,20836.0,1495.0,0.0,64120.81778492949,42.89017912035417,1499.0,0.0,140179.2168521881,93.51515467123957,1485.0,0.0,34465.75,23.20925925925926,1485.0,0.0,6208.5870361328125,4.180866690998527,1485.0,0.0,27.725830078125,0.01867059264520202,1485.0,0.0,27879.5576171875,18.774112873526935,1485.0,0.0,349.87807846069336,0.23560813364356456,2,1,21,#376387,1,11,#b3b3b3
451,480291516004,G48002901516004,48,029,151600,4,480291516004,Block Group 4,G5030,S,374653.0,0.0,+29.3429521,-098.4990201,2887.922284,374652.730365,48,029,151600,4,0.9254658385093167,19570.0,406.0,0.0,17574.776337555442,43.28762644718089,411.0,0.0,10247.298904418945,24.932600740678698,427.0,0.0,9418.65625,22.057742974238877,427.0,0.0,1615.95361328125,3.784434691525176,427.0,0.0,1.8388267755508423,0.004306385891219771,427.0,0.0,7719.623046875,18.0787424985363,427.0,0.0,81.2402572631836,0.19025821373110913,2,2,22,#000000,2,22,#000000
452,480291516005,G48002901516005,48,029,151600,5,480291516005,Block Group 5,G5030,S,259801.0,0.0,+29.3459483,-098.4987069,2603.70304315,259799.818296,48,029,151600,5,0.48828125,14860.0,300.0,0.0,12994.108654041156,43.31369551347052,296.0,0.0,10619.496913909912,35.87667876320916,274.0,0.0,5576.38818359375,20.35178169194799,274.0,0.0,1005.3294677734375,3.6690856488081662,274.0,0.0,1.5391061305999756,0.005617175659123999,274.0,0.0,4514.2734375,16.475450501824817,274.0,0.0,55.24608612060547,0.20162805153505645,0,2,02,#f3b300,2,22,#000000
453,480291517001,G48002901517001,48,029,151700,1,480291517001,Block Group 1,G5030,S,2176950.0,0.0,+29.3269084,-098.4884765,7269.51029242,2176951.28022,48,029,151700,1,0.8233792751403777,26966.0,2431.0,0.0,100981.56142807007,41.53910383713289,2426.0,0.0,1743459.502002716,718.6560189623726,2399.0,0.0,46736.3427734375,19.481593486218216,2399.0,0.0,11550.955200195312,4.814904210168951,2399.0,0.0,345.26626920700073,0.14392091254981274,2399.0,0.0,33908.69689941406,14.134513088542752,2399.0,0.0,931.4218521118164,0.38825421096782675,1,0,10,#b4d3e1,1,10,#b4d3e1
454,480291517002,G48002901517002,48,029,151700,2,480291517002,Block Group 2,G5030,S,713465.0,0.0,+29.3300971,-098.4973228,3878.51429087,713465.29198,48,029,151700,2,0.865515114127082,17936.0,796.0,0.0,33943.765464782715,42.64292143816924,788.0,0.0,72213.41715812683,91.64139233264827,798.0,0.0,17903.255859375,22.435157718515036,798.0,0.0,3073.980712890625,3.8521061565045427,798.0,0.0,0.0,0.0,798.0,0.0,14667.517578125,18.380347842261905,798.0,0.0,161.75702667236328,0.20270304094281114,1,1,11,#b3b3b3,2,21,#376387
455,480291517003,G48002901517003,48,029,151700,3,480291517003,Block Group 3,G5030,S,1614861.0,0.0,+29.3252573,-098.5087118,5138.41604284,1614861.8624,48,029,151700,3,0.9223300970873787,19880.0,1781.0,0.0,75396.05629730225,42.33355210404393,1784.0,0.0,435392.8160896301,244.05426910853706,1779.0,0.0,33087.0068359375,18.598654770060428,1779.0,0.0,6111.077880859375,3.4351196632149383,1779.0,0.0,230.9871826171875,0.12984102451781196,1779.0,0.0,26363.77587890625,14.81943556993044,1779.0,0.0,381.1658706665039,0.21425849953148055,2,0,20,#509dc2,2,20,#509dc2
456,480291517004,G48002901517004,48,029,151700,4,480291517004,Block Group 4,G5030,S,1064817.0,16261.0,+29.3330238,-098.5074535,4442.5243518,1081077.85786,48,029,151700,4,0.967741935483871,18003.0,1172.0,0.0,50540.78076553345,43.12353307639373,1168.0,0.0,36497.47830581665,31.247841015253982,1214.0,0.0,29330.2978515625,24.160047653675864,1214.0,0.0,6735.317443847656,5.548037433152929,1214.0,0.0,17.229887008666992,0.01419265816199917,1214.0,0.0,22063.148803710938,18.173928174391218,1214.0,0.0,514.6009531021118,0.4238887587332058,2,1,21,#376387,2,21,#376387
457,480291517005,G48002901517005,48,029,151700,5,480291517005,Block Group 5,G5030,S,693990.0,23384.0,+29.3401142,-098.5090940,3606.51731431,717374.899077,48,029,151700,5,0.9665738161559888,13354.0,800.0,0.0,34656.09666453897,43.320120830673716,781.0,0.0,18754.159578323364,24.01300842294925,782.0,0.0,16937.77734375,21.659561820652176,782.0,0.0,2956.6348876953125,3.7808630277433664,782.0,0.0,8.042186975479126,0.010284126567108857,782.0,0.0,13810.8134765625,17.660886798673275,782.0,0.0,162.28550720214844,0.20752622404366808,2,2,22,#000000,2,22,#000000
458,480291519001,G48002901519001,48,029,151900,1,480291519001,Block Group 1,G5030,S,756954.0,0.0,+29.3188718,-098.4714030,5617.33439714,756955.882099,48,029,151900,1,0.9753943217665615,22188.0,829.0,0.0,33504.941875457764,40.41609393903229,828.0,0.0,388905.32260513306,469.6924186052332,833.0,0.0,16409.626586914062,19.699431676967663,833.0,0.0,3177.982177734375,3.8151046551433074,833.0,0.0,18.324416637420654,0.02199809920458662,833.0,0.0,13024.024536132812,15.635083476750076,833.0,0.0,189.29593658447266,0.2272460223102913,2,0,20,#509dc2,1,10,#b4d3e1
459,480291519002,G48002901519002,48,029,151900,2,480291519002,Block Group 2,G5030,S,14775453.0,2969688.0,+29.2986397,-098.4831152,20429.7130861,17745145.0065,48,029,151900,2,0.8810690423162584,30176.0,19652.0,0.0,778207.5763882603,39.59940852779668,19633.0,0.0,84798126.18688202,4319.162949466817,19661.0,0.0,269333.32482910156,13.698861951533573,19661.0,0.0,76162.72280883789,3.873796999584858,19661.0,0.0,4511.281154870987,0.22945329102644763,19661.0,0.0,182180.50903320312,9.266085602624644,19661.0,0.0,6478.8082637786865,0.3295258768007063,1,0,10,#b4d3e1,1,10,#b4d3e1
460,480291519003,G48002901519003,48,029,151900,3,480291519003,Block Group 3,G5030,S,20710774.0,281755.0,+29.2911936,-098.4535578,29030.9994399,20992533.8035,48,029,151900,3,0.9499514091350826,14628.0,23249.0,0.0,902526.5157501578,38.82001444148814,23223.0,0.0,137142566.63082695,5905.462973381,23250.0,0.0,448770.40661621094,19.301952972740256,23250.0,0.0,108564.38204956055,4.669435787077873,23250.0,0.0,6561.59312582016,0.2822190591750606,23250.0,0.0,324837.37619018555,13.971500051190777,23250.0,0.0,8807.079929351807,0.37879913674631427,2,0,20,#509dc2,2,20,#509dc2
461,480291520001,G48002901520001,48,029,152000,1,480291520001,Block Group 1,G5030,S,45803349.0,734943.0,+29.2845687,-098.5327496,34472.2734719,46538287.6633,48,029,152000,1,0.9086538461538461,19629.0,51574.0,0.0,2044904.04195,39.64990192635824,51562.0,0.0,1458512739.3133042,28286.5819656589,51504.0,0.0,905890.205078125,17.588734954141913,51504.0,0.0,270161.982421875,5.245456322263805,51504.0,0.0,13982.539764404297,0.27148454031539876,51504.0,0.0,596570.052734375,11.582984869803802,51504.0,0.0,25175.642700195312,0.4888094652880419,2,0,20,#509dc2,2,20,#509dc2
462,480291521002,G48002901521002,48,029,152100,2,480291521002,Block Group 2,G5030,S,41384098.0,37839.0,+29.2273094,-098.5186473,37912.0356415,41421939.9693,48,029,152100,2,0.7988431876606684,18497.0,45839.0,0.0,1665211.8055035265,36.327402550307085,45825.0,0.0,1515139830.2983704,33063.607862484896,45781.0,0.0,761505.9243164062,16.63366733615269,45781.0,0.0,286458.0701904297,6.257138773518046,45781.0,0.0,11118.459838867188,0.2428618824155695,45781.0,0.0,431767.06896972656,9.431141062225084,45781.0,0.0,32162.29426574707,0.7025249397292997,1,0,10,#b4d3e1,2,20,#509dc2
463,480291522012,G48002901522012,48,029,152201,2,480291522012,Block Group 2,G5030,S,26740814.0,63896.0,+29.2071982,-098.4588926,25184.9182477,26804711.9408,48,029,152201,2,0.9422518862449216,13373.0,29464.0,169.0,1079846.1614174733,36.649679657123045,29463.0,173.0,347137512.0780506,11782.150903779337,29455.0,181.0,465424.673828125,15.801211129795451,29455.0,181.0,163565.4443359375,5.55306210612587,29455.0,181.0,7786.793395996094,0.2643623627905651,29455.0,181.0,277487.93115234375,9.420741169660287,29455.0,181.0,16584.497619628906,0.5630452425608184,2,0,20,#509dc2,2,20,#509dc2
464,480291522014,G48002901522014,48,029,152201,4,480291522014,Block Group 4,G5030,S,6992092.0,16699.0,+29.2390250,-098.4638143,15783.6759157,7008791.40271,48,029,152201,4,0.9196787148594378,15174.0,7744.0,0.0,288112.0690397368,37.204554369800725,7771.0,0.0,46087829.89738464,5930.746351484319,7762.0,0.0,128936.68383789062,16.61127078560817,7762.0,0.0,43404.13473510742,5.591875126914123,7762.0,0.0,2759.8449783325195,0.3555584872883947,7762.0,0.0,78270.03192138672,10.083745416308519,7762.0,0.0,4502.671424865723,0.5800916548396963,2,0,20,#509dc2,2,20,#509dc2
465,480291522015,G48002901522015,48,029,152201,5,480291522015,Block Group 5,G5030,S,21353601.0,924093.0,+29.2441919,-098.4381573,24818.2128129,22277699.605,48,029,152201,5,0.9660755589822667,23060.0,24658.0,0.0,904538.1618931432,36.683354768965174,24649.0,0.0,490639456.06492615,19905.045075456455,24646.0,0.0,386604.357421875,15.686292194346953,24646.0,0.0,128381.505859375,5.2090199569656335,24646.0,0.0,7882.2967529296875,0.31982052880506723,24646.0,0.0,237316.591796875,9.629010459988436,24646.0,0.0,13023.973937988281,0.5284416918765025,2,0,20,#509dc2,1,10,#b4d3e1
466,480291522022,G48002901522022,48,029,152202,2,480291522022,Block Group 2,G5030,S,6795941.0,6755.0,+29.1990854,-098.4114925,13037.6474517,6802698.13156,48,029,152202,2,0.7667560321715818,18843.0,7512.0,0.0,284128.90721054544,37.823336955610415,7522.0,0.0,150480134.86943054,20005.335664641127,7524.0,0.0,125695.22357177734,16.705904249305867,7524.0,0.0,38261.50079345703,5.085260605190993,7524.0,0.0,1315.166404724121,0.17479617287667745,7524.0,0.0,82651.4506225586,10.985041284231604,7524.0,0.0,3467.0987510681152,0.46080525665445443,1,0,10,#b4d3e1,2,20,#509dc2
467,480291601001,G48002901601001,48,029,160100,1,480291601001,Block Group 1,G5030,S,466447.0,56067.0,+29.4131297,-098.5164715,2958.63650864,522513.082938,48,029,160100,1,0.9188275084554679,22364.0,578.0,0.0,25161.282359368663,43.53163037953056,579.0,0.0,7174.893617630005,12.391871533039732,581.0,0.0,10188.235107421875,17.5356886530497,581.0,0.0,2440.2188720703125,4.200032482048731,581.0,0.0,67.58700799942017,0.11632875731397618,581.0,0.0,7497.563507080078,12.904584349535419,581.0,0.0,182.8655138015747,0.31474270878067934,2,2,22,#000000,1,12,#b36600
468,480291601002,G48002901601002,48,029,160100,2,480291601002,Block Group 2,G5030,S,355288.0,0.0,+29.4002915,-098.5284940,3061.58400267,355288.740536,48,029,160100,2,1.0,14992.0,392.0,0.0,17042.750370025635,43.47640400516744,394.0,0.0,5940.588556289673,15.07763592966922,395.0,0.0,6432.646728515625,16.285181591178798,395.0,0.0,1400.0067138671875,3.5443207946004747,395.0,0.0,17.011173725128174,0.0430662625952612,395.0,0.0,4920.23486328125,12.45629079311709,395.0,0.0,95.39353561401367,0.24150262180762955,2,2,22,#000000,2,22,#000000
469,480291601003,G48002901601003,48,029,160100,3,480291601003,Block Group 3,G5030,S,209128.0,0.0,+29.4045248,-098.5276995,1832.02080944,209125.916463,48,029,160100,3,0.991869918699187,10582.0,234.0,0.0,10176.534828186035,43.4894650777181,232.0,0.0,2694.6784019470215,11.61499311184061,231.0,0.0,2120.15185546875,9.178146560470779,231.0,0.0,548.6143798828125,2.374954025466721,231.0,0.0,0.0,0.0,231.0,0.0,1525.285400390625,6.602967101258117,231.0,0.0,46.25259780883789,0.20022769614215538,2,2,22,#000000,2,22,#000000
470,480291601004,G48002901601004,48,029,160100,4,480291601004,Block Group 4,G5030,S,1461200.0,59491.0,+29.4100360,-098.5265175,7137.10096108,1520690.50048,48,029,160100,4,0.9994249568717654,13714.0,1690.0,0.0,73576.26895715848,43.536253820803836,1688.0,0.0,24191.29909181595,14.331338324535514,1687.0,0.0,28530.4384765625,16.911937449058982,1687.0,0.0,6310.587158203125,3.740715565028527,1687.0,0.0,426.4446105957031,0.2527828160021951,1687.0,0.0,21393.071533203125,12.681133096148859,1687.0,0.0,400.33587646484375,0.23730638794596548,2,2,22,#000000,2,22,#000000
471,480291602001,G48002901602001,48,029,160200,1,480291602001,Block Group 1,G5030,S,310178.0,0.0,+29.4010131,-098.5141736,2277.14302122,310175.44511,48,029,160200,1,0.9933110367892977,15727.0,343.0,0.0,14919.940116882324,43.49836768770357,344.0,0.0,6021.43883895874,17.504182671391685,349.0,0.0,6350.618896484375,18.196615749238898,349.0,0.0,1330.7698974609375,3.8130942620657233,349.0,0.0,5.257262319326401,0.015063788880591407,349.0,0.0,4926.5216064453125,14.116107754857628,349.0,0.0,88.06978225708008,0.25234894629535837,2,2,22,#000000,2,22,#000000
472,480291602002,G48002901602002,48,029,160200,2,480291602002,Block Group 2,G5030,S,485910.0,0.0,+29.3981278,-098.5202132,3957.85743515,485908.494849,48,029,160200,2,1.0,28595.0,544.0,0.0,23632.989318847656,43.44299507141113,537.0,0.0,17396.38729095459,32.39550705950575,529.0,0.0,10772.9716796875,20.364785783908317,529.0,0.0,2262.15234375,4.276280422967864,529.0,0.0,40.914730072021484,0.07734353510779109,529.0,0.0,8325.8798828125,15.738903370155954,529.0,0.0,144.02574157714844,0.27226038105321065,2,2,22,#000000,1,12,#b36600
473,480291602003,G48002901602003,48,029,160200,3,480291602003,Block Group 3,G5030,S,292184.0,0.0,+29.4018293,-098.5197575,2346.02773211,292184.78858,48,029,160200,3,0.925,21072.0,323.0,0.0,14040.481353759766,43.46898251938008,325.0,0.0,7296.394250869751,22.45044384883,325.0,0.0,6771.67138671875,20.835911959134616,325.0,0.0,1238.8951416015625,3.811985051081731,325.0,0.0,0.3118714988231659,0.0009596046117635873,325.0,0.0,5462.60400390625,16.808012319711537,325.0,0.0,69.86008834838867,0.21495411799504208,2,2,22,#000000,1,12,#b36600
474,480291603001,G48002901603001,48,029,160300,1,480291603001,Block Group 1,G5030,S,447831.0,0.0,+29.3935821,-098.5209791,2869.34964817,447831.313448,48,029,160300,1,0.9222560975609756,16822.0,494.0,0.0,21429.4688873291,43.379491674755265,497.0,0.0,24880.69204711914,50.0617546219701,498.0,0.0,9461.971923828125,18.99994362214483,498.0,0.0,2121.05908203125,4.259154783195281,498.0,0.0,1.1950706243515015,0.0023997402095411674,498.0,0.0,7187.34423828125,14.432418149159137,498.0,0.0,152.3737030029297,0.30597129117054156,2,2,22,#000000,2,22,#000000
475,480291603002,G48002901603002,48,029,160300,2,480291603002,Block Group 2,G5030,S,299369.0,0.0,+29.3879375,-098.5261942,2293.97021884,299367.451719,48,029,160300,2,0.9001024590163934,21583.0,331.0,0.0,14363.982383728027,43.395717171383765,332.0,0.0,10583.998863220215,31.87951464825366,335.0,0.0,5341.2236328125,15.943951142723881,335.0,0.0,1181.9381103515625,3.5281734637360076,335.0,0.0,9.558659553527832,0.028533312100083082,335.0,0.0,4066.787109375,12.139663013059701,335.0,0.0,82.93994140625,0.2475819146455224,2,2,22,#000000,1,12,#b36600
476,480291603003,G48002901603003,48,029,160300,3,480291603003,Block Group 3,G5030,S,361556.0,0.0,+29.3861839,-098.5301673,3070.40215153,361556.177399,48,029,160300,3,0.9830866807610994,12907.0,401.0,0.0,17421.050910949707,43.444017234288545,401.0,0.0,9505.126331329346,23.703556935983407,399.0,0.0,6957.826416015625,17.438161443648184,399.0,0.0,1367.41796875,3.4271127036340854,399.0,0.0,15.216900110244751,0.03813759426126504,399.0,0.0,5492.746337890625,13.766281548598057,399.0,0.0,82.44548892974854,0.2066302980695452,2,2,22,#000000,2,22,#000000
477,480291603004,G48002901603004,48,029,160300,4,480291603004,Block Group 4,G5030,S,278775.0,0.0,+29.3942416,-098.5303470,2460.00465847,278773.067765,48,029,160300,4,0.9750733137829912,17569.0,308.0,0.0,13381.68741607666,43.44703706518396,309.0,0.0,8339.1722946167,26.98761260393754,312.0,0.0,4993.4110107421875,16.004522470327522,312.0,0.0,1176.8420104980469,3.771929520827073,312.0,0.0,10.397066593170166,0.03332393138836592,312.0,0.0,3718.699951171875,11.918910099909855,312.0,0.0,87.47232437133789,0.2803600140106984,2,2,22,#000000,2,22,#000000
478,480291603005,G48002901603005,48,029,160300,5,480291603005,Block Group 5,G5030,S,376836.0,0.0,+29.3936634,-098.5264670,2580.95153522,376836.196416,48,029,160300,5,1.0,28050.0,420.0,0.0,18228.568672180176,43.40135398138137,420.0,0.0,15995.162687301636,38.083720684051514,416.0,0.0,8975.83154296875,21.576518132136417,416.0,0.0,1819.6802978515625,4.374231485220102,416.0,0.0,0.0,0.0,416.0,0.0,7038.51904296875,16.91951693021334,416.0,0.0,117.6328125,0.2827711838942308,2,2,22,#000000,1,12,#b36600
479,480291604001,G48002901604001,48,029,160400,1,480291604001,Block Group 1,G5030,S,410280.0,0.0,+29.3959247,-098.5457963,2613.5998624,410280.136981,48,029,160400,1,0.9835315645013724,20358.0,457.0,0.0,19853.14764022827,43.442336193059674,455.0,0.0,11808.851774215698,25.953520382891643,455.0,0.0,9566.404296875,21.025064388736265,455.0,0.0,1715.343017578125,3.769984654017857,455.0,0.0,3.9790420532226562,0.008745147369720124,455.0,0.0,7748.25,17.029120879120878,455.0,0.0,98.83214569091797,0.2172135070130065,2,2,22,#000000,2,22,#000000
480,480291604002,G48002901604002,48,029,160400,2,480291604002,Block Group 2,G5030,S,1132451.0,0.0,+29.3926558,-098.5382556,4991.65980093,1132453.76844,48,029,160400,2,0.9793708096957194,15659.0,1260.0,0.0,54802.32543563843,43.49390907590352,1256.0,0.0,19910.780823230743,15.852532502572249,1255.0,0.0,21757.6064453125,17.336738203436255,1255.0,0.0,4980.094970703125,3.9682031639068724,1255.0,0.0,183.44715118408203,0.14617302883193786,1255.0,0.0,16282.3798828125,12.974007874750995,1255.0,0.0,311.6841583251953,0.2483539110160919,2,2,22,#000000,2,22,#000000
481,480291604003,G48002901604003,48,029,160400,3,480291604003,Block Group 3,G5030,S,323636.0,0.0,+29.3850173,-098.5355921,2335.43524287,323637.413049,48,029,160400,3,0.9024,29208.0,360.0,0.0,15664.534496307373,43.51259582307603,360.0,0.0,4539.413102149963,12.609480839305453,357.0,0.0,8613.195556640625,24.126598197872898,357.0,0.0,1451.67578125,4.066318714985995,357.0,0.0,1.6039105653762817,0.004492746681726279,357.0,0.0,7089.45068359375,19.85840527617297,357.0,0.0,70.46379470825195,0.1973775762135909,2,2,22,#000000,1,12,#b36600
482,480291604004,G48002901604004,48,029,160400,4,480291604004,Block Group 4,G5030,S,969303.0,0.0,+29.3870560,-098.5446845,5658.46418698,969301.688192,48,029,160400,4,0.9850523168908819,19145.0,1073.0,0.0,46766.42816543579,43.584741999474176,1075.0,0.0,41540.82104635239,38.64262422916501,1075.0,0.0,18315.941650390625,17.038085256177325,1075.0,0.0,4087.777214050293,3.802583454930505,1075.0,0.0,130.80972576141357,0.12168346582457076,1075.0,0.0,13856.137496948242,12.889430229719295,1075.0,0.0,241.21883249282837,0.2243896116212357,2,2,22,#000000,2,22,#000000
483,480291605011,G48002901605011,48,029,160501,1,480291605011,Block Group 1,G5030,S,440502.0,0.0,+29.4102509,-098.5325489,2785.21707903,440503.914575,48,029,160501,1,1.0,5894.0,490.0,0.0,21303.15340423584,43.475823273950695,489.0,0.0,4009.7638697624207,8.19992611403358,488.0,0.0,7628.1103515625,15.63137367123463,488.0,0.0,1707.0132446289062,3.497977960305136,488.0,0.0,42.61298942565918,0.08732169964274422,488.0,0.0,5765.025390625,11.813576620133198,488.0,0.0,113.45878601074219,0.23249751231709465,2,2,22,#000000,2,22,#000000
484,480291605012,G48002901605012,48,029,160501,2,480291605012,Block Group 2,G5030,S,543556.0,0.0,+29.4101518,-098.5417164,3296.49092512,543555.734712,48,029,160501,2,0.8353909465020576,10184.0,605.0,0.0,26241.366733551025,43.374159890166986,604.0,0.0,22031.442556381226,36.475898272154346,603.0,0.0,13348.0244140625,22.136027220667497,603.0,0.0,3027.1111450195312,5.0200848176111625,603.0,0.0,7.794166564941406,0.012925649361428534,603.0,0.0,10093.984375,16.739609245439468,603.0,0.0,219.1344757080078,0.3634070907263811,1,2,12,#b36600,2,22,#000000
485,480291605013,G48002901605013,48,029,160501,3,480291605013,Block Group 3,G5030,S,396682.0,0.0,+29.4139611,-098.5416937,3327.4981553,396681.479384,48,029,160501,3,0.9287369640787949,9314.0,437.0,0.0,18961.402465820312,43.389936992723825,438.0,0.0,11221.805515289307,25.620560537190197,442.0,0.0,7916.6328125,17.910933964932127,442.0,0.0,1605.845703125,3.633135074943439,442.0,0.0,30.980587005615234,0.07009182580455936,442.0,0.0,6178.138671875,13.977689302884615,442.0,0.0,101.6680679321289,0.23001825324011066,2,2,22,#000000,2,22,#000000
486,480291605021,G48002901605021,48,029,160502,1,480291605021,Block Group 1,G5030,S,641885.0,0.0,+29.4012977,-098.5337848,3599.52336873,641885.414773,48,029,160502,1,0.994098955969133,9468.0,712.0,0.0,30943.8758392334,43.46049977420421,713.0,0.0,9781.7002658844,13.719074706710238,714.0,0.0,14991.8369140625,20.99697046787465,714.0,0.0,2976.830810546875,4.169230827096464,714.0,0.0,10.848077178001404,0.01519338540336331,714.0,0.0,11822.65185546875,16.558335932029063,714.0,0.0,181.50481414794922,0.25420842317639947,2,2,22,#000000,2,22,#000000
487,480291605022,G48002901605022,48,029,160502,2,480291605022,Block Group 2,G5030,S,565020.0,0.0,+29.4008213,-098.5437224,3121.92875886,565019.310735,48,029,160502,2,0.9600420609884333,22772.0,625.0,0.0,27123.544467926025,43.39767114868164,629.0,0.0,21199.373991012573,33.70329728300886,627.0,0.0,15032.196533203125,23.974795108776913,627.0,0.0,2821.2906494140625,4.499666107518441,627.0,0.0,26.47334051132202,0.04222223367037005,627.0,0.0,12015.287109375,19.163137335526315,627.0,0.0,169.1453399658203,0.26976928224213764,2,2,22,#000000,1,12,#b36600
488,480291605023,G48002901605023,48,029,160502,3,480291605023,Block Group 3,G5030,S,738145.0,0.0,+29.4054746,-098.5409098,3918.1946162,738144.376694,48,029,160502,3,0.9318007662835249,17289.0,820.0,0.0,35575.72750091553,43.385033537701865,818.0,0.0,25373.165170669556,31.018539328446888,820.0,0.0,16907.206033706665,20.618543943544715,820.0,0.0,3824.5600237846375,4.664097589981266,820.0,0.0,7.821088790893555,0.009537913159626286,820.0,0.0,12794.50406551361,15.603053738431234,820.0,0.0,280.3229447007179,0.34185724963502184,2,2,22,#000000,2,22,#000000
489,480291606001,G48002901606001,48,029,160600,1,480291606001,Block Group 1,G5030,S,429250.0,0.0,+29.4125395,-098.5597504,2687.55724663,429251.348579,48,029,160600,1,0.9397590361445783,28314.0,477.0,0.0,20704.941885701206,43.40658676247632,478.0,0.0,11302.707210540771,23.64583098439492,474.0,0.0,7086.1322021484375,14.94964599609375,474.0,0.0,1540.6398315429688,3.2502950032552085,474.0,0.0,42.11480522155762,0.08884980004548021,474.0,0.0,5401.9578857421875,11.396535623928665,474.0,0.0,101.41960716247559,0.21396541595458984,2,2,22,#000000,1,12,#b36600
490,480291606002,G48002901606002,48,029,160600,2,480291606002,Block Group 2,G5030,S,743947.0,0.0,+29.4069960,-098.5556949,3976.23516162,743949.559389,48,029,160600,2,1.0,20200.0,828.0,0.0,35918.110652923584,43.3793606919367,825.0,0.0,34322.58575153351,41.60313424428304,826.0,0.0,16057.2177734375,19.439730960578085,826.0,0.0,4195.00732421875,5.0787013610396485,826.0,0.0,46.4931526184082,0.056287109707515985,826.0,0.0,11475.0712890625,13.892338122351696,826.0,0.0,340.6456604003906,0.4124039472159693,2,2,22,#000000,2,22,#000000
491,480291606003,G48002901606003,48,029,160600,3,480291606003,Block Group 3,G5030,S,1027552.0,0.0,+29.4140535,-098.5497361,5293.22529181,1027553.0724,48,029,160600,3,0.9790174002047083,12157.0,1143.0,0.0,49582.38953225514,43.37916844466766,1140.0,0.0,48032.70787811279,42.13395427904631,1139.0,0.0,19196.595001220703,16.853902547164797,1139.0,0.0,4299.9236097335815,3.7751743720224598,1139.0,0.0,159.19692993164062,0.1397690341805449,1139.0,0.0,14440.358486175537,12.678102270566757,1139.0,0.0,297.11516958475113,0.26085616293656816,2,2,22,#000000,2,22,#000000
492,480291607011,G48002901607011,48,029,160701,1,480291607011,Block Group 1,G5030,S,1527636.0,0.0,+29.4069007,-098.5774691,6254.40235367,1527633.81412,48,029,160701,1,0.9230182926829268,13850.0,1693.0,0.0,72775.34991435097,42.98603066411752,1694.0,0.0,256402.97956180573,151.35949206718166,1699.0,0.0,29675.619873046875,17.466521408503162,1699.0,0.0,9001.112548828125,5.297888492541569,1699.0,0.0,235.34242630004883,0.13851820264864556,1699.0,0.0,19631.862548828125,11.554951470764053,1699.0,0.0,807.3036499023438,0.4751640081826626,2,1,21,#376387,2,21,#376387
493,480291607012,G48002901607012,48,029,160701,2,480291607012,Block Group 2,G5030,S,429610.0,0.0,+29.4096354,-098.5658455,2882.91490151,429609.036594,48,029,160701,2,0.9948921679909194,14792.0,476.0,0.0,20650.7348605639,43.38389676589055,478.0,0.0,11703.087097167969,24.48344580997483,477.0,0.0,8456.8798828125,17.72930793042453,477.0,0.0,1638.8622436523438,3.4357699028351023,477.0,0.0,9.064525604248047,0.019003198331756913,477.0,0.0,6708.68896484375,14.06433745250262,477.0,0.0,100.26424026489258,0.21019756868950226,2,2,22,#000000,2,22,#000000
494,480291607013,G48002901607013,48,029,160701,3,480291607013,Block Group 3,G5030,S,645037.0,0.0,+29.4027821,-098.5708377,3259.6188977,645036.849555,48,029,160701,3,0.9924874791318865,16668.0,714.0,0.0,30911.82074356079,43.29386658762016,712.0,0.0,93139.13695335388,130.81339459740713,718.0,0.0,15090.982421875,21.01808136751393,718.0,0.0,4264.187744140625,5.938980145042653,718.0,0.0,70.22493362426758,0.09780631423992699,718.0,0.0,10397.169921875,14.480738052750697,718.0,0.0,359.3990936279297,0.500555840707423,2,2,22,#000000,2,22,#000000
495,480291607021,G48002901607021,48,029,160702,1,480291607021,Block Group 1,G5030,S,745776.0,0.0,+29.4014536,-098.5618572,3868.57812146,745776.129158,48,029,160702,1,0.9738636363636364,19234.0,830.0,0.0,36020.38497543335,43.398054187269096,830.0,0.0,34141.437173843384,41.13426165523299,828.0,0.0,16455.0654296875,19.873267427158815,828.0,0.0,3185.6693115234375,3.847426704738451,828.0,0.0,61.75055742263794,0.07457796790173664,828.0,0.0,12997.69140625,15.697694935084542,828.0,0.0,209.9549560546875,0.25356878750566125,2,2,22,#000000,2,22,#000000
496,480291607022,G48002901607022,48,029,160702,2,480291607022,Block Group 2,G5030,S,754717.0,0.0,+29.4004177,-098.5532555,3493.83766572,754716.961488,48,029,160702,2,0.9042742653606411,19831.0,835.0,0.0,36266.05020523071,43.43239545536613,836.0,0.0,16516.209822654724,19.75623184528077,838.0,0.0,13945.64599609375,16.641582334240752,838.0,0.0,2880.9388427734375,3.437874514049448,838.0,0.0,5.9174580574035645,0.007061405796424301,838.0,0.0,10864.2392578125,12.964485987843078,838.0,0.0,194.55037689208984,0.2321603542865034,2,2,22,#000000,2,22,#000000
497,480291607023,G48002901607023,48,029,160702,3,480291607023,Block Group 3,G5030,S,1112015.0,0.0,+29.3907332,-098.5549886,4423.35432895,1112013.55215,48,029,160702,3,0.8329596412556054,15829.0,1237.0,0.0,53858.5417175293,43.539645689191026,1229.0,0.0,20738.180360019207,16.874027957704808,1230.0,0.0,20476.1962890625,16.647314056148375,1230.0,0.0,4344.92041015625,3.5324556180132114,1230.0,0.0,171.10404205322266,0.1391089772790428,1230.0,0.0,15672.417236328125,12.741802631161077,1230.0,0.0,287.75545501708984,0.23394752440413807,1,2,12,#b36600,2,22,#000000
498,480291607024,G48002901607024,48,029,160702,4,480291607024,Block Group 4,G5030,S,322907.0,0.0,+29.3935008,-098.5610670,2414.61545514,322905.745641,48,029,160702,4,0.8732809430255403,9722.0,357.0,0.0,15538.770725250244,43.52596841806791,361.0,0.0,2189.3011173009872,6.0645460313046735,359.0,0.0,4978.135498046875,13.8666726965094,359.0,0.0,1037.7052001953125,2.8905437331345754,359.0,0.0,6.905725955963135,0.01923600544836528,359.0,0.0,3864.191650390625,10.763765042870821,359.0,0.0,69.3331527709961,0.1931285592506855,1,2,12,#b36600,2,22,#000000
499,480291609011,G48002901609011,48,029,160901,1,480291609011,Block Group 1,G5030,S,720080.0,0.0,+29.3602210,-098.5543197,3934.83825974,720079.358289,48,029,160901,1,0.9546703296703297,13395.0,797.0,0.0,34587.221078714414,43.39676421419625,797.0,0.0,34302.092299461365,43.03901166808201,796.0,0.0,16855.23828125,21.17492246388191,796.0,0.0,4120.2724609375,5.176221684594849,796.0,0.0,0.7128491401672363,0.0008955391208131109,796.0,0.0,12439.1357421875,15.62705495249686,796.0,0.0,295.118408203125,0.37075176909940327,2,2,22,#000000,2,22,#000000
500,480291609012,G48002901609012,48,029,160901,2,480291609012,Block Group 2,G5030,S,298684.0,0.0,+29.3638483,-098.5558770,2771.78608682,298683.402209,48,029,160901,2,0.9920508744038156,16526.0,332.0,0.0,14418.067108154297,43.42791297636836,334.0,0.0,9147.026983261108,27.386308333117093,332.0,0.0,7214.9853515625,21.731883589043676,332.0,0.0,1307.68408203125,3.938807475997741,332.0,0.0,0.17821228504180908,0.0005367839910897864,332.0,0.0,5834.35107421875,17.57334660909262,332.0,0.0,72.77099609375,0.21918974727033133,2,2,22,#000000,2,22,#000000
501,480291609013,G48002901609013,48,029,160901,3,480291609013,Block Group 3,G5030,S,1464968.0,0.0,+29.3771730,-098.5378785,7125.35637659,1464967.18724,48,029,160901,3,1.0,19413.0,1613.0,0.0,70233.03402328491,43.541868582321705,1623.0,0.0,36690.92528319359,22.606854764752672,1643.0,0.0,31525.1650390625,19.187562409654596,1643.0,0.0,7313.241943359375,4.451151517565049,1643.0,0.0,286.16270446777344,0.17417084873266794,1643.0,0.0,23412.263671875,14.24970399992392,1643.0,0.0,513.4950866699219,0.31253504970780394,2,2,22,#000000,2,22,#000000
502,480291609021,G48002901609021,48,029,160902,1,480291609021,Block Group 1,G5030,S,724845.0,0.0,+29.3628781,-098.5652152,3490.5622816,724844.282623,48,029,160902,1,0.9393807239424334,21753.0,807.0,0.0,34786.179808017296,43.105551187134196,804.0,0.0,93597.36510276794,116.41463321239794,804.0,0.0,14543.3173828125,18.088703212453357,804.0,0.0,2957.2709350585938,3.6781976804211367,804.0,0.0,77.78728199005127,0.09675035073389461,804.0,0.0,11317.307861328125,14.076253558865828,804.0,0.0,190.95220184326172,0.23750273861102203,2,1,21,#376387,1,11,#b3b3b3
503,480291609022,G48002901609022,48,029,160902,2,480291609022,Block Group 2,G5030,S,1232400.0,428.0,+29.3746831,-098.5569478,6139.18765396,1232835.324,48,029,160902,2,0.9967177242888403,18269.0,1370.0,0.0,59712.35704421997,43.58566207607297,1373.0,0.0,158578.02422714233,115.49746848298786,1374.0,0.0,33980.81464385986,24.731306145458415,1374.0,0.0,6267.448282241821,4.561461631908167,1374.0,0.0,70.93945223093033,0.05162987789732921,1374.0,0.0,27293.6869430542,19.864400977477583,1374.0,0.0,348.7434594631195,0.2538162004826197,2,2,22,#000000,2,22,#000000
504,480291609023,G48002901609023,48,029,160902,3,480291609023,Block Group 3,G5030,S,628289.0,0.0,+29.3676793,-098.5517818,4304.45292155,628288.232021,48,029,160902,3,0.8968312453942521,15583.0,694.0,0.0,30190.682510375977,43.50242436653599,697.0,0.0,18817.540007591248,26.997905319356168,697.0,0.0,15766.60791015625,22.620671320166785,697.0,0.0,2757.4129028320312,3.9561160729297438,697.0,0.0,0.8019552826881409,0.0011505814672713643,697.0,0.0,12861.406005859375,18.45251937712966,697.0,0.0,146.9878387451172,0.21088642574622266,2,2,22,#000000,2,22,#000000
505,480291610001,G48002901610001,48,029,161000,1,480291610001,Block Group 1,G5030,S,1187058.0,0.0,+29.3560512,-098.5621907,5639.89712111,1187057.81178,48,029,161000,1,0.8259526261585994,17163.0,1314.0,0.0,56458.25220228774,42.966706394435114,1318.0,0.0,144838.96517944336,109.89299330762015,1317.0,0.0,27800.0751953125,21.108637202211465,1317.0,0.0,5407.08740234375,4.105609265257213,1317.0,0.0,15.78393816947937,0.01198476702314303,1317.0,0.0,22031.58251953125,16.728612391443622,1317.0,0.0,345.62245178222656,0.2624316262583345,1,1,11,#b3b3b3,2,21,#376387
506,480291610002,G48002901610002,48,029,161000,2,480291610002,Block Group 2,G5030,S,6203298.0,40596.0,+29.3425496,-098.5700238,11205.2953153,6243897.67091,48,029,161000,2,0.9442984760903836,12305.0,6923.0,0.0,286909.81051116803,41.4429886625983,6918.0,0.0,7799729.033025265,1127.4543268322152,6924.0,0.0,115708.185546875,16.71117642213677,6924.0,0.0,32920.61865234375,4.7545665298012345,6924.0,0.0,2952.435806274414,0.4264060956491066,6924.0,0.0,76625.3408203125,11.066629234591637,6924.0,0.0,3209.786231994629,0.4635739792019972,2,0,20,#509dc2,2,20,#509dc2
507,480291611001,G48002901611001,48,029,161100,1,480291611001,Block Group 1,G5030,S,1289481.0,0.0,+29.3239122,-098.5614107,5164.95574301,1289479.14033,48,029,161100,1,0.9101389299438368,23078.0,1444.0,0.0,60283.37488937378,41.74748953557741,1445.0,0.0,258203.01835250854,178.68720993253186,1428.0,0.0,30362.484375,21.262243960084035,1428.0,0.0,5802.8135986328125,4.063594957025779,1428.0,0.0,75.5129280090332,0.05288020168699804,1428.0,0.0,24133.296630859375,16.90006766866903,1428.0,0.0,350.8607940673828,0.24570083618164062,2,0,20,#509dc2,1,10,#b4d3e1
508,480291611002,G48002901611002,48,029,161100,2,480291611002,Block Group 2,G5030,S,552310.0,0.0,+29.3428313,-098.5581387,3821.17572185,552309.178294,48,029,161100,2,0.9571428571428572,19804.0,604.0,0.0,25965.060753769776,42.98851118173804,606.0,0.0,69210.94310379028,114.20947706896087,615.0,0.0,11448.393249511719,18.61527357644182,615.0,0.0,2438.1368865966797,3.964450222108422,615.0,0.0,56.34414577484131,0.09161649719486392,615.0,0.0,8797.63980102539,14.30510536752096,615.0,0.0,156.2722110748291,0.2541011562192343,2,1,21,#376387,2,21,#376387
509,480291611003,G48002901611003,48,029,161100,3,480291611003,Block Group 3,G5030,S,6307564.0,16207.0,+29.3210155,-098.5841626,14144.1034092,6323784.39933,48,029,161100,3,1.0,18489.0,7013.0,0.0,287305.4623641968,40.96755487868199,7015.0,0.0,35201522.898983,5018.036051173628,7002.0,0.0,124044.57579421997,17.715592087149382,7002.0,0.0,42682.10507774353,6.0957019534052455,7002.0,0.0,1837.4978637695312,0.2624247163338376,7002.0,0.0,74903.6307106018,10.697462255155928,7002.0,0.0,4621.345823407173,0.6600036880044521,2,0,20,#509dc2,2,20,#509dc2
510,480291611004,G48002901611004,48,029,161100,4,480291611004,Block Group 4,G5030,S,1034911.0,0.0,+29.3364876,-098.5562719,5920.79580279,1034910.07404,48,029,161100,4,0.8926365795724466,16441.0,1145.0,0.0,49225.84286880493,42.99200250550649,1151.0,0.0,102002.63928413391,88.62088556397386,1148.0,0.0,23925.690673828125,20.841193966749238,1148.0,0.0,4797.1722412109375,4.178721464469458,1148.0,0.0,59.93936729431152,0.052211992416647666,1148.0,0.0,18765.55078125,16.346298589939025,1148.0,0.0,303.02756690979004,0.26396129521758716,2,1,21,#376387,2,21,#376387
511,480291611005,G48002901611005,48,029,161100,5,480291611005,Block Group 5,G5030,S,656858.0,0.0,+29.3294835,-098.5552182,4398.37432823,656855.412619,48,029,161100,5,0.9973262032085561,20092.0,731.0,0.0,31290.90179824829,42.80561121511394,735.0,0.0,50835.12977218628,69.16344186692011,736.0,0.0,17072.1767578125,23.195892333984375,736.0,0.0,3171.97412109375,4.309747447138247,736.0,0.0,13.728302001953125,0.018652584241784138,736.0,0.0,13704.97705078125,18.620892732039742,736.0,0.0,181.4980239868164,0.24660057606904404,2,1,21,#376387,2,21,#376387
512,480291611006,G48002901611006,48,029,161100,6,480291611006,Block Group 6,G5030,S,278331.0,0.0,+29.3486232,-098.5545146,2543.1941348,278330.86175,48,029,161100,6,1.0,15159.0,321.0,0.0,13871.431179891379,43.21318124576754,310.0,0.0,16462.24440383911,53.104014205932614,299.0,0.0,5828.712890625,19.49402304556856,299.0,0.0,1178.5547485351562,3.9416546773751047,299.0,0.0,0.0,0.0,299.0,0.0,4572.20263671875,15.29164761444398,299.0,0.0,77.95595932006836,0.26072227197347275,2,2,22,#000000,2,22,#000000
513,480291612001,G48002901612001,48,029,161200,1,480291612001,Block Group 1,G5030,S,41018284.0,750688.0,+29.3073727,-098.6044728,40060.7277667,41768980.5461,48,029,161200,1,0.7294372294372294,23328.0,46263.0,0.0,1895962.6381372847,40.982267430501366,46277.0,0.0,519182547.1100216,11219.019104739322,46269.0,0.0,697896.5635986328,15.083458981145752,46269.0,0.0,203546.4321899414,4.3991967016780436,46269.0,0.0,19504.107830047607,0.4215372675019475,46269.0,0.0,455609.70471191406,9.846975398472283,46269.0,0.0,19236.33758544922,0.41575001805634915,1,0,10,#b4d3e1,1,10,#b4d3e1
514,480291612002,G48002901612002,48,029,161200,2,480291612002,Block Group 2,G5030,S,4626085.0,27553.0,+29.3019044,-098.5612527,12589.2763205,4653635.03863,48,029,161200,2,0.9830364715860899,12375.0,5141.0,0.0,209451.56774202705,40.74140590196986,5132.0,0.0,38937084.201042175,7587.116952658257,5155.0,0.0,88053.63134765625,17.081208796829536,5155.0,0.0,23334.58123779297,4.526591898698927,5155.0,0.0,1482.2942276000977,0.2875449520077784,5155.0,0.0,61216.61535644531,11.87519211570229,5155.0,0.0,2020.1411209106445,0.3918799458604548,2,0,20,#509dc2,2,20,#509dc2
515,480291613021,G48002901613021,48,029,161302,1,480291613021,Block Group 1,G5030,S,2839404.0,24064.0,+29.3260276,-098.6105350,11564.7266465,2863456.57613,48,029,161302,1,0.9716329551060681,14638.0,3173.0,0.0,133754.4366531372,42.153935283056164,3169.0,0.0,5505924.702281952,1737.4328501994169,3175.0,0.0,62135.43115234375,19.57021453617126,3175.0,0.0,16073.966400146484,5.062666582723302,3175.0,0.0,615.9447884559631,0.1939983585688073,3175.0,0.0,44026.96936035156,13.866762003260334,3175.0,0.0,1418.5499439239502,0.44678738391305517,2,0,20,#509dc2,2,20,#509dc2
516,480291613022,G48002901613022,48,029,161302,2,480291613022,Block Group 2,G5030,S,572179.0,0.0,+29.3374577,-098.6143568,4282.90751465,572179.985787,48,029,161302,2,0.9955012853470437,13226.0,637.0,0.0,27017.232753753662,42.41323823195238,632.0,0.0,87396.1837348938,138.28510084635096,631.0,0.0,12999.32421875,20.60114773177496,631.0,0.0,2346.2730102539062,3.7183407452518322,631.0,0.0,1.7821228504180908,0.0028242834396483216,631.0,0.0,10520.93212890625,16.673426511737322,631.0,0.0,130.33743286132812,0.20655694589750892,2,0,20,#509dc2,2,20,#509dc2
517,480291613031,G48002901613031,48,029,161303,1,480291613031,Block Group 1,G5030,S,718526.0,0.0,+29.3423715,-098.6085827,4765.80947222,718525.686008,48,029,161303,1,0.9879759519038076,13902.0,791.0,0.0,33540.36800765991,42.402487999570056,804.0,0.0,43762.566135406494,54.431052407222005,799.0,0.0,17801.144073486328,22.27927919084647,799.0,0.0,3356.5174255371094,4.200897904301764,799.0,0.0,6.187873363494873,0.007744522357315236,799.0,0.0,14228.331939697266,17.807674517768792,799.0,0.0,210.10761547088623,0.2629632233678176,2,0,20,#509dc2,2,20,#509dc2
518,480291613032,G48002901613032,48,029,161303,2,480291613032,Block Group 2,G5030,S,464664.0,0.0,+29.3435307,-098.6038449,3000.99518257,464664.69188,48,029,161303,2,0.9546778892845581,12538.0,517.0,0.0,21696.11838531494,41.96541273755308,514.0,0.0,36370.86954307556,70.76044658185907,515.0,0.0,12092.197372436523,23.479994897934997,515.0,0.0,2056.991840362549,3.9941589133253377,515.0,0.0,0.0,0.0,515.0,0.0,9933.551086425781,19.288448711506373,515.0,0.0,101.65406060218811,0.19738652544114196,2,0,20,#509dc2,2,20,#509dc2
519,480291613041,G48002901613041,48,029,161304,1,480291613041,Block Group 1,G5030,S,5556733.0,26916.0,+29.3453415,-098.5935539,13308.6330577,5583646.24554,48,029,161304,1,0.9706227967097533,15432.0,6195.0,0.0,249283.67537853343,40.23949562203929,6192.0,0.0,97124016.7133236,15685.403215976032,6193.0,0.0,122997.9267578125,19.86079876599588,6193.0,0.0,44096.817932128906,7.12042918329225,6193.0,0.0,1070.5971717834473,0.17287214141505688,6193.0,0.0,72827.13244628906,11.759588639801237,6193.0,0.0,5003.372657775879,0.8079077438682187,2,0,20,#509dc2,2,20,#509dc2
520,480291613042,G48002901613042,48,029,161304,2,480291613042,Block Group 2,G5030,S,967710.0,831.0,+29.3355667,-098.5988119,4320.80415361,968541.975758,48,029,161304,2,0.9936492427943332,17537.0,1076.0,0.0,44338.96934382455,41.2072205797626,1076.0,0.0,310028.2670440674,288.1303597063823,1072.0,0.0,23510.946380615234,21.931852966991823,1072.0,0.0,5018.925750732422,4.681833722698155,1072.0,0.0,87.92465114593506,0.08201926412867076,1072.0,0.0,18061.106887817383,16.8480474699789,1072.0,0.0,342.98980712890625,0.3199531782918902,2,0,20,#509dc2,2,20,#509dc2
521,480291614001,G48002901614001,48,029,161400,1,480291614001,Block Group 1,G5030,S,10999478.0,0.0,+29.3866431,-098.6178725,17126.3843962,10999474.8587,48,029,161400,1,0.3673041332510796,22070.0,12189.0,0.0,522676.74826431274,42.88101962952767,12195.0,0.0,12426589.30730988,1018.9905131045413,12209.0,0.0,221829.2373046875,18.169320771945902,12209.0,0.0,60746.5009765625,4.9755509031503395,12209.0,0.0,2017.8560810089111,0.16527611442451562,12209.0,0.0,154050.40087890625,12.617773845434208,12209.0,0.0,5014.4803466796875,0.41071998908016116,0,1,01,#f3e6b3,1,11,#b3b3b3
522,480291615011,G48002901615011,48,029,161501,1,480291615011,Block Group 1,G5030,S,666062.0,0.0,+29.3715449,-098.6085399,3957.60992142,666060.662177,48,029,161501,1,0.8140214216163584,16398.0,741.0,0.0,31718.12204360962,42.804483189756574,741.0,0.0,50574.75653553009,68.25203311137663,741.0,0.0,13475.346862792969,18.185353391083627,741.0,0.0,2857.188262939453,3.855854605856212,741.0,0.0,3.0741618871688843,0.004148666514397954,741.0,0.0,10422.825439453125,14.06589128131326,741.0,0.0,192.25947380065918,0.2594594788133052,1,1,11,#b3b3b3,2,21,#376387
523,480291615012,G48002901615012,48,029,161501,2,480291615012,Block Group 2,G5030,S,391643.0,0.0,+29.3662298,-098.6062368,3664.56928888,391643.140848,48,029,161501,2,1.0,14639.0,438.0,0.0,18587.897918701172,42.43812310205747,433.0,0.0,86545.39058685303,199.87388126294002,437.0,0.0,11460.1513671875,26.22460267090961,437.0,0.0,1902.4842529296875,4.353510876269308,437.0,0.0,10.793993949890137,0.02470021498830695,437.0,0.0,9459.50390625,21.646462028032037,437.0,0.0,87.37049865722656,0.1999324912064681,2,1,21,#376387,2,21,#376387
524,480291615013,G48002901615013,48,029,161501,3,480291615013,Block Group 3,G5030,S,1365540.0,0.0,+29.3621459,-098.6004326,5884.36326429,1365540.98073,48,029,161501,3,0.9105935386927122,20400.0,1512.0,0.0,62735.02742391958,41.49142025391507,1515.0,0.0,1359921.5895996094,897.6380129370359,1516.0,0.0,31253.39794921875,20.61569785568519,1516.0,0.0,7968.542861938477,5.25629476381166,1516.0,0.0,208.62210941314697,0.13761352863664048,1516.0,0.0,22419.888214111328,14.788844468411167,1516.0,0.0,656.3462085723877,0.43294604787096813,2,0,20,#509dc2,2,20,#509dc2
525,480291615014,G48002901615014,48,029,161501,4,480291615014,Block Group 4,G5030,S,947274.0,0.0,+29.3597779,-098.6109871,4930.18982648,947274.192168,48,029,161501,4,0.9278510473235067,12150.0,1048.0,0.0,44564.02119445801,42.52292098707825,1054.0,0.0,227313.28881835938,215.66725694341497,1047.0,0.0,24781.58935546875,23.669139785547994,1047.0,0.0,4979.3131103515625,4.755790936343422,1047.0,0.0,58.643754959106445,0.05601122727708352,1047.0,0.0,19413.94921875,18.542453886103154,1047.0,0.0,329.68225860595703,0.314882768487065,2,1,21,#376387,2,21,#376387
526,480291615015,G48002901615015,48,029,161501,5,480291615015,Block Group 5,G5030,S,719674.0,0.0,+29.3696993,-098.6152142,4332.78145202,719673.383524,48,029,161501,5,0.8109660574412533,13110.0,796.0,0.0,34257.39989852905,43.03693454589077,798.0,0.0,35041.2622385025,43.911356188599626,797.0,0.0,21462.09097290039,26.92859595094152,797.0,0.0,3445.9782333374023,4.323686616483566,797.0,0.0,0.490083783864975,0.0006149106447490276,797.0,0.0,17858.569458007812,22.407238968642172,797.0,0.0,157.0532581806183,0.19705553096689873,1,1,11,#b3b3b3,2,21,#376387
527,480291615031,G48002901615031,48,029,161503,1,480291615031,Block Group 1,G5030,S,943564.0,0.0,+29.3632729,-098.6290767,5087.20105991,943564.981219,48,029,161503,1,0.8399668325041459,25681.0,1047.0,0.0,44835.87152862549,42.823181975764555,1046.0,0.0,55044.54753112793,52.623850412168196,1045.0,0.0,23643.67333984375,22.625524727123207,1045.0,0.0,4098.7611083984375,3.922259433874103,1045.0,0.0,5.524580717086792,0.005286680112044777,1045.0,0.0,19327.4990234375,18.495214376495216,1045.0,0.0,211.88790130615234,0.202763541919763,1,1,11,#b3b3b3,1,11,#b3b3b3
528,480291615032,G48002901615032,48,029,161503,2,480291615032,Block Group 2,G5030,S,707706.0,0.0,+29.3550894,-098.6265610,3905.02766417,707706.988957,48,029,161503,2,0.9938271604938271,13306.0,790.0,0.0,33675.96744155884,42.627806888049165,788.0,0.0,60309.37429046631,76.53473894729227,782.0,0.0,16284.28271484375,20.82389093969789,782.0,0.0,3105.9222412109375,3.9717675718809944,782.0,0.0,15.123981475830078,0.01934012976448859,782.0,0.0,12975.452392578125,16.59265011838635,782.0,0.0,187.78429794311523,0.24013337332879187,2,1,21,#376387,2,21,#376387
529,480291615033,G48002901615033,48,029,161503,3,480291615033,Block Group 3,G5030,S,679983.0,0.0,+29.3462880,-098.6237935,4817.60480701,679984.165237,48,029,161503,3,0.9818445896877269,10917.0,749.0,0.0,31752.71471664868,42.39347759232133,755.0,0.0,111861.98023414612,148.16156322403458,761.0,0.0,16855.59326171875,22.1492684122454,761.0,0.0,3449.5299072265625,4.532890811073012,761.0,0.0,40.09252643585205,0.05268400320085683,761.0,0.0,13141.82177734375,17.269148196246714,761.0,0.0,224.14895248413086,0.29454527264668967,2,0,20,#509dc2,2,20,#509dc2
530,480291615041,G48002901615041,48,029,161504,1,480291615041,Block Group 1,G5030,S,827778.0,0.0,+29.3622876,-098.6204156,4252.77727029,827776.543358,48,029,161504,1,0.9636283961437335,14519.0,916.0,0.0,39332.651348114014,42.93957570754805,919.0,0.0,63009.11078834534,68.56268856185564,920.0,0.0,20742.63604736328,22.546343529742696,920.0,0.0,4004.959342956543,4.353216677126677,920.0,0.0,17.05358123779297,0.01853650134542714,920.0,0.0,16466.799865722656,17.898695506220278,920.0,0.0,253.82293510437012,0.27589449467866317,2,1,21,#376387,2,21,#376387
531,480291615042,G48002901615042,48,029,161504,2,480291615042,Block Group 2,G5030,S,1464342.0,23704.0,+29.3507162,-098.6133744,5435.90012695,1488042.59533,48,029,161504,2,0.8972556894243642,16350.0,1650.0,0.0,70459.05047607422,42.702454833984376,1643.0,0.0,158654.55040359497,96.56393816408702,1644.0,0.0,33880.146484375,20.60836160850061,1644.0,0.0,9131.333374023438,5.554339035294062,1644.0,0.0,66.53646087646484,0.04047229980320246,1644.0,0.0,23900.096923828125,14.537771851476961,1644.0,0.0,782.1789703369141,0.4757779624920402,2,1,21,#376387,2,21,#376387
532,480291616001,G48002901616001,48,029,161600,1,480291616001,Block Group 1,G5030,S,1106932.0,0.0,+29.3748888,-098.6343081,4818.25586217,1106930.85325,48,029,161600,1,0.7981037367540436,19183.0,1227.0,0.0,52883.6007232666,43.09991908986683,1227.0,0.0,33247.96550321579,27.09695640033887,1227.0,0.0,25006.638671875,20.380308616035045,1227.0,0.0,4769.78369140625,3.887354271724735,1227.0,0.0,78.22923946380615,0.06375651138044511,1227.0,0.0,19868.1865234375,16.19249105414629,1227.0,0.0,290.4388427734375,0.23670647332798492,1,1,11,#b3b3b3,2,21,#376387
533,480291616002,G48002901616002,48,029,161600,2,480291616002,Block Group 2,G5030,S,5233810.0,7099.0,+29.4043275,-098.6003853,22965.3927858,5240905.31402,48,029,161600,2,0.9512195121951219,15453.0,5838.0,0.0,244722.81950916327,41.91894818587929,5827.0,0.0,92753701.26042366,15917.916811467936,5809.0,0.0,110781.84765625,19.070726055474264,5809.0,0.0,31016.145385742188,5.339326112195247,5809.0,0.0,1518.6447143554688,0.2614296289129745,5809.0,0.0,75449.04638671875,12.988302011829704,5809.0,0.0,2798.0107955932617,0.4816682381809712,2,0,20,#509dc2,2,20,#509dc2
534,480291618011,G48002901618011,48,029,161801,1,480291618011,Block Group 1,G5030,S,1654115.0,7983.0,+29.3874192,-098.6498890,5792.83112927,1662097.49703,48,029,161801,1,0.8402489626556017,30906.0,1845.0,0.0,78192.01396942139,42.38049537638015,1845.0,0.0,108062.19988536835,58.570298040850055,1842.0,0.0,36688.7099609375,19.917866428304833,1842.0,0.0,10735.310546875,5.82807304390608,1842.0,0.0,136.2718849182129,0.0739803935495184,1842.0,0.0,24846.510986328125,13.488876756964236,1842.0,0.0,970.6181030273438,0.5269370809051812,1,0,10,#b4d3e1,1,10,#b4d3e1
535,480291618012,G48002901618012,48,029,161801,2,480291618012,Block Group 2,G5030,S,554858.0,0.0,+29.3761051,-098.6427802,3431.01381249,554857.50396,48,029,161801,2,0.9374201787994891,15563.0,614.0,0.0,26267.61089324951,42.781125233305396,615.0,0.0,5111.368012666702,8.311167500271061,618.0,0.0,14265.8818359375,23.08395119083738,618.0,0.0,2605.2809448242188,4.21566495926249,618.0,0.0,27.075162649154663,0.04381094279798489,618.0,0.0,11492.205078125,18.595801097289645,618.0,0.0,141.32150268554688,0.22867557068858718,2,1,21,#376387,2,21,#376387
536,480291618021,G48002901618021,48,029,161802,1,480291618021,Block Group 1,G5030,S,20183354.0,251405.0,+29.3349742,-098.6579585,27127.7086155,20434753.6381,48,029,161802,1,0.8710437710437711,20091.0,22649.0,0.0,890228.0261995508,39.30540095366466,22644.0,0.0,1127828669.0894165,49806.95411982938,22642.0,0.0,379053.52655029297,16.741168030663943,22642.0,0.0,136033.8447418213,6.008031302085562,22642.0,0.0,4223.901254415512,0.18655159678542144,22642.0,0.0,223696.0369720459,9.879694239556837,22642.0,0.0,15099.747572898865,0.6668910684965491,1,0,10,#b4d3e1,2,20,#509dc2
537,480291618022,G48002901618022,48,029,161802,2,480291618022,Block Group 2,G5030,S,1382446.0,588.0,+29.3660854,-098.6406808,5405.06220852,1383033.91329,48,029,161802,2,0.8013379872018616,18702.0,1532.0,0.0,64357.716356060366,42.00895323502635,1531.0,0.0,329285.17364245653,215.07849356136938,1535.0,0.0,33825.1298828125,22.035915233102607,1535.0,0.0,6592.643798828125,4.294881953633958,1535.0,0.0,48.6793532371521,0.03171293370498508,1535.0,0.0,26768.5126953125,17.438770485545604,1535.0,0.0,415.2955017089844,0.27055081544559245,1,0,10,#b4d3e1,2,20,#509dc2
538,480291619011,G48002901619011,48,029,161901,1,480291619011,Block Group 1,G5030,S,20171886.0,475879.0,+29.3080730,-098.6904808,21098.3999765,20647768.4002,48,029,161901,1,0.7807625649913345,23814.0,22899.0,0.0,892530.1418015803,38.97681740694267,22831.0,0.0,187380616.81144142,8207.289072377094,22835.0,0.0,385063.7109375,16.862873261988177,22835.0,0.0,119272.46533203125,5.223230362690224,22835.0,0.0,8693.144035339355,0.3806938487120366,22835.0,0.0,245475.599609375,10.749971517818043,22835.0,0.0,11622.493286132812,0.5089771528851681,1,0,10,#b4d3e1,1,10,#b4d3e1
539,480291619021,G48002901619021,48,029,161902,1,480291619021,Block Group 1,G5030,S,35539154.0,357210.0,+29.3531664,-098.7791424,24097.2997968,35896356.5045,48,029,161902,1,0.7878349022447502,25954.0,39779.0,0.0,1593212.454198333,40.0515964252076,39828.0,0.0,294872005.7818711,7403.635778393871,39858.0,0.0,602647.4663696289,15.119862169944025,39858.0,0.0,189593.59230804443,4.756726185660205,39858.0,0.0,14295.287318706512,0.3586554096719984,39858.0,0.0,379419.26237487793,9.519274985570725,39858.0,0.0,19339.364473342896,0.4852065952466982,1,0,10,#b4d3e1,1,10,#b4d3e1
540,480291619023,G48002901619023,48,029,161902,3,480291619023,Block Group 3,G5030,S,25692014.0,901060.0,+29.3524273,-098.7154189,21991.3390835,26593081.2412,48,029,161902,3,0.7310864108999642,26114.0,29492.0,0.0,1155360.9400079537,39.175401465073705,29485.0,0.0,506793992.8517151,17188.197146064613,29484.0,0.0,484323.16015625,16.426643608609755,29484.0,0.0,151157.15234375,5.126751877077398,29484.0,0.0,7874.844085693359,0.2670887289951621,29484.0,0.0,311222.755859375,10.555649025212828,29484.0,0.0,14068.412109375,0.47715412119708994,1,0,10,#b4d3e1,1,10,#b4d3e1
541,480291620011,G48002901620011,48,029,162001,1,480291620011,Block Group 1,G5030,S,46389993.0,503742.0,+29.2598094,-098.6300606,37941.3604482,46893738.9988,48,029,162001,1,0.8674147963424772,21446.0,51895.0,0.0,2047541.2996898945,39.45546391155014,51931.0,0.0,660880213.3720169,12726.121456779514,51924.0,0.0,784643.60546875,15.11138597698078,51924.0,0.0,224093.44799804688,4.315797088014153,51924.0,0.0,23070.46221923828,0.44431211422922506,51924.0,0.0,516818.501953125,9.953364570393749,51924.0,0.0,20661.231567382812,0.39791294136397065,1,0,10,#b4d3e1,1,10,#b4d3e1
542,480291620033,G48002901620033,48,029,162003,3,480291620033,Block Group 3,G5030,S,30548214.0,83402.0,+29.2168134,-098.6366035,35529.6013688,30631618.4417,48,029,162003,3,0.6662621359223301,35897.0,33831.0,0.0,1244144.5600802412,36.77528184446931,33868.0,0.0,717430138.8707275,21183.126812056442,33886.0,0.0,465309.7178955078,13.731621256433566,33886.0,0.0,149008.59591674805,4.39734981752783,33886.0,0.0,9973.549491882324,0.29432655054837764,33886.0,0.0,293033.4104614258,8.647624696376845,33886.0,0.0,13294.172477722168,0.39232050043446165,0,0,00,#f3f3f3,0,00,#f3f3f3
543,480291620041,G48002901620041,48,029,162004,1,480291620041,Block Group 1,G5030,S,19844792.0,326155.0,+29.2747369,-098.7019242,27353.4082179,20170940.9076,48,029,162004,1,0.9794637763833428,16722.0,22345.0,0.0,848849.8018340282,37.98835541884217,22323.0,0.0,190985173.43753815,8555.533460446093,22339.0,0.0,355100.47595214844,15.89598800090194,22339.0,0.0,125112.3219795227,5.600623214088487,22339.0,0.0,6396.4163501262665,0.28633405032124387,22339.0,0.0,210386.21096420288,9.417888489377452,22339.0,0.0,13205.515465378761,0.591141746066465,2,0,20,#509dc2,2,20,#509dc2
544,480291620042,G48002901620042,48,029,162004,2,480291620042,Block Group 2,G5030,S,34625318.0,271492.0,+29.2434032,-098.7086212,28595.4752318,34896804.5776,48,029,162004,2,0.9109907120743034,19865.0,38591.0,0.0,1437530.318602948,37.25040342574559,38597.0,0.0,374426364.50399876,9700.918840946155,38641.0,0.0,634215.3686523438,16.413016450204285,38641.0,0.0,225144.08474731445,5.8265594769109095,38641.0,0.0,11229.107439041138,0.290600849849671,38641.0,0.0,373969.4207763672,9.67804717208062,38641.0,0.0,23872.734409332275,0.6178084006452286,2,0,20,#509dc2,2,20,#509dc2
545,480291701011,G48002901701011,48,029,170101,1,480291701011,Block Group 1,G5030,S,310238.0,9745.0,+29.4364697,-098.5179767,3140.54581117,319982.050439,48,029,170101,1,1.0,14127.0,356.0,0.0,15491.560799695148,43.515620223862776,356.0,0.0,5920.107556343079,16.629515607705276,357.0,0.0,5447.7918701171875,15.259921204810048,357.0,0.0,1096.3738708496094,3.0710752684863007,357.0,0.0,3.475139856338501,0.009734285311872553,357.0,0.0,4277.501708984375,11.981797504157914,357.0,0.0,70.44129180908203,0.1973145428825827,2,2,22,#000000,2,22,#000000
546,480291701012,G48002901701012,48,029,170101,2,480291701012,Block Group 2,G5030,S,445955.0,13288.0,+29.4396522,-098.5198167,3761.67010425,459242.954978,48,029,170101,2,0.988950276243094,17837.0,512.0,0.0,22273.069408416748,43.50208868831396,509.0,0.0,11367.955713272095,22.33390120485677,506.0,0.0,8309.3359375,16.42161252470356,506.0,0.0,1770.02734375,3.49807775444664,506.0,0.0,16.884660720825195,0.03336889470518813,506.0,0.0,6403.80908203125,12.655749173974803,506.0,0.0,118.61506652832031,0.23441712752632474,2,2,22,#000000,2,22,#000000
547,480291701013,G48002901701013,48,029,170101,3,480291701013,Block Group 3,G5030,S,394647.0,22817.0,+29.4428408,-098.5188695,3260.00852638,417464.466611,48,029,170101,3,0.8976234003656307,14613.0,461.0,0.0,20037.41407394409,43.46510645107178,467.0,0.0,15137.325149536133,32.413972482946754,467.0,0.0,7467.384765625,15.99011727114561,467.0,0.0,1671.959228515625,3.5802124807615097,467.0,0.0,17.558198928833008,0.0375978563786574,467.0,0.0,5660.7333984375,12.121484793228051,467.0,0.0,117.13440704345703,0.25082314142067885,2,2,22,#000000,2,22,#000000
548,480291701021,G48002901701021,48,029,170102,1,480291701021,Block Group 1,G5030,S,310244.0,10148.0,+29.4351836,-098.5188083,3141.52291179,320391.461995,48,029,170102,1,0.9451530612244898,22249.0,357.0,0.0,15537.738455477436,43.52307690609926,355.0,0.0,4338.165209770203,12.22018368949353,357.0,0.0,5843.5283203125,16.368426667542018,357.0,0.0,1159.90625,3.2490371148459385,357.0,0.0,5.48002815246582,0.015350218914470085,357.0,0.0,4604.80078125,12.89860162815126,357.0,0.0,73.34159851074219,0.20543865129059435,2,2,22,#000000,1,12,#b36600
549,480291701022,G48002901701022,48,029,170102,2,480291701022,Block Group 2,G5030,S,294145.0,26459.0,+29.4325252,-098.5195280,3144.13987713,320606.822769,48,029,170102,2,0.9587155963302753,12033.0,356.0,0.0,15497.427033371514,43.53209840834695,356.0,0.0,3658.609290599823,10.276992389325345,355.0,0.0,5581.3740234375,15.722180347711268,355.0,0.0,1168.123291015625,3.290488143705986,355.0,0.0,19.506145477294922,0.0549468886684364,355.0,0.0,4318.5830078125,12.16502255721831,355.0,0.0,75.16172790527344,0.21172317719795333,2,2,22,#000000,2,22,#000000
550,480291701023,G48002901701023,48,029,170102,3,480291701023,Block Group 3,G5030,S,552752.0,29249.0,+29.4295950,-098.5203510,3551.41539772,582001.553816,48,029,170102,3,0.9363395225464191,15271.0,644.0,0.0,28042.636922261096,43.54446727059177,646.0,0.0,6367.9181752204895,9.857458475573512,647.0,0.0,10081.83984375,15.582441798686244,647.0,0.0,2029.5491943359375,3.1368611968097952,647.0,0.0,24.876813888549805,0.03844948050780495,647.0,0.0,7898.6826171875,12.208164786997681,647.0,0.0,128.73180389404297,0.19896723940346672,2,2,22,#000000,2,22,#000000
551,480291702001,G48002901702001,48,029,170200,1,480291702001,Block Group 1,G5030,S,217934.0,0.0,+29.4207968,-098.5245822,2044.22175231,217932.061663,48,029,170200,1,1.0,11218.0,242.0,0.0,10530.635501861572,43.51502273496517,241.0,0.0,1641.1949272155762,6.8099374573260425,244.0,0.0,4077.7267150878906,16.711994733966765,244.0,0.0,850.3349838256836,3.484979441908539,244.0,0.0,9.749021530151367,0.03995500627111216,244.0,0.0,3160.3250427246094,12.95215181444512,244.0,0.0,57.31800174713135,0.23490984322594816,2,2,22,#000000,2,22,#000000
552,480291702002,G48002901702002,48,029,170200,2,480291702002,Block Group 2,G5030,S,239045.0,0.0,+29.4176891,-098.5248171,2150.92870082,239043.683918,48,029,170200,2,1.0,12725.0,263.0,0.0,11444.015441894531,43.51336669921875,266.0,0.0,1951.0779151916504,7.334879380419738,266.0,0.0,4386.4775390625,16.490517064144736,266.0,0.0,865.1248779296875,3.252349165149201,266.0,0.0,8.420530319213867,0.031656129019601006,266.0,0.0,3459.845703125,13.006938733552632,266.0,0.0,53.086997985839844,0.19957518039789415,2,2,22,#000000,2,22,#000000
553,480291702003,G48002901702003,48,029,170200,3,480291702003,Block Group 3,G5030,S,230617.0,0.0,+29.4171278,-098.5180088,2027.2854251,230616.45186,48,029,170200,3,0.9740566037735849,12224.0,254.0,0.0,11062.81171910432,43.554376846867406,256.0,0.0,2680.7483086586,10.471673080697656,257.0,0.0,3214.94287109375,12.509505334995136,257.0,0.0,723.3846435546875,2.8147262395124026,257.0,0.0,11.587848663330078,0.0450889053047863,257.0,0.0,2428.9482421875,9.451160475437744,257.0,0.0,51.02285385131836,0.19853250525804808,2,2,22,#000000,2,22,#000000
554,480291702004,G48002901702004,48,029,170200,4,480291702004,Block Group 4,G5030,S,208472.0,0.0,+29.4231197,-098.5195068,2346.7955884,208471.571692,48,029,170200,4,0.9929577464788732,11338.0,234.0,0.0,10189.797147024536,43.546141653951004,229.0,0.0,1934.5690789222717,8.447899907957519,229.0,0.0,3848.010208129883,16.80353802676805,229.0,0.0,739.0093460083008,3.2271150480711825,229.0,0.0,0.6237429976463318,0.002723768548673938,229.0,0.0,3063.38623046875,13.37723244746179,229.0,0.0,44.991291522979736,0.19646852193440933,2,2,22,#000000,2,22,#000000
555,480291702005,G48002901702005,48,029,170200,5,480291702005,Block Group 5,G5030,S,417481.0,0.0,+29.4228097,-098.5161315,2794.19496814,417483.635838,48,029,170200,5,0.9863731656184487,9908.0,466.0,0.0,20308.508274668173,43.580489859802945,465.0,0.0,3226.0093994140625,6.937654622395834,462.0,0.0,6998.1531982421875,15.14751774511296,462.0,0.0,1514.0497283935547,3.2771639142717635,462.0,0.0,47.04637336730957,0.10183197698551855,462.0,0.0,5339.7259521484375,11.557848381273674,462.0,0.0,97.33164978027344,0.21067456662396847,2,2,22,#000000,2,22,#000000
556,480291702006,G48002901702006,48,029,170200,6,480291702006,Block Group 6,G5030,S,417241.0,0.0,+29.4250206,-098.5237705,2647.86471803,417239.815418,48,029,170200,6,0.9833518312985572,12785.0,463.0,0.0,20149.691819300282,43.51985274146929,465.0,0.0,3860.318932533264,8.301761145232826,463.0,0.0,9093.5205078125,19.64043306223002,463.0,0.0,1773.732421875,3.8309555548056156,463.0,0.0,6.460195541381836,0.013952906136893813,463.0,0.0,7211.8037109375,15.576249915631749,463.0,0.0,101.52377319335938,0.2192738081930008,2,2,22,#000000,2,22,#000000
557,480291703001,G48002901703001,48,029,170300,1,480291703001,Block Group 1,G5030,S,566821.0,59090.0,+29.4272182,-098.5345205,4649.43243748,625910.681558,48,029,170300,1,0.9243146603098927,11247.0,693.0,0.0,30098.666080474854,43.4324185865438,694.0,0.0,14203.313240289688,20.465869222319434,695.0,0.0,12324.732177734375,17.73342759386241,695.0,0.0,2993.4451293945312,4.307115294092851,695.0,0.0,27.0642032623291,0.038941299658027485,695.0,0.0,9075.15185546875,13.05777245391187,695.0,0.0,229.0701141357422,0.32959728652624776,2,2,22,#000000,2,22,#000000
558,480291703002,G48002901703002,48,029,170300,2,480291703002,Block Group 2,G5030,S,287082.0,37730.0,+29.4232324,-098.5336012,2509.7453919,324810.375007,48,029,170300,2,0.9885245901639345,14260.0,363.0,0.0,15768.267360687256,43.438753059744506,361.0,0.0,5799.545035839081,16.06522170592543,361.0,0.0,7865.6708984375,21.78856204553324,361.0,0.0,1409.4677734375,3.904342862707756,361.0,0.0,14.285335540771484,0.03957156659493486,361.0,0.0,6367.04443359375,17.63724219832064,361.0,0.0,74.87364959716797,0.2074062315711024,2,2,22,#000000,2,22,#000000
559,480291703003,G48002901703003,48,029,170300,3,480291703003,Block Group 3,G5030,S,253154.0,38472.0,+29.4145765,-098.5316563,3207.72497434,291625.921779,48,029,170300,3,0.9847806624888094,27657.0,325.0,0.0,14126.838733673096,43.467196103609524,322.0,0.0,2913.683829307556,9.048707544433404,322.0,0.0,5588.40771484375,17.355303462247672,322.0,0.0,1170.19189453125,3.634136318420031,322.0,0.0,16.683101654052734,0.051810874702027124,322.0,0.0,4322.6455078125,13.42436493109472,322.0,0.0,78.88736724853516,0.24499182375321477,2,2,22,#000000,1,12,#b36600
560,480291703004,G48002901703004,48,029,170300,4,480291703004,Block Group 4,G5030,S,162233.0,0.0,+29.4161218,-098.5365743,1835.8575535,162232.062876,48,029,170300,4,1.0,20981.0,179.0,0.0,7774.122531890869,43.43085213346854,180.0,0.0,2347.4181747436523,13.04121208190918,182.0,0.0,2856.380859375,15.694400326236265,182.0,0.0,587.9896240234375,3.2307122199089973,182.0,0.0,0.0,0.0,182.0,0.0,2228.93701171875,12.24690665779533,182.0,0.0,39.45448303222656,0.21678287380344266,2,2,22,#000000,1,12,#b36600
561,480291703005,G48002901703005,48,029,170300,5,480291703005,Block Group 5,G5030,S,309825.0,0.0,+29.4193204,-098.5361091,2272.02130562,309826.402143,48,029,170300,5,1.0,16167.0,341.0,0.0,14813.286350250244,43.44072243475145,343.0,0.0,4136.20191526413,12.05889771214032,345.0,0.0,5030.716552734375,14.581787109375,345.0,0.0,1019.7526550292969,2.9558047971863677,345.0,0.0,0.0,0.0,345.0,0.0,3943.6187744140625,11.430779056272645,345.0,0.0,67.34581756591797,0.1952052683070086,2,2,22,#000000,2,22,#000000
562,480291703006,G48002901703006,48,029,170300,6,480291703006,Block Group 6,G5030,S,281221.0,31520.0,+29.4201339,-098.5293811,2297.57074415,312740.125504,48,029,170300,6,0.9017013232514177,17430.0,348.0,0.0,15132.299392700195,43.483618944540794,351.0,0.0,1756.117449760437,5.003183617551103,347.0,0.0,5195.1956787109375,14.971745471789445,347.0,0.0,1153.0190734863281,3.3228215374245766,347.0,0.0,24.204469680786133,0.0697535149302194,347.0,0.0,3939.065673828125,11.351774276161743,347.0,0.0,78.90632247924805,0.22739574201512405,2,2,22,#000000,2,22,#000000
563,480291704011,G48002901704011,48,029,170401,1,480291704011,Block Group 1,G5030,S,395077.0,0.0,+29.4435502,-098.5375870,2497.13036364,395076.937857,48,029,170401,1,0.9414114513981359,17520.0,438.0,0.0,19016.131923675537,43.4158263097615,438.0,0.0,3392.522614955902,7.745485422273749,439.0,0.0,7954.951812744141,18.120619163426287,439.0,0.0,1558.9747200012207,3.5511952619617784,439.0,0.0,0.0,0.0,439.0,0.0,6298.834217071533,14.348141724536521,439.0,0.0,97.14316415786743,0.22128283407259097,2,2,22,#000000,2,22,#000000
564,480291704012,G48002901704012,48,029,170401,2,480291704012,Block Group 2,G5030,S,276311.0,0.0,+29.4430454,-098.5320653,2131.93238708,276312.750213,48,029,170401,2,0.9895953757225433,16878.0,308.0,0.0,13374.226928710938,43.42281470360694,307.0,0.0,3059.22652053833,9.964907233023876,309.0,0.0,4358.3896484375,14.104820868729773,309.0,0.0,1015.5917358398438,3.286704646730886,309.0,0.0,15.00223445892334,0.04855092057903993,309.0,0.0,3254.15478515625,10.53124525940534,309.0,0.0,73.641357421875,0.23832154505461164,2,2,22,#000000,2,22,#000000
565,480291704013,G48002901704013,48,029,170401,3,480291704013,Block Group 3,G5030,S,328366.0,0.0,+29.4420792,-098.5275755,2365.17115026,328367.134796,48,029,170401,3,0.8474810213940649,7084.0,364.0,0.0,15811.720054626465,43.43879135886392,363.0,0.0,4693.286560535431,12.929164078610002,363.0,0.0,6838.162109375,18.83791214703857,363.0,0.0,1270.30859375,3.4994727100550964,363.0,0.0,1.336592197418213,0.003682072169196179,363.0,0.0,5493.25634765625,15.132937596849173,363.0,0.0,73.26029968261719,0.20181900739013,1,2,12,#b36600,2,22,#000000
566,480291704014,G48002901704014,48,029,170401,4,480291704014,Block Group 4,G5030,S,347427.0,0.0,+29.4352487,-098.5283776,2451.36799764,347428.554294,48,029,170401,4,0.9796875,10873.0,387.0,0.0,16820.3162689209,43.46334953209534,386.0,0.0,4572.051304340363,11.844692498291094,385.0,0.0,7510.533935546875,19.507880352069805,385.0,0.0,1406.3961791992188,3.6529770888291395,385.0,0.0,14.273184776306152,0.03707320721118481,385.0,0.0,6010.20068359375,15.610910866477273,385.0,0.0,79.6637191772461,0.20691875110973013,2,2,22,#000000,2,22,#000000
567,480291704021,G48002901704021,48,029,170402,1,480291704021,Block Group 1,G5030,S,520273.0,0.0,+29.4383930,-098.5358992,3123.42540912,520272.108756,48,029,170402,1,0.9912060301507538,15268.0,579.0,0.0,25143.48934173584,43.42571561612407,577.0,0.0,4944.340365409851,8.569047427053468,578.0,0.0,10582.0322265625,18.308014232807093,578.0,0.0,1954.7724609375,3.3819592749783736,578.0,0.0,6.945037841796875,0.012015636404492862,578.0,0.0,8509.56005859375,14.72242224670199,578.0,0.0,110.7550106048584,0.1916176654063294,2,2,22,#000000,2,22,#000000
568,480291704022,G48002901704022,48,029,170402,2,480291704022,Block Group 2,G5030,S,350112.0,0.0,+29.4345699,-098.5355241,3040.88762254,350111.434458,48,029,170402,2,0.9601167315175098,12795.0,387.0,0.0,16804.693244934082,43.42297996106998,387.0,0.0,5271.727312088013,13.62203439816024,389.0,0.0,7268.76171875,18.685762773136247,389.0,0.0,1350.336669921875,3.4713024933724292,389.0,0.0,0.0,0.0,389.0,0.0,5839.89794921875,15.012591129097043,389.0,0.0,78.52776336669922,0.2018708569838026,2,2,22,#000000,2,22,#000000
569,480291704023,G48002901704023,48,029,170402,3,480291704023,Block Group 3,G5030,S,330803.0,0.0,+29.4302092,-098.5312600,2549.02993858,330804.825892,48,029,170402,3,0.9699453551912568,17039.0,369.0,0.0,16034.513195037842,43.45396529820553,369.0,0.0,5978.373984336853,16.201555513108,367.0,0.0,7051.474060058594,19.213825776726413,367.0,0.0,1324.8884143829346,3.6100501754303393,367.0,0.0,0.17821228504180908,0.00048559205733462963,367.0,0.0,5648.172012329102,15.390114475011176,367.0,0.0,78.23490643501282,0.21317413197551177,2,2,22,#000000,2,22,#000000
570,480291704024,G48002901704024,48,029,170402,4,480291704024,Block Group 4,G5030,S,351272.0,0.0,+29.4317695,-098.5390355,2376.21691604,351269.907638,48,029,170402,4,1.0,13549.0,390.0,0.0,16925.636207580566,43.39906719892453,391.0,0.0,10973.636866569519,28.065567433681636,390.0,0.0,8522.5126953125,21.852596654647435,390.0,0.0,1494.772705078125,3.8327505258413463,390.0,0.0,1.1138267517089844,0.0028559660300230367,390.0,0.0,6948.02734375,17.815454727564102,390.0,0.0,78.598388671875,0.20153432992788461,2,2,22,#000000,2,22,#000000
571,480291705001,G48002901705001,48,029,170500,1,480291705001,Block Group 1,G5030,S,735026.0,135990.0,+29.4499449,-098.5348369,4148.27001739,871016.257928,48,029,170500,1,0.9271089271089271,32690.0,967.0,0.0,41899.31834411621,43.32918132793817,973.0,0.0,31366.585114002228,32.23698367317804,969.0,0.0,18134.785232543945,18.71494864039623,969.0,0.0,4149.139808654785,4.281878027507518,969.0,0.0,69.31766510009766,0.07153525810123597,969.0,0.0,13601.959197998047,14.03710959545722,969.0,0.0,314.36920070648193,0.3244264197177316,2,2,22,#000000,1,12,#b36600
572,480291705002,G48002901705002,48,029,170500,2,480291705002,Block Group 2,G5030,S,362545.0,32725.0,+29.4518075,-098.5206873,2640.0934827,395268.411418,48,029,170500,2,0.4623655913978495,20394.0,441.0,0.0,19104.46103668213,43.32077332580982,438.0,0.0,28026.500968933105,63.98744513455047,438.0,0.0,9585.9599609375,21.885753335473744,438.0,0.0,1780.2713623046875,4.064546489280109,438.0,0.0,17.335193634033203,0.03957806765761005,438.0,0.0,7688.19140625,17.55294841609589,438.0,0.0,100.16197204589844,0.22868030147465396,0,2,02,#f3b300,2,22,#000000
573,480291705003,G48002901705003,48,029,170500,3,480291705003,Block Group 3,G5030,S,561568.0,5347.0,+29.4506660,-098.5270667,4210.7587646,566914.392665,48,029,170500,3,0.8752703677000722,11637.0,630.0,0.0,27294.053958892822,43.32389517284575,627.0,0.0,29601.668563842773,47.21159260580985,631.0,0.0,15786.999267578125,25.01901627191462,631.0,0.0,2769.204559326172,4.388596765968576,631.0,0.0,4.034078121185303,0.006393150746727897,631.0,0.0,12868.562744140625,20.393918770428883,631.0,0.0,145.19755935668945,0.23010706712629073,1,2,12,#b36600,2,22,#000000
574,480291705004,G48002901705004,48,029,170500,4,480291705004,Block Group 4,G5030,S,417130.0,42136.0,+29.4467581,-098.5190376,2837.1862207,459265.085443,48,029,170500,4,0.9315352697095436,20402.0,513.0,0.0,22263.91565322876,43.399445717794855,504.0,0.0,23412.061225891113,46.45250243232364,505.0,0.0,9736.09912109375,19.279404200185642,505.0,0.0,2001.255126953125,3.9628814395111385,505.0,0.0,32.38365173339844,0.06412604303643255,505.0,0.0,7576.558837890625,15.003086807704207,505.0,0.0,125.90228271484375,0.24931145092048268,2,2,22,#000000,2,22,#000000
575,480291706001,G48002901706001,48,029,170600,1,480291706001,Block Group 1,G5030,S,756117.0,0.0,+29.4527071,-098.5446013,4212.24871319,756116.240439,48,029,170600,1,0.9628844114528102,25795.0,839.0,0.0,36385.804637908936,43.36806273886643,840.0,0.0,12707.273097991943,15.127706069038029,838.0,0.0,20836.591796875,24.86466801536396,838.0,0.0,4402.051818847656,5.253045129889805,838.0,0.0,36.12706184387207,0.04311105231965641,838.0,0.0,16099.975830078125,19.212381658804446,838.0,0.0,298.4378128051758,0.3561310415336226,2,2,22,#000000,1,12,#b36600
576,480291706002,G48002901706002,48,029,170600,2,480291706002,Block Group 2,G5030,S,366454.0,0.0,+29.4495499,-098.5479859,2968.15873409,366453.477906,48,029,170600,2,0.9903614457831326,20532.0,409.0,0.0,17756.254875183105,43.41382610069219,408.0,0.0,2665.4172110557556,6.532885321215088,407.0,0.0,8589.408203125,21.104197059275183,407.0,0.0,1646.140869140625,4.044572160050675,407.0,0.0,5.836452484130859,0.014340178093687615,407.0,0.0,6841.2119140625,16.808874481726043,407.0,0.0,96.21793365478516,0.23640769939750653,2,2,22,#000000,2,22,#000000
577,480291706003,G48002901706003,48,029,170600,3,480291706003,Block Group 3,G5030,S,468935.0,0.0,+29.4511566,-098.5545915,3156.70942053,468935.606219,48,029,170600,3,0.8950715421303657,27347.0,520.0,0.0,22570.738006591797,43.40526539729192,520.0,0.0,6673.865416526794,12.834356570243836,521.0,0.0,11620.904815673828,22.304999646206962,521.0,0.0,2017.4919204711914,3.8723453367969123,521.0,0.0,0.98016756772995,0.0018813197077350288,521.0,0.0,9498.960426330566,18.23216972424293,521.0,0.0,103.47238564491272,0.19860342734148315,2,2,22,#000000,1,12,#b36600
578,480291706004,G48002901706004,48,029,170600,4,480291706004,Block Group 4,G5030,S,350867.0,0.0,+29.4539119,-098.5578819,3114.03875557,350866.879084,48,029,170600,4,0.9837662337662337,31153.0,390.0,0.0,16919.327140808105,43.38289010463617,390.0,0.0,7470.385507583618,19.15483463482979,390.0,0.0,10066.137451171875,25.810608849158655,390.0,0.0,1676.3146362304688,4.298242657001202,390.0,0.0,0.0,0.0,390.0,0.0,8310.2470703125,21.308325821314103,390.0,0.0,79.5760726928711,0.2040412120330028,2,2,22,#000000,1,12,#b36600
579,480291707001,G48002901707001,48,029,170700,1,480291707001,Block Group 1,G5030,S,600556.0,0.0,+29.4430838,-098.5442181,3218.64928787,600553.567165,48,029,170700,1,0.9718181818181818,18406.0,668.0,0.0,28998.708827972412,43.41124076043774,666.0,0.0,5485.96110200882,8.237178831845075,665.0,0.0,14507.233032226562,21.815388018385807,665.0,0.0,2536.638702392578,3.8144942893121474,665.0,0.0,11.749859809875488,0.017668962120113516,665.0,0.0,11825.005249023438,17.78196278048637,665.0,0.0,133.84022331237793,0.20126349370282395,2,2,22,#000000,2,22,#000000
580,480291707002,G48002901707002,48,029,170700,2,480291707002,Block Group 2,G5030,S,316516.0,0.0,+29.4442219,-098.5590104,2539.38757686,316515.793183,48,029,170700,2,1.0,16152.0,352.0,0.0,15274.166526794434,43.39251854202964,354.0,0.0,6277.60062789917,17.7333351070598,353.0,0.0,7371.783935546875,20.883240610614376,353.0,0.0,1343.3917236328125,3.8056422765802056,353.0,0.0,0.0,0.0,353.0,0.0,5952.8505859375,16.86359939359065,353.0,0.0,75.54167747497559,0.2139990863313756,2,2,22,#000000,2,22,#000000
581,480291707003,G48002901707003,48,029,170700,3,480291707003,Block Group 3,G5030,S,944228.0,0.0,+29.4430759,-098.5521591,4236.14230676,944225.616436,48,029,170700,3,0.99880810488677,11885.0,1048.0,0.0,45483.78162765503,43.40055498822045,1047.0,0.0,13236.405255317688,12.642220874228927,1051.0,0.0,21313.1083984375,20.278885250654138,1051.0,0.0,3797.7796630859375,3.613491591899084,1051.0,0.0,4.868435382843018,0.00463219351364702,1051.0,0.0,17302.218139648438,16.46262430033153,1051.0,0.0,208.24130249023438,0.1981363487062173,2,2,22,#000000,2,22,#000000
582,480291708001,G48002901708001,48,029,170800,1,480291708001,Block Group 1,G5030,S,332650.0,0.0,+29.4345320,-098.5440143,2778.7772735,332649.553534,48,029,170800,1,0.9681050656660413,12274.0,370.0,0.0,16046.550174713135,43.369054526251716,368.0,0.0,10513.53512954712,28.569388938986737,369.0,0.0,8902.535400390625,24.126112196180557,369.0,0.0,1540.162612915039,4.173882419823954,369.0,0.0,3.2969272136688232,0.008934762096663478,369.0,0.0,7280.677978515625,19.730834630123645,369.0,0.0,78.39744186401367,0.21245919204339747,2,2,22,#000000,2,22,#000000
583,480291708002,G48002901708002,48,029,170800,2,480291708002,Block Group 2,G5030,S,637204.0,56124.0,+29.4338768,-098.5493923,3586.63756426,693329.941052,48,029,170800,2,0.9867751780264497,12805.0,768.0,0.0,33285.27827835083,43.340206091602646,773.0,0.0,29401.126363754272,38.03509232051005,772.0,0.0,13228.02978515625,17.13475360771535,772.0,0.0,3407.7042846679688,4.414124721072499,772.0,0.0,120.1231689453125,0.15559995977372085,772.0,0.0,9418.319946289062,12.199896303483241,772.0,0.0,281.88239669799805,0.36513263820984204,2,2,22,#000000,2,22,#000000
584,480291709001,G48002901709001,48,029,170900,1,480291709001,Block Group 1,G5030,S,718939.0,0.0,+29.4209417,-098.5511424,3503.33557075,718938.368904,48,029,170900,1,0.9765807962529274,15849.0,801.0,0.0,34758.10047543528,43.39338386446352,801.0,0.0,16204.43685245514,20.230258242765466,797.0,0.0,13300.99365234375,16.688825159778858,797.0,0.0,2649.4493408203125,3.3242777174658875,797.0,0.0,27.84161949157715,0.034933023201476975,797.0,0.0,10455.59814453125,13.118692778583751,797.0,0.0,168.1051025390625,0.21092233693734316,2,2,22,#000000,2,22,#000000
585,480291709002,G48002901709002,48,029,170900,2,480291709002,Block Group 2,G5030,S,688355.0,13947.0,+29.4275904,-098.5482434,3662.07999878,702300.712106,48,029,170900,2,0.8808172531214529,29831.0,780.0,0.0,33826.67677676515,43.367534329186086,781.0,0.0,29619.60657119751,37.925232485528184,779.0,0.0,13718.281494140625,17.610117450758185,779.0,0.0,4031.6751098632812,5.175449434997794,779.0,0.0,22.09641718864441,0.028365105505320166,779.0,0.0,9292.74365234375,11.929067589658215,779.0,0.0,371.7666320800781,0.47723572795902197,1,2,12,#b36600,1,12,#b36600
586,480291709003,G48002901709003,48,029,170900,3,480291709003,Block Group 3,G5030,S,437116.0,0.0,+29.4220275,-098.5427242,2790.45959038,437116.960363,48,029,170900,3,1.0,16911.0,484.0,0.0,21009.375354766846,43.40780031976621,484.0,0.0,9122.430222511292,18.847996327502667,487.0,0.0,10338.126037597656,21.228184882130712,487.0,0.0,1966.1541137695312,4.037277441005197,487.0,0.0,0.490083783864975,0.0010063322050615502,487.0,0.0,8253.501403808594,16.947641486259947,487.0,0.0,117.97997379302979,0.24225867308630347,2,2,22,#000000,2,22,#000000
587,480291710001,G48002901710001,48,029,171000,1,480291710001,Block Group 1,G5030,S,403937.0,0.0,+29.4267107,-098.5568118,2763.53039637,403935.308726,48,029,171000,1,0.9961154273029966,19983.0,450.0,0.0,19504.772742285386,43.34393942730086,448.0,0.0,21702.847747802734,48.44385657991682,451.0,0.0,8168.688720703125,18.1123918419138,451.0,0.0,1697.8938293457031,3.764731328926171,451.0,0.0,7.42511510848999,0.01646366986361417,451.0,0.0,6349.0262451171875,14.077663514672256,451.0,0.0,114.3438491821289,0.253534033663257,2,2,22,#000000,2,22,#000000
588,480291710002,G48002901710002,48,029,171000,2,480291710002,Block Group 2,G5030,S,194823.0,0.0,+29.4250950,-098.5614317,1815.5413395,194823.823284,48,029,171000,2,1.0,21534.0,220.0,0.0,9534.724860060789,43.339658454821766,215.0,0.0,8918.0386428833,41.479249501782796,215.0,0.0,4087.886962890625,19.013427734375,215.0,0.0,833.7884521484375,3.878085823946221,215.0,0.0,0.3118714988231659,0.0014505651108054228,215.0,0.0,3198.47509765625,14.87662836119186,215.0,0.0,55.310848236083984,0.2572597592375999,2,2,22,#000000,1,12,#b36600
589,480291710003,G48002901710003,48,029,171000,3,480291710003,Block Group 3,G5030,S,345899.0,0.0,+29.4168873,-098.5608087,2614.99577003,345898.163916,48,029,171000,3,0.9601990049751243,12732.0,384.0,0.0,16666.97106327369,43.40357047727523,384.0,0.0,4897.7662525177,12.754599615931511,385.0,0.0,7128.39453125,18.51531047077922,385.0,0.0,1329.420654296875,3.4530406605113635,385.0,0.0,1.1583799123764038,0.0030087789931854646,385.0,0.0,5720.47509765625,14.85837687702922,385.0,0.0,77.34088134765625,0.20088540609780844,2,2,22,#000000,2,22,#000000
590,480291710004,G48002901710004,48,029,171000,4,480291710004,Block Group 4,G5030,S,384426.0,0.0,+29.4207618,-098.5597766,2637.32274854,384428.666459,48,029,171000,4,1.0,11815.0,424.0,0.0,18391.73155983364,43.37672537696613,424.0,0.0,10768.020719528198,25.396275281906128,425.0,0.0,8838.260131835938,20.795906192555147,425.0,0.0,1566.4771118164062,3.685828498391544,425.0,0.0,0.0,0.0,425.0,0.0,7187.6005859375,16.91200137867647,425.0,0.0,84.18227577209473,0.19807594299316406,2,2,22,#000000,2,22,#000000
591,480291710005,G48002901710005,48,029,171000,5,480291710005,Block Group 5,G5030,S,210263.0,0.0,+29.4292559,-098.5609926,1855.76108511,210265.196095,48,029,171000,5,1.0,15633.0,231.0,0.0,10012.332440791144,43.34343047961534,237.0,0.0,11122.64149093628,46.930976755005396,231.0,0.0,4651.6063232421875,20.13682391013934,231.0,0.0,904.18212890625,3.9142083502435066,231.0,0.0,0.8019552826881409,0.0034716678904248522,231.0,0.0,3690.423828125,15.975860727813853,231.0,0.0,56.198049545288086,0.2432815997631519,2,2,22,#000000,2,22,#000000
592,480291711001,G48002901711001,48,029,171100,1,480291711001,Block Group 1,G5030,S,962407.0,0.0,+29.4270375,-098.5679453,3975.90982505,962406.302817,48,029,171100,1,0.9888017917133258,18943.0,1070.0,0.0,46411.89639983531,43.375604111995614,1070.0,0.0,28181.083116531372,26.337460856571376,1069.0,0.0,23536.4013671875,22.017213626929372,1069.0,0.0,4286.140869140625,4.009486313508536,1069.0,0.0,31.407771110534668,0.029380515538386033,1069.0,0.0,18971.81005859375,17.747249820948316,1069.0,0.0,247.04237365722656,0.2310967012696226,2,2,22,#000000,2,22,#000000
593,480291711002,G48002901711002,48,029,171100,2,480291711002,Block Group 2,G5030,S,885058.0,0.0,+29.4174827,-098.5693454,3830.40113073,885055.985362,48,029,171100,2,0.9708853238265003,14437.0,984.0,0.0,42676.024554460804,43.369943652907324,984.0,0.0,23242.54123401642,23.62046873375652,982.0,0.0,20582.9150390625,20.9601986141166,982.0,0.0,3623.6129150390625,3.6900335183697175,982.0,0.0,0.0,0.0,982.0,0.0,16759.42431640625,17.066623540128564,982.0,0.0,199.87730407714844,0.20354104284842,2,2,22,#000000,2,22,#000000
594,480291712001,G48002901712001,48,029,171200,1,480291712001,Block Group 1,G5030,S,700603.0,0.0,+29.4354180,-098.5572753,3389.88318186,700604.589448,48,029,171200,1,0.9495798319327731,10984.0,776.0,0.0,33642.52613695272,43.353770795042166,776.0,0.0,28933.01031112671,37.28480710196741,778.0,0.0,16439.4326171875,21.13037611463689,778.0,0.0,2948.6591186523438,3.7900502810441434,778.0,0.0,11.11396610736847,0.014285303479908059,778.0,0.0,13316.36572265625,17.116151314468187,778.0,0.0,163.2938461303711,0.20988926237836902,2,2,22,#000000,2,22,#000000
595,480291712002,G48002901712002,48,029,171200,2,480291712002,Block Group 2,G5030,S,534002.0,0.0,+29.4363447,-098.5637028,3126.41619635,534002.513821,48,029,171200,2,0.9727361246348588,10858.0,596.0,0.0,25840.88856946773,43.35719558635525,595.0,0.0,17676.620977401733,29.708606684708794,593.0,0.0,13066.63525390625,22.03479806729553,593.0,0.0,2250.1268310546875,3.794480322183284,593.0,0.0,5.301815032958984,0.008940666160133195,593.0,0.0,10694.0654296875,18.033837149557336,593.0,0.0,117.14066314697266,0.19753906095610904,2,2,22,#000000,2,22,#000000
596,480291712003,G48002901712003,48,029,171200,3,480291712003,Block Group 3,G5030,S,1108226.0,0.0,+29.4370474,-098.5718643,4607.05034292,1108228.22754,48,029,171200,3,0.9714664897146649,12271.0,1231.0,0.0,53345.96163848764,43.33546843094041,1232.0,0.0,27723.20392894745,22.502600591678124,1229.0,0.0,28016.80859375,22.79642684601302,1229.0,0.0,5098.125244140625,4.148189783678295,1229.0,0.0,110.72390747070312,0.0900926830518333,1229.0,0.0,22527.107421875,18.329623614218878,1229.0,0.0,280.84935760498047,0.2285185985394471,2,2,22,#000000,2,22,#000000
597,480291713011,G48002901713011,48,029,171301,1,480291713011,Block Group 1,G5030,S,415322.0,0.0,+29.4449048,-098.5631476,2802.9168076,415323.19464,48,029,171301,1,0.9738805970149254,13717.0,458.0,0.0,19871.05110168457,43.386574457826576,463.0,0.0,10337.556718826294,22.327336325758733,462.0,0.0,10636.04150390625,23.021734856939936,462.0,0.0,1814.2098388671875,3.9268611230891506,462.0,0.0,0.0,0.0,462.0,0.0,8729.9931640625,18.89608909970238,462.0,0.0,91.83809089660645,0.1987837465294512,2,2,22,#000000,2,22,#000000
598,480291713012,G48002901713012,48,029,171301,2,480291713012,Block Group 2,G5030,S,711101.0,0.0,+29.4457113,-098.5698719,3499.44149226,711103.845661,48,029,171301,2,0.9393336648433616,15358.0,789.0,0.0,34210.21681976318,43.35895667904079,786.0,0.0,13566.724353313446,17.2604635538339,791.0,0.0,18076.8291015625,22.853134135982934,791.0,0.0,3136.405517578125,3.9651144343591973,791.0,0.0,12.474860191345215,0.015770998977680424,791.0,0.0,14767.87841796875,18.66988421993521,791.0,0.0,160.06896209716797,0.2023627839407939,2,2,22,#000000,2,22,#000000
599,480291713021,G48002901713021,48,029,171302,1,480291713021,Block Group 1,G5030,S,765846.0,0.0,+29.4533408,-098.5644718,3514.13234456,765846.554945,48,029,171302,1,0.8104026845637584,9341.0,852.0,0.0,36950.28931427002,43.368884171678424,851.0,0.0,18466.217330932617,21.699432821307422,851.0,0.0,22196.388671875,26.082712892920092,851.0,0.0,7028.30615234375,8.258879144939776,851.0,0.0,0.9882681369781494,0.0011613021586112215,851.0,0.0,14493.76953125,17.031456558460633,851.0,0.0,673.3241806030273,0.7912152533525586,1,2,12,#b36600,2,22,#000000
600,480291713022,G48002901713022,48,029,171302,2,480291713022,Block Group 2,G5030,S,383443.0,0.0,+29.4558915,-098.5722531,2527.004615,383441.835938,48,029,171302,2,0.8866832092638545,17591.0,436.0,0.0,18865.073707580566,43.268517677937076,432.0,0.0,15226.073223114014,35.245539868319476,432.0,0.0,8541.642822265625,19.772321347837096,432.0,0.0,1601.1141967773438,3.706282862910518,432.0,0.0,13.961312770843506,0.03231785363621182,432.0,0.0,6835.5810546875,15.823104293258101,432.0,0.0,90.98641586303711,0.21061670338665997,2,2,22,#000000,2,22,#000000
601,480291713023,G48002901713023,48,029,171302,3,480291713023,Block Group 3,G5030,S,255094.0,0.0,+29.4553888,-098.5788128,2020.16515636,255092.179371,48,029,171302,3,0.94679186228482,22470.0,262.0,0.0,11322.665992736816,43.216282415026015,274.0,0.0,11683.998592376709,42.642330629112074,289.0,0.0,6192.280517578125,21.426576185391436,289.0,0.0,1083.2169189453125,3.748155428876514,289.0,0.0,0.0,0.0,289.0,0.0,5052.391357421875,17.48232303606185,289.0,0.0,56.672142028808594,0.19609737726231347,2,2,22,#000000,1,12,#b36600
602,480291713024,G48002901713024,48,029,171302,4,480291713024,Block Group 4,G5030,S,469488.0,0.0,+29.4516879,-098.5745707,3293.77225487,469485.613606,48,029,171302,4,0.9722463139635733,14197.0,523.0,0.0,22650.571716308594,43.308932535962896,517.0,0.0,9374.300868988037,18.132109998042626,520.0,0.0,11541.8916015625,22.195945387620192,520.0,0.0,2082.83251953125,4.005447152944711,520.0,0.0,1.737569808959961,0.0033414804018460785,520.0,0.0,9342.26953125,17.965902944711537,520.0,0.0,115.05262756347656,0.2212550530066857,2,2,22,#000000,2,22,#000000
603,480291714011,G48002901714011,48,029,171401,1,480291714011,Block Group 1,G5030,S,868383.0,5084.0,+29.4441524,-098.5944455,4689.78656157,873467.986251,48,029,171401,1,0.9507076622742802,17193.0,954.0,0.0,40872.27576828003,42.84305636088053,958.0,0.0,67603.34296035767,70.56716384170946,959.0,0.0,19904.7841796875,20.75577078173879,959.0,0.0,3799.2650146484375,3.9616944886845022,959.0,0.0,93.52381134033203,0.097522222461243,959.0,0.0,15773.16748046875,16.447515620926747,959.0,0.0,238.82843017578125,0.24903903042312955,2,1,21,#376387,2,21,#376387
604,480291714012,G48002901714012,48,029,171401,2,480291714012,Block Group 2,G5030,S,1076404.0,8762.0,+29.4393754,-098.5967176,6673.81005198,1085168.0864,48,029,171401,2,0.9494411921234699,18327.0,1206.0,0.0,51700.700231170595,42.86956901423764,1198.0,0.0,376683.7605571747,314.4271790961391,1209.0,0.0,23054.66815185547,19.069204426679462,1209.0,0.0,4764.718048095703,3.9410405691445023,1209.0,0.0,76.5007209777832,0.06327603058542862,1209.0,0.0,17915.032470703125,14.818058288422767,1209.0,0.0,298.4159526824951,0.24682874498138554,2,1,21,#376387,2,21,#376387
605,480291714021,G48002901714021,48,029,171402,1,480291714021,Block Group 1,G5030,S,876488.0,0.0,+29.4439223,-098.5780679,4063.70569628,876484.67964,48,029,171402,1,0.9418886198547215,18358.0,977.0,0.0,42285.18815231323,43.28064293993166,975.0,0.0,13131.281922340393,13.467981458810659,972.0,0.0,19756.81365966797,20.32593997908227,972.0,0.0,3539.911911010742,3.641884682109817,972.0,0.0,1.3811452388763428,0.001420931315716402,972.0,0.0,16021.7861328125,16.483319066679528,972.0,0.0,193.7335238456726,0.1993143249441076,2,2,22,#000000,2,22,#000000
606,480291714022,G48002901714022,48,029,171402,2,480291714022,Block Group 2,G5030,S,629091.0,9546.0,+29.4450111,-098.5856008,5235.888209,638636.169608,48,029,171402,2,0.9631372549019608,24500.0,697.0,0.0,30017.59139251709,43.06684561336742,699.0,0.0,36605.86933326721,52.36891177863693,709.0,0.0,13570.232286453247,19.13996091178173,709.0,0.0,2691.551126718521,3.796263930491567,709.0,0.0,90.29692742228508,0.12735814869151632,709.0,0.0,10617.908958435059,14.975894158582593,709.0,0.0,170.47515799105167,0.24044451056565821,2,1,21,#376387,1,11,#b3b3b3
607,480291714023,G48002901714023,48,029,171402,3,480291714023,Block Group 3,G5030,S,611599.0,0.0,+29.4377409,-098.5834181,3571.37762609,611598.005284,48,029,171402,3,0.9944289693593314,13127.0,677.0,0.0,29210.94553022935,43.14763002988087,678.0,0.0,31927.65379333496,47.090934798429146,680.0,0.0,13581.28564453125,19.972478889016543,680.0,0.0,2537.6668701171875,3.7318630442899816,680.0,0.0,20.11249554157257,0.029577199325842015,680.0,0.0,10876.234375,15.99446231617647,680.0,0.0,147.27281951904297,0.21657767576329848,2,2,22,#000000,2,22,#000000
608,480291715011,G48002901715011,48,029,171501,1,480291715011,Block Group 1,G5030,S,938208.0,0.0,+29.4157222,-098.5785472,3963.38444981,938208.945993,48,029,171501,1,0.9367622259696459,16498.0,1041.0,0.0,45028.97846407816,43.255502847337326,1040.0,0.0,38553.93908405304,37.07109527312792,1040.0,0.0,24531.117477416992,23.587612959054802,1040.0,0.0,4202.865970611572,4.041217279434204,1040.0,0.0,5.637988567352295,0.00542114285322336,1040.0,0.0,20096.710891723633,19.323760472811184,1040.0,0.0,225.904456615448,0.2172158236687,2,2,22,#000000,2,22,#000000
609,480291715012,G48002901715012,48,029,171501,2,480291715012,Block Group 2,G5030,S,636028.0,0.0,+29.4155624,-098.5853354,3631.6757497,636027.853158,48,029,171501,2,1.0,19744.0,709.0,0.0,30549.40142690194,43.08801329605351,693.0,0.0,17867.80796098709,25.783272670977045,695.0,0.0,16138.50390625,23.220868929856117,695.0,0.0,2732.593536376953,3.9317892609740333,695.0,0.0,4.742876887321472,0.0068242832911100315,695.0,0.0,13263.876708984375,19.08471468918615,695.0,0.0,137.2917604446411,0.19754210135919584,2,1,21,#376387,2,21,#376387
610,480291715021,G48002901715021,48,029,171502,1,480291715021,Block Group 1,G5030,S,388530.0,0.0,+29.4307123,-098.5760221,2708.93156059,388530.524841,48,029,171502,1,0.9742765273311897,16837.0,430.0,0.0,18645.42152625931,43.36144540990537,429.0,0.0,8188.230673789978,19.086784787389227,432.0,0.0,8152.7896728515625,18.872198316786026,432.0,0.0,2115.713508605957,4.8974849736249,432.0,0.0,1.5593574047088623,0.003609623622011255,432.0,0.0,5854.517120361328,13.55212296379937,432.0,0.0,180.99942445755005,0.41898014920729176,2,2,22,#000000,2,22,#000000
611,480291715022,G48002901715022,48,029,171502,2,480291715022,Block Group 2,G5030,S,391539.0,0.0,+29.4244029,-098.5846948,2524.4737499,391536.121945,48,029,171502,2,1.0,12908.0,437.0,0.0,18927.270849544228,43.3118326076527,437.0,0.0,12247.814707756042,28.027035944521835,437.0,0.0,9359.86328125,21.41845144450801,437.0,0.0,1629.894775390625,3.729736328125,437.0,0.0,2.8513965606689453,0.006524934921439234,437.0,0.0,7641.8935546875,17.48717060569222,437.0,0.0,85.22238159179688,0.19501689151440932,2,2,22,#000000,2,22,#000000
612,480291715023,G48002901715023,48,029,171502,3,480291715023,Block Group 3,G5030,S,741865.0,0.0,+29.4244703,-098.5771843,3410.17594943,741865.124384,48,029,171502,3,0.987513572204126,18085.0,826.0,0.0,35822.97345666781,43.36921725988839,824.0,0.0,20498.074946403503,24.876304546606193,824.0,0.0,16937.44140625,20.55514733768204,824.0,0.0,3040.31103515625,3.6896978581993327,824.0,0.0,6.756341934204102,0.00819944409490789,824.0,0.0,13720.361328125,16.650923941899272,824.0,0.0,170.0150146484375,0.2063289012723756,2,2,22,#000000,2,22,#000000
613,480291715024,G48002901715024,48,029,171502,4,480291715024,Block Group 4,G5030,S,491384.0,0.0,+29.4304688,-098.5838515,2970.02407244,491384.456315,48,029,171502,4,1.0,11301.0,540.0,0.0,23382.2200825554,43.30040756028777,556.0,0.0,10747.584147453308,19.330187315563503,556.0,0.0,11897.935546875,21.39916465265288,556.0,0.0,2089.8377990722656,3.758701077468104,556.0,0.0,0.0,0.0,556.0,0.0,9696.0869140625,17.439005241119606,556.0,0.0,112.01007270812988,0.20145696530239188,2,2,22,#000000,2,22,#000000
614,480291716011,G48002901716011,48,029,171601,1,480291716011,Block Group 1,G5030,S,475901.0,0.0,+29.4251122,-098.6214412,3213.40485751,475901.126329,48,029,171601,1,0.9539514623522091,15302.0,523.0,0.0,22156.940746307373,42.365087469038954,525.0,0.0,129542.8779373169,246.74833892822267,524.0,0.0,9217.522399902344,17.590691602867068,524.0,0.0,1838.9097137451172,3.509369682719689,524.0,0.0,0.0,0.0,524.0,0.0,7259.994445800781,13.85495123244424,524.0,0.0,118.61758232116699,0.22636943191062403,2,0,20,#509dc2,2,20,#509dc2
615,480291716012,G48002901716012,48,029,171601,2,480291716012,Block Group 2,G5030,S,1426282.0,55281.0,+29.4252378,-098.6165168,9525.46280714,1481562.86228,48,029,171601,2,1.0,19639.0,1653.0,0.0,69346.47183227539,41.951888585768536,1646.0,0.0,1195972.7520217896,726.5934094907592,1642.0,0.0,31879.4892578125,19.415036088801767,1642.0,0.0,7258.418212890625,4.420473942077116,1642.0,0.0,301.9410676956177,0.18388615572205705,1642.0,0.0,23778.2841796875,14.481293653890074,1642.0,0.0,540.847900390625,0.3293836177774817,2,0,20,#509dc2,2,20,#509dc2
616,480291716013,G48002901716013,48,029,171601,3,480291716013,Block Group 3,G5030,S,1160457.0,0.0,+29.4080966,-098.6164663,5083.3281381,1160457.96884,48,029,171601,3,1.0,13521.0,1287.0,0.0,54426.46410369873,42.28940489797881,1274.0,0.0,479284.1301307678,376.20418377611287,1282.0,0.0,26280.17578125,20.499357083658346,1282.0,0.0,5231.433288574219,4.080681192335584,1282.0,0.0,117.83000946044922,0.09191108382250329,1282.0,0.0,20584.366943359375,16.056448473759264,1282.0,0.0,346.54465103149414,0.27031564043018264,2,0,20,#509dc2,2,20,#509dc2
617,480291716021,G48002901716021,48,029,171602,1,480291716021,Block Group 1,G5030,S,3360261.0,0.0,+29.4214452,-098.5937445,8131.41424405,3360262.00943,48,029,171602,1,0.9744838784504756,10924.0,3713.0,0.0,159147.95643400212,42.86236370428282,3749.0,0.0,781097.4204156399,208.34820496549477,3746.0,0.0,66318.0009765625,17.70368419021957,3746.0,0.0,17080.928344726562,4.5597779884480945,3746.0,0.0,713.4395294189453,0.1904536917829539,3746.0,0.0,47295.0966796875,12.625492973755339,3746.0,0.0,1228.5392608642578,0.32796029387727116,2,1,21,#376387,2,21,#376387
618,480291716022,G48002901716022,48,029,171602,2,480291716022,Block Group 2,G5030,S,4767487.0,31507.0,+29.4229398,-098.6080692,12169.651716,4798993.61169,48,029,171602,2,1.0,17659.0,5375.0,0.0,226454.61292262416,42.131090776302166,5334.0,0.0,8553249.127819061,1603.5337697448558,5304.0,0.0,84986.30224609375,16.02305849285327,5304.0,0.0,20941.48095703125,3.9482430160315327,5304.0,0.0,2058.0079803466797,0.38801055436400445,5304.0,0.0,60277.009033203125,11.364443633710996,5304.0,0.0,1709.8044128417969,0.32236131463834783,2,0,20,#509dc2,2,20,#509dc2
619,480291717001,G48002901717001,48,029,171700,1,480291717001,Block Group 1,G5030,S,610737.0,0.0,+29.4265944,-098.6269836,3611.28589939,610737.881409,48,029,171700,1,0.9120253164556962,17745.0,679.0,0.0,28967.771419525146,42.662402679713026,673.0,0.0,51941.72849082947,77.17938854506608,670.0,0.0,12782.5712890625,19.078464610541044,670.0,0.0,2370.8931274414062,3.5386464588677704,670.0,0.0,16.53347873687744,0.024676833935637972,670.0,0.0,10261.233642578125,15.315274093400186,670.0,0.0,133.9105682373047,0.19986651975717118,2,1,21,#376387,2,21,#376387
620,480291717002,G48002901717002,48,029,171700,2,480291717002,Block Group 2,G5030,S,383683.0,1566.0,+29.4189308,-098.6268300,3084.64723853,385249.158962,48,029,171700,2,0.9622448979591837,12112.0,412.0,0.0,17679.948716010054,42.91249688351955,410.0,0.0,12422.562699317932,30.298933412970566,439.0,0.0,9057.0263671875,20.63103956079157,439.0,0.0,1599.0891723632812,3.642572146613397,439.0,0.0,0.0,0.0,439.0,0.0,7372.1025390625,16.7929442803246,439.0,0.0,85.83414840698242,0.19552197814802375,2,1,21,#376387,2,21,#376387
621,480291717003,G48002901717003,48,029,171700,3,480291717003,Block Group 3,G5030,S,682063.0,0.0,+29.4207473,-098.6373507,4785.59847589,682060.203815,48,029,171700,3,0.9748908296943232,23290.0,747.0,0.0,32289.03088238452,43.22494094027379,745.0,0.0,19734.707491397858,26.489540256909876,765.0,0.0,17455.4365234375,22.817564082924836,765.0,0.0,5498.30810546875,7.187330856821895,765.0,0.0,0.0,0.0,765.0,0.0,11484.247314453125,15.012087992749183,765.0,0.0,472.8820037841797,0.6181464101753983,2,2,22,#000000,1,12,#b36600
622,480291717004,G48002901717004,48,029,171700,4,480291717004,Block Group 4,G5030,S,524200.0,11602.0,+29.4248060,-098.6395888,3176.96814946,535803.742619,48,029,171700,4,0.9148340663734507,15738.0,597.0,0.0,25763.238316443938,43.15450304261966,595.0,0.0,55414.47602772713,93.1335731558439,603.0,0.0,14967.417953491211,24.821588645922407,603.0,0.0,2595.131675720215,4.303700954759892,603.0,0.0,0.0,0.0,603.0,0.0,12238.611038208008,20.296204043462698,603.0,0.0,133.6751024723053,0.22168342035208174,2,2,22,#000000,2,22,#000000
623,480291717005,G48002901717005,48,029,171700,5,480291717005,Block Group 5,G5030,S,694199.0,0.0,+29.4243513,-098.6462584,4085.72682783,694198.478012,48,029,171700,5,0.9723889555822329,18400.0,765.0,0.0,33197.61051521033,43.39556930092853,763.0,0.0,24965.486102223396,32.7201652715903,772.0,0.0,18148.250122070312,23.508096013044447,772.0,0.0,3601.7277221679688,4.665450417316022,772.0,0.0,60.63315010070801,0.07854034987138343,772.0,0.0,14255.664184570312,18.46588624944341,772.0,0.0,230.22627067565918,0.2982205578700248,2,2,22,#000000,2,22,#000000
624,480291717006,G48002901717006,48,029,171700,6,480291717006,Block Group 6,G5030,S,7741095.0,18451.0,+29.4433706,-098.6270602,16445.4585014,7759545.39406,48,029,171700,6,0.995697074010327,22394.0,8616.0,0.0,363190.9975483875,42.1530869949382,8622.0,0.0,72566391.70768452,8416.422141925832,8632.0,0.0,147902.37353515625,17.13419526588928,8632.0,0.0,45966.18359375,5.32509077777456,8632.0,0.0,1871.4693641662598,0.21680599677551665,8632.0,0.0,95990.9716796875,11.120362798851657,8632.0,0.0,4073.750244140625,0.4719358484870974,2,0,20,#509dc2,1,10,#b4d3e1
625,480291718011,G48002901718011,48,029,171801,1,480291718011,Block Group 1,G5030,S,562958.0,0.0,+29.4140225,-098.6461938,3278.61097253,562957.763074,48,029,171801,1,0.7682648401826484,21919.0,627.0,0.0,27251.760598419445,43.46373301183325,627.0,0.0,4915.253096103668,7.8393191325417355,611.0,0.0,11633.146850585938,19.039520213724938,611.0,0.0,2183.779251098633,3.574106793942116,611.0,0.0,0.0,0.0,611.0,0.0,9321.347045898438,15.255887145496624,611.0,0.0,128.02058029174805,0.20952631798976767,1,2,12,#b36600,1,12,#b36600
626,480291718012,G48002901718012,48,029,171801,2,480291718012,Block Group 2,G5030,S,682690.0,0.0,+29.4144097,-098.6370988,4024.76794009,682689.338219,48,029,171801,2,0.8669064748201438,25611.0,762.0,0.0,33027.39428541707,43.34303711996991,758.0,0.0,3562.347442984581,4.699666811325304,760.0,0.0,17793.44140625,23.412422902960525,760.0,0.0,2984.29052734375,3.926698062294408,760.0,0.0,0.0,0.0,760.0,0.0,14664.0400390625,19.294789525082237,760.0,0.0,145.11117553710938,0.19093575728567022,1,2,12,#b36600,1,12,#b36600
627,480291718013,G48002901718013,48,029,171801,3,480291718013,Block Group 3,G5030,S,439045.0,0.0,+29.4156579,-098.6288416,2821.37873024,439046.230253,48,029,171801,3,0.8326359832635983,39280.0,496.0,0.0,21317.594330996802,42.97902082862259,496.0,0.0,20977.283228635788,42.2929097351528,465.0,0.0,10088.30859375,21.695287298387097,465.0,0.0,1751.064208984375,3.765729481686828,465.0,0.0,1.5593575239181519,0.0033534570406841976,465.0,0.0,8244.7783203125,17.730706065188173,465.0,0.0,90.90850830078125,0.19550216838877688,1,1,11,#b3b3b3,0,01,#f3e6b3
628,480291718014,G48002901718014,48,029,171801,4,480291718014,Block Group 4,G5030,S,536021.0,0.0,+29.4084361,-098.6437365,3336.44922843,536020.064859,48,029,171801,4,0.5863095238095238,23729.0,579.0,0.0,25123.938983917236,43.39194988586742,568.0,0.0,5454.869934082031,9.603644250144422,596.0,0.0,13490.485473632812,22.635042740994653,596.0,0.0,2323.6907653808594,3.8988100090282876,596.0,0.0,0.0,0.0,596.0,0.0,11046.049194335938,18.533639587811976,596.0,0.0,120.74596500396729,0.20259390101336794,0,2,02,#f3b300,1,12,#b36600
629,480291718021,G48002901718021,48,029,171802,1,480291718021,Block Group 1,G5030,S,363462.0,0.0,+29.4070457,-098.6372081,2867.4114235,363463.036203,48,029,171802,1,0.7935779816513762,34845.0,398.0,0.0,17260.563430786133,43.36824982609581,414.0,0.0,4349.798810720444,10.506760412368221,407.0,0.0,8903.877136230469,21.876848000566262,407.0,0.0,1549.8748474121094,3.808046308137861,407.0,0.0,0.0,0.0,407.0,0.0,7273.5677490234375,17.871173830524416,407.0,0.0,80.43377780914307,0.19762598970305423,1,2,12,#b36600,0,02,#f3b300
630,480291718022,G48002901718022,48,029,171802,2,480291718022,Block Group 2,G5030,S,604911.0,0.0,+29.4071079,-098.6321418,4130.68443062,604911.093481,48,029,171802,2,0.9311674008810573,16300.0,691.0,0.0,29914.90626525879,43.29219430572907,672.0,0.0,9446.576777935028,14.057405919546174,660.0,0.0,13279.003608703613,20.119702437429716,660.0,0.0,2410.697998046875,3.652572724313447,660.0,0.0,16.893714994192123,0.025596537869988067,660.0,0.0,10718.46732711792,16.240102010784728,660.0,0.0,132.94516324996948,0.2014320655302568,2,2,22,#000000,2,22,#000000
631,480291718023,G48002901718023,48,029,171802,3,480291718023,Block Group 3,G5030,S,575616.0,5830.0,+29.4084632,-098.6267784,3315.05498011,581447.399608,48,029,171802,3,0.9670912951167728,15382.0,626.0,0.0,26956.87392425537,43.06209892053574,662.0,0.0,21760.52409887314,32.87088232458178,670.0,0.0,13360.60400390625,19.941200005830225,670.0,0.0,2416.6376953125,3.606921933302239,670.0,0.0,4.0097761154174805,0.005984740470772359,670.0,0.0,10805.61083984375,16.127777372901118,670.0,0.0,134.34642028808594,0.20051704520609842,2,1,21,#376387,2,21,#376387
632,480291718024,G48002901718024,48,029,171802,4,480291718024,Block Group 4,G5030,S,516396.0,0.0,+29.4035155,-098.6447407,3403.97645955,516397.558141,48,029,171802,4,0.9056300268096514,12029.0,578.0,0.0,25043.523250579834,43.32789489719694,602.0,0.0,6813.927349567413,11.318816195294707,579.0,0.0,10865.190185546875,18.765440734968696,579.0,0.0,2097.566436767578,3.6227399598749193,579.0,0.0,0.0,0.0,579.0,0.0,8639.952880859375,14.92219841253778,579.0,0.0,127.67115783691406,0.2205028632761901,2,2,22,#000000,2,22,#000000
633,480291718025,G48002901718025,48,029,171802,5,480291718025,Block Group 5,G5030,S,464396.0,0.0,+29.4005380,-098.6411900,4401.84642973,464395.821516,48,029,171802,5,1.0,14747.0,516.0,0.0,22329.051235198975,43.273355106974755,513.0,0.0,15555.394404172897,30.32240624595107,518.0,0.0,9594.8046875,18.52278897200772,518.0,0.0,1950.94482421875,3.7663027494570462,518.0,0.0,11.628352165222168,0.0224485563035177,518.0,0.0,7508.5491943359375,14.495268714934243,518.0,0.0,123.68231010437012,0.23876893842542493,2,2,22,#000000,2,22,#000000
634,480291719031,G48002901719031,48,029,171903,1,480291719031,Block Group 1,G5030,S,969605.0,0.0,+29.4106506,-098.6529029,4243.57731005,969605.849447,48,029,171903,1,0.8692992213570634,16229.0,1067.0,0.0,46180.57531549271,43.280764119487074,1077.0,0.0,11799.585810899734,10.955975683286661,1088.0,0.0,19335.8173828125,17.771890976849726,1088.0,0.0,3926.0546875,3.6085061465992645,1088.0,0.0,150.03948307037354,0.1379039366455639,1088.0,0.0,15004.3232421875,13.790738274069394,1088.0,0.0,255.40131378173828,0.23474385457880356,1,2,12,#b36600,2,22,#000000
635,480291719032,G48002901719032,48,029,171903,2,480291719032,Block Group 2,G5030,S,585359.0,0.0,+29.4003521,-098.6531886,3176.7549543,585359.123686,48,029,171903,2,0.9856996935648621,10848.0,664.0,0.0,28417.139015197754,42.796896107225535,652.0,0.0,3339.217470318079,5.121499187604416,637.0,0.0,10767.3525390625,16.903222196330454,637.0,0.0,2437.6790161132812,3.826811642250049,637.0,0.0,74.9051513671875,0.11759050450107927,637.0,0.0,8097.28369140625,12.711591352286106,637.0,0.0,157.48409271240234,0.2472277750587164,2,1,21,#376387,2,21,#376387
636,480291719033,G48002901719033,48,029,171903,3,480291719033,Block Group 3,G5030,S,651079.0,563.0,+29.3990412,-098.6609331,3329.57202132,651641.429017,48,029,171903,3,0.9345106696100074,14990.0,723.0,0.0,30239.34738922119,41.82482349823125,722.0,0.0,77854.34187889099,107.83149844721744,722.0,0.0,15338.162109375,21.243991841239612,722.0,0.0,2638.0967407226562,3.653873602108942,722.0,0.0,4.333798885345459,0.006002491530949389,722.0,0.0,12561.300048828125,17.397922505302112,722.0,0.0,134.43198776245117,0.1861938888676609,2,0,20,#509dc2,2,20,#509dc2
637,480291719034,G48002901719034,48,029,171903,4,480291719034,Block Group 4,G5030,S,438793.0,947.0,+29.4076896,-098.6611290,2641.65369342,439739.144699,48,029,171903,4,0.9443413729128015,21773.0,503.0,0.0,21414.8333892121,42.57422144972585,480.0,0.0,19293.501664161682,40.19479513367017,475.0,0.0,12036.1123046875,25.339183799342106,475.0,0.0,1967.162109375,4.141393914473684,475.0,0.0,0.0,0.0,475.0,0.0,9977.14453125,21.00451480263158,475.0,0.0,91.80632019042969,0.19327646355879935,2,1,21,#376387,1,11,#b3b3b3
638,480291719035,G48002901719035,48,029,171903,5,480291719035,Block Group 5,G5030,S,585587.0,0.0,+29.4143904,-098.6593685,3092.18880439,585586.545782,48,029,171903,5,0.912932138284251,28556.0,650.0,0.0,28039.49332686946,43.13768204133763,643.0,0.0,21737.152126312256,33.805835344187024,656.0,0.0,12657.155151367188,19.29444382830364,656.0,0.0,2446.0158157348633,3.7286826459372917,656.0,0.0,14.070907592773438,0.02144955425727658,656.0,0.0,10045.928833007812,15.313915903975325,656.0,0.0,151.13964867591858,0.23039580590841247,2,2,22,#000000,1,12,#b36600
639,480291719121,G48002901719121,48,029,171912,1,480291719121,Block Group 1,G5030,S,487515.0,0.0,+29.4804859,-098.6863992,4361.00460966,487513.727901,48,029,171912,1,0.8746569075937786,34595.0,535.0,0.0,22601.53659439087,42.24586279325396,541.0,0.0,139649.684425354,258.1325035588799,540.0,0.0,10539.246337890625,19.5171228479456,540.0,0.0,2651.3428344726562,4.909894137912326,540.0,0.0,6.032771587371826,0.011171799235873752,540.0,0.0,7665.8360595703125,14.195992702907986,540.0,0.0,216.03534698486328,0.40006545737937643,1,0,10,#b4d3e1,0,00,#f3f3f3
640,480291719122,G48002901719122,48,029,171912,2,480291719122,Block Group 2,G5030,S,604160.0,0.0,+29.4812591,-098.6735308,4732.63453758,604161.075274,48,029,171912,2,0.7941622441243366,26163.0,672.0,0.0,28555.85202108566,42.49382741232985,672.0,0.0,44782.841888427734,66.64113376254127,673.0,0.0,11927.1669921875,17.722387804141903,673.0,0.0,2265.2452392578125,3.3658918859700035,673.0,0.0,4.714286923408508,0.007004883987234039,673.0,0.0,9523.17626953125,14.150336210299034,673.0,0.0,134.03192138671875,0.19915590102038447,1,1,11,#b3b3b3,1,11,#b3b3b3
641,480291719123,G48002901719123,48,029,171912,3,480291719123,Block Group 3,G5030,S,4603517.0,562.0,+29.4802065,-098.6934912,11208.903785,4604079.4956,48,029,171912,3,0.8033033033033032,37709.0,5124.0,0.0,214454.7592862121,41.85299751877675,5121.0,0.0,3496966.435028076,682.8678842077868,5111.0,0.0,91426.36752319336,17.888156431851566,5111.0,0.0,24253.73226928711,4.745398604830192,5111.0,0.0,1281.5742921829224,0.25074824734551404,5111.0,0.0,64013.34663391113,12.5246227027805,5111.0,0.0,1877.7176475524902,0.3673875264238877,1,0,10,#b4d3e1,0,00,#f3f3f3
642,480291719124,G48002901719124,48,029,171912,4,480291719124,Block Group 4,G5030,S,2692795.0,0.0,+29.4796755,-098.6789825,12248.2060995,2692796.21658,48,029,171912,4,0.8426204819277109,46013.0,3000.0,0.0,126943.010119554,42.314336706518,2992.0,0.0,396363.4530925751,132.47441614056655,2996.0,0.0,62950.115234375,21.01138692736148,2996.0,0.0,23489.405029296875,7.840255350232602,2996.0,0.0,129.74712371826172,0.043306783617577345,2996.0,0.0,37186.72412109375,12.412124205972546,2996.0,0.0,2144.2394409179688,0.7157007479699495,1,0,10,#b4d3e1,0,00,#f3f3f3
643,480291719131,G48002901719131,48,029,171913,1,480291719131,Block Group 1,G5030,S,476756.0,0.0,+29.4211422,-098.6753298,3388.85391067,476756.309915,48,029,171913,1,0.8497409326424871,21978.0,526.0,0.0,22678.83360030181,43.11565323251294,534.0,0.0,16591.73903465271,31.07067234953691,538.0,0.0,5869.1898193359375,10.909274757129996,538.0,0.0,1425.0742797851562,2.6488369512735246,538.0,0.0,0.0,0.0,538.0,0.0,4329.8824462890625,8.048108636225024,538.0,0.0,114.23375701904297,0.21233040338112075,1,1,11,#b3b3b3,1,11,#b3b3b3
644,480291719132,G48002901719132,48,029,171913,2,480291719132,Block Group 2,G5030,S,433183.0,0.0,+29.4293044,-098.6720835,2608.1509855,433183.306981,48,029,171913,2,0.6875,23582.0,477.0,0.0,20661.910604754936,43.3163744334485,473.0,0.0,3543.3881821632385,7.491306939034331,483.0,0.0,9295.245849609375,19.244815423621894,483.0,0.0,1673.4923095703125,3.4647873904147257,483.0,0.0,0.0,0.0,483.0,0.0,7529.5029296875,15.589032980719463,483.0,0.0,92.25106430053711,0.19099599234065653,1,2,12,#b36600,1,12,#b36600
645,480291719133,G48002901719133,48,029,171913,3,480291719133,Block Group 3,G5030,S,733066.0,0.0,+29.4221367,-098.6692638,3622.85611435,733066.966411,48,029,171913,3,0.9533146591970121,27985.0,816.0,0.0,35300.71417565116,43.260679136827406,820.0,0.0,10001.184792160988,12.196566819708522,802.0,0.0,16172.994384765625,20.1658284099322,802.0,0.0,2885.2459411621094,3.5975635176584904,802.0,0.0,11.024860382080078,0.01374670870583551,802.0,0.0,13119.8359375,16.358897677680797,802.0,0.0,156.888032913208,0.19562098866983543,2,2,22,#000000,1,12,#b36600
646,480291719141,G48002901719141,48,029,171914,1,480291719141,Block Group 1,G5030,S,571037.0,4915.0,+29.4306302,-098.6778027,3670.35014746,575950.938798,48,029,171914,1,0.9673571876961707,20177.0,634.0,0.0,27409.50008337888,43.23264997378372,637.0,0.0,18209.47323989868,28.586300219621165,640.0,0.0,16893.27880859375,26.395748138427734,640.0,0.0,2768.9033813476562,4.326411533355713,640.0,0.0,0.0,0.0,640.0,0.0,13993.4970703125,21.864839172363283,640.0,0.0,130.8796043395996,0.20449938178062438,2,2,22,#000000,2,22,#000000
647,480291719142,G48002901719142,48,029,171914,2,480291719142,Block Group 2,G5030,S,843267.0,0.0,+29.4331228,-098.6843458,3794.87530423,843268.576646,48,029,171914,2,0.768122085629504,28261.0,930.0,0.0,40114.49472922321,43.13386530024001,933.0,0.0,51915.77299118042,55.64391531744954,939.0,0.0,19355.788299560547,20.61319307727428,939.0,0.0,3678.860511779785,3.91784932031926,939.0,0.0,2.4747204780578613,0.002635485067154272,939.0,0.0,15453.039337158203,16.45691090219191,939.0,0.0,221.41501688957214,0.23579874003149323,1,1,11,#b3b3b3,1,11,#b3b3b3
648,480291719143,G48002901719143,48,029,171914,3,480291719143,Block Group 3,G5030,S,635700.0,0.0,+29.4366974,-098.6725957,3411.03269982,635699.541687,48,029,171914,3,0.8885467980295566,28643.0,708.0,0.0,30592.313691378713,43.209482614941685,713.0,0.0,33100.1084690094,46.42371454279018,709.0,0.0,15238.4599609375,21.49289134123766,709.0,0.0,4388.4232177734375,6.1895955116691646,709.0,0.0,0.0,0.0,709.0,0.0,10496.662109375,14.804883087976023,709.0,0.0,353.37493896484375,0.49841317202375707,2,2,22,#000000,1,12,#b36600
649,480291719151,G48002901719151,48,029,171915,1,480291719151,Block Group 1,G5030,S,1027172.0,17172.0,+29.4233968,-098.6839565,4110.24630358,1044343.76877,48,029,171915,1,0.7693274670018856,26767.0,1160.0,0.0,49815.18425710192,42.94412435957062,1166.0,0.0,81763.46008491516,70.12303609340923,1151.0,0.0,24114.138305664062,20.950598006658613,1151.0,0.0,4751.777338027954,4.128390389251046,1151.0,0.0,29.592769622802734,0.02571048620573652,1151.0,0.0,19029.911052703857,16.53337189635435,1151.0,0.0,302.8601038455963,0.2631278052524729,1,1,11,#b3b3b3,1,11,#b3b3b3
650,480291719161,G48002901719161,48,029,171916,1,480291719161,Block Group 1,G5030,S,3356483.0,1040.0,+29.4180111,-098.7003030,9574.28653905,3357524.75625,48,029,171916,1,0.739585211902615,30393.0,3726.0,0.0,156294.9507625022,41.94711507313532,3698.0,0.0,1039106.9147644043,280.99159404121264,3723.0,0.0,66870.46875,17.96144742143433,3723.0,0.0,15873.044921875,4.263509245735966,3723.0,0.0,231.8549041748047,0.06227636426935393,3723.0,0.0,49563.4501953125,13.31277201055936,3723.0,0.0,1202.1197662353516,0.32289007956899046,1,0,10,#b4d3e1,1,10,#b4d3e1
651,480291719162,G48002901719162,48,029,171916,2,480291719162,Block Group 2,G5030,S,844854.0,5445.0,+29.4219857,-098.6911028,4210.37259439,850298.685672,48,029,171916,2,0.8729809104258444,29033.0,962.0,0.0,40945.25633239746,42.56263652016368,939.0,0.0,111295.26029205322,118.52530382540279,934.0,0.0,22014.1201171875,23.56972175287741,934.0,0.0,4083.112548828125,4.371640844569727,934.0,0.0,10.359899520874023,0.011091969508430432,934.0,0.0,17682.380859375,18.931885288410065,934.0,0.0,238.26671600341797,0.25510355032485865,1,1,11,#b3b3b3,1,11,#b3b3b3
652,480291719163,G48002901719163,48,029,171916,3,480291719163,Block Group 3,G5030,S,1374364.0,3094.0,+29.4323626,-098.7007964,4954.40346446,1377458.16044,48,029,171916,3,0.7018047579983593,30892.0,1534.0,0.0,65153.23020172119,42.47277066605032,1534.0,0.0,249216.85496902466,162.46209580770838,1529.0,0.0,27782.827880859375,18.17058723404799,1529.0,0.0,6205.427001953125,4.058487247843771,1529.0,0.0,27.87592911720276,0.018231477512886042,1529.0,0.0,21093.6298828125,13.795702997261282,1529.0,0.0,455.8950080871582,0.29816547291508055,1,1,11,#b3b3b3,1,11,#b3b3b3
653,480291719171,G48002901719171,48,029,171917,1,480291719171,Block Group 1,G5030,S,902173.0,0.0,+29.4420760,-098.7077756,4083.92143114,902174.628368,48,029,171917,1,0.7641379310344828,30198.0,992.0,0.0,41922.17854309082,42.260260628115745,992.0,0.0,154460.20964813232,155.7058565001334,978.0,0.0,22467.214111328125,22.97261156577518,978.0,0.0,4237.398986816406,4.3327188004257735,978.0,0.0,20.449859619140625,0.020909876911186735,978.0,0.0,17962.321044921875,18.366381436525433,978.0,0.0,247.04353713989258,0.25260075372177154,1,0,10,#b4d3e1,1,10,#b4d3e1
654,480291719172,G48002901719172,48,029,171917,2,480291719172,Block Group 2,G5030,S,902161.0,0.0,+29.4425447,-098.7010023,4704.07169302,902159.716068,48,029,171917,2,0.8666464155528554,29417.0,1025.0,0.0,43672.15702819824,42.60698246653487,999.0,0.0,102012.27424240112,102.11438863103216,992.0,0.0,12621.875732421875,12.723665052844632,992.0,0.0,2943.103759765625,2.9668384675056703,992.0,0.0,3.9287706315517426,0.0039604542656771595,992.0,0.0,9445.725463867188,9.521900669220955,992.0,0.0,229.117919921875,0.23096564508253528,1,1,11,#b3b3b3,1,11,#b3b3b3
655,480291719173,G48002901719173,48,029,171917,3,480291719173,Block Group 3,G5030,S,721024.0,0.0,+29.4415732,-098.6954762,3995.96315807,721023.107077,48,029,171917,3,0.5821831869510665,38153.0,782.0,0.0,33505.06512069702,42.845351816748106,817.0,0.0,51544.99512767792,63.09056931172328,807.0,0.0,8169.66259765625,10.123497642696716,807.0,0.0,2110.6294555664062,2.615402051507319,807.0,0.0,19.874958038330078,0.02462820079099142,807.0,0.0,5864.977996826172,7.267630727169977,807.0,0.0,174.1808910369873,0.2158375353618182,0,1,01,#f3e6b3,0,01,#f3e6b3
656,480291719174,G48002901719174,48,029,171917,4,480291719174,Block Group 4,G5030,S,597294.0,0.0,+29.4408284,-098.6904915,4050.81778002,597293.659523,48,029,171917,4,0.8587598425196851,31917.0,680.0,0.0,29231.83839035034,42.98799763286815,664.0,0.0,34796.3940076828,52.40420784289579,664.0,0.0,10064.289733886719,15.157062852239035,664.0,0.0,2315.178909301758,3.4867152248520448,664.0,0.0,21.21583843231201,0.03195156390408436,664.0,0.0,7567.201141357422,11.396387261080454,664.0,0.0,160.69381713867188,0.24200876075101185,1,1,11,#b3b3b3,1,11,#b3b3b3
657,480291719181,G48002901719181,48,029,171918,1,480291719181,Block Group 1,G5030,S,6270392.0,42012.0,+29.4556660,-098.7004780,11174.5560938,6312407.34103,48,029,171918,1,0.8371584699453551,35878.0,6992.0,0.0,289212.42954281415,41.363333744681654,7031.0,0.0,10146638.421966553,1443.1287757028235,7042.0,0.0,141508.90698242188,20.094988211079507,7042.0,0.0,38907.72622680664,5.525096027663539,7042.0,0.0,701.7753195762634,0.09965568298441685,7042.0,0.0,98787.22064208984,14.028290349629344,7042.0,0.0,3112.1882648468018,0.4419466436874186,1,0,10,#b4d3e1,0,00,#f3f3f3
658,480291719182,G48002901719182,48,029,171918,2,480291719182,Block Group 2,G5030,S,407476.0,0.0,+29.4459114,-098.6823856,3048.5530104,407476.678221,48,029,171918,2,0.7679932260795935,27032.0,456.0,0.0,19609.790061950684,43.003925574453255,454.0,0.0,27246.1580657959,60.01356402157687,450.0,0.0,5438.985595703125,12.086634657118056,450.0,0.0,1348.1640625,2.9959201388888888,450.0,0.0,8.496533036231995,0.018881184524959987,450.0,0.0,3974.798095703125,8.832884657118056,450.0,0.0,107.52696228027344,0.2389488050672743,1,1,11,#b3b3b3,1,11,#b3b3b3
659,480291719183,G48002901719183,48,029,171918,3,480291719183,Block Group 3,G5030,S,900315.0,0.0,+29.4429425,-098.6732220,4297.25953091,900315.723362,48,029,171918,3,0.9510993176648976,28336.0,995.0,0.0,42840.3981552124,43.05567653790191,996.0,0.0,103688.9256477356,104.1053470358791,1000.0,0.0,17613.26187133789,17.61326187133789,1000.0,0.0,3897.4715270996094,3.897471527099609,1000.0,0.0,29.72809600830078,0.029728096008300783,1000.0,0.0,13409.041198730469,13.409041198730469,1000.0,0.0,277.02284717559814,0.27702284717559816,2,1,21,#376387,1,11,#b3b3b3
660,480291719184,G48002901719184,48,029,171918,4,480291719184,Block Group 4,G5030,S,800375.0,0.0,+29.4422034,-098.6855030,3903.19129492,800376.086809,48,029,171918,4,0.7338056680161944,28737.0,887.0,0.0,38225.797290802,43.09560010236979,887.0,0.0,39281.15483522415,44.28540567669014,886.0,0.0,18670.737548828125,21.07306721086696,886.0,0.0,3469.2753372192383,3.9156606514889822,886.0,0.0,50.98896861076355,0.05754962597151642,886.0,0.0,14953.024688720703,16.87700303467348,886.0,0.0,197.45032691955566,0.22285589945773776,1,1,11,#b3b3b3,1,11,#b3b3b3
661,480291719191,G48002901719191,48,029,171919,1,480291719191,Block Group 1,G5030,S,2071053.0,1377.0,+29.3915743,-098.6850980,7283.37820063,2072432.55723,48,029,171919,1,0.8897533763945977,23785.0,2285.0,0.0,95012.93118286133,41.581151502346316,2325.0,0.0,428916.7980732918,184.4803432573298,2298.0,0.0,42360.40771865845,18.43359778879828,2298.0,0.0,8921.00398349762,3.882073099868416,2298.0,0.0,71.99847626686096,0.03133092962004393,2298.0,0.0,32755.249605178833,14.253807487022991,2298.0,0.0,612.1580116450787,0.26638729836600467,2,0,20,#509dc2,1,10,#b4d3e1
662,480291719201,G48002901719201,48,029,171920,1,480291719201,Block Group 1,G5030,S,1321471.0,0.0,+29.4137007,-098.6706145,4676.29655924,1321469.20929,48,029,171920,1,0.8110808356039964,27408.0,1462.0,0.0,62465.7557885382,42.72623514947893,1477.0,0.0,54668.62620162964,37.01328788194289,1475.0,0.0,30964.9111328125,20.993160090042373,1475.0,0.0,5496.9599609375,3.7267525158898307,1475.0,0.0,24.876338958740234,0.016865314548298465,1475.0,0.0,25148.32568359375,17.04971232786017,1475.0,0.0,294.75008392333984,0.19983056537175584,1,1,11,#b3b3b3,1,11,#b3b3b3
663,480291719202,G48002901719202,48,029,171920,2,480291719202,Block Group 2,G5030,S,684272.0,0.0,+29.4019313,-098.6876975,3985.96289072,684273.936874,48,029,171920,2,0.8803116147308782,18147.0,761.0,0.0,32366.13500213623,42.531057821466796,753.0,0.0,33529.4125289917,44.527772282857505,748.0,0.0,11477.89794921875,15.344783354570522,748.0,0.0,2612.982666015625,3.493292334245488,748.0,0.0,0.0,0.0,748.0,0.0,8661.322265625,11.579307841744653,748.0,0.0,203.59403228759766,0.27218453514384716,1,1,11,#b3b3b3,2,21,#376387
664,480291719203,G48002901719203,48,029,171920,3,480291719203,Block Group 3,G5030,S,3764949.0,30814.0,+29.4037915,-098.6695482,9630.21662446,3795763.18153,48,029,171920,3,0.9131267965506228,27498.0,4210.0,0.0,173146.1046453521,41.127340770867484,4202.0,0.0,1623834.4343156815,386.4432256819804,4239.0,0.0,77158.75927734375,18.20211353558475,4239.0,0.0,24119.0849609375,5.689805369412007,4239.0,0.0,692.9289245605469,0.1634651862610396,4239.0,0.0,49960.60546875,11.785941370311393,4239.0,0.0,2386.1419067382812,0.5629020775509038,2,0,20,#509dc2,1,10,#b4d3e1
665,480291719211,G48002901719211,48,029,171921,1,480291719211,Block Group 1,G5030,S,1308364.0,2066.0,+29.3894707,-098.6955715,8189.61785773,1310428.86965,48,029,171921,1,0.8877049180327868,26504.0,1472.0,0.0,61494.44230270386,41.77611569477164,1436.0,0.0,1008947.3973808289,702.6096082039198,1444.0,0.0,27308.419311523438,18.91164772266166,1444.0,0.0,6728.219970703125,4.659432112675295,1444.0,0.0,105.52955293655396,0.07308140785079914,1444.0,0.0,19915.697143554688,13.792034032932609,1444.0,0.0,558.970874786377,0.3870989437578788,2,0,20,#509dc2,1,10,#b4d3e1
666,480291719212,G48002901719212,48,029,171921,2,480291719212,Block Group 2,G5030,S,631494.0,0.0,+29.3980861,-098.7011607,4070.93047113,631494.786498,48,029,171921,2,0.6329548455241616,25587.0,704.0,0.0,29828.85820388794,42.37053722143173,704.0,0.0,66456.92862319946,94.39904633977197,702.0,0.0,12209.713623046875,17.39275444878472,702.0,0.0,2515.24658203125,3.5829723390758548,702.0,0.0,4.187988519668579,0.005965795612063503,702.0,0.0,9523.65673828125,13.56646259014423,702.0,0.0,166.622465133667,0.23735393893684756,0,0,00,#f3f3f3,1,10,#b4d3e1
667,480291719213,G48002901719213,48,029,171921,3,480291719213,Block Group 3,G5030,S,337009.0,0.0,+29.4031763,-098.6993500,3148.52855724,337009.090736,48,029,171921,3,0.9539748953974896,22259.0,367.0,0.0,15623.334400177002,42.57039346097276,377.0,0.0,32604.672761917114,86.48454313505866,379.0,0.0,7063.18603515625,18.636374762945252,379.0,0.0,1266.2427978515625,3.341010020716524,379.0,0.0,0.0,0.0,379.0,0.0,5724.705322265625,15.10476338328661,379.0,0.0,72.23791694641113,0.19060136397469957,2,1,21,#376387,1,11,#b3b3b3
668,480291719221,G48002901719221,48,029,171922,1,480291719221,Block Group 1,G5030,S,2871338.0,13723.0,+29.4137587,-098.6909380,6777.36594085,2885062.94406,48,029,171922,1,0.7439589539887455,24331.0,3198.0,0.0,135144.86064163316,42.259180938596984,3208.0,0.0,741698.3342208862,231.20272263743337,3223.0,0.0,60114.134765625,18.651608676892646,3223.0,0.0,14432.6640625,4.4780217382873095,3223.0,0.0,287.0080261230469,0.08904996156470582,3223.0,0.0,44273.51953125,13.736742020245114,3223.0,0.0,1120.9417114257812,0.3477945117672297,1,0,10,#b4d3e1,1,10,#b4d3e1
669,480291719231,G48002901719231,48,029,171923,1,480291719231,Block Group 1,G5030,S,573977.0,0.0,+29.4559319,-098.6404563,3238.36270689,573977.796323,48,029,171923,1,0.8468033775633294,28777.0,636.0,0.0,27318.434356689453,42.95351313944882,637.0,0.0,42904.42023086548,67.3538779134466,642.0,0.0,12915.22412109375,20.117171528183412,642.0,0.0,2368.06640625,3.6885769567757007,642.0,0.0,3.2943062782287598,0.005131318190387476,642.0,0.0,10409.09130859375,16.213537863853194,642.0,0.0,134.77220153808594,0.20992554756711204,1,1,11,#b3b3b3,1,11,#b3b3b3
670,480291719232,G48002901719232,48,029,171923,2,480291719232,Block Group 2,G5030,S,701645.0,0.0,+29.4514869,-098.6606893,3784.85489199,701646.23713,48,029,171923,2,0.8204067562909342,20288.0,780.0,0.0,33670.3265914917,43.16708537370731,784.0,0.0,36903.90773105621,47.07131088144925,779.0,0.0,15350.053100585938,19.704817844141125,779.0,0.0,2870.946807861328,3.685425940771923,779.0,0.0,5.4304715394973755,0.006971080281768132,779.0,0.0,12305.2978515625,15.796274520619384,779.0,0.0,168.37719917297363,0.21614531344412533,1,2,12,#b36600,2,22,#000000
671,480291719233,G48002901719233,48,029,171923,3,480291719233,Block Group 3,G5030,S,406528.0,0.0,+29.4612158,-098.6444649,2833.19339304,406527.818434,48,029,171923,3,0.8675234799802274,26632.0,459.0,0.0,19734.223747253418,42.99395151907063,452.0,0.0,20062.229776382446,44.38546410704081,448.0,0.0,4619.542377471924,10.311478521142687,448.0,0.0,1305.7409000396729,2.914600223302841,448.0,0.0,0.0,0.0,448.0,0.0,3196.328426361084,7.134661665984562,448.0,0.0,117.47398018836975,0.262218705777611,1,1,11,#b3b3b3,1,11,#b3b3b3
672,480291719234,G48002901719234,48,029,171923,4,480291719234,Block Group 4,G5030,S,2008105.0,0.0,+29.4547640,-098.6519709,5875.24772614,2008104.73388,48,029,171923,4,0.763746382530913,37014.0,2226.0,0.0,95933.55095291138,43.09683331217941,2231.0,0.0,88850.35746097565,39.825350722086796,2233.0,0.0,35933.5966796875,16.092071956868562,2233.0,0.0,11422.10791015625,5.115140129940103,2233.0,0.0,151.43160247802734,0.06781531682849411,2233.0,0.0,23402.4423828125,10.480269763910659,2233.0,0.0,957.6156921386719,0.42884715277146074,1,1,11,#b3b3b3,0,01,#f3e6b3
673,480291719241,G48002901719241,48,029,171924,1,480291719241,Block Group 1,G5030,S,3626435.0,24970.0,+29.4599343,-098.6821229,7489.64004688,3651405.61898,48,029,171924,1,0.8236275964391692,40578.0,4058.0,0.0,172568.52223205566,42.52551065353762,4056.0,0.0,811255.0314369202,200.01356790851088,4052.0,0.0,75957.0625,18.745573173741363,4052.0,0.0,16283.03857421875,4.018518897882219,4052.0,0.0,181.92759799957275,0.044898222606015,4052.0,0.0,58340.298828125,14.397901981274678,4052.0,0.0,1151.8006591796875,0.284254851722529,1,1,11,#b3b3b3,0,01,#f3e6b3
674,480291719242,G48002901719242,48,029,171924,2,480291719242,Block Group 2,G5030,S,1067793.0,0.0,+29.4516073,-098.6660561,5457.34580142,1067792.76054,48,029,171924,2,0.8062054933875891,33978.0,1188.0,0.0,51141.37819671631,43.048298145384095,1181.0,0.0,115018.39929771423,97.39068526478766,1187.0,0.0,22394.30859375,18.866308840564447,1187.0,0.0,4355.498046875,3.669332811183656,1187.0,0.0,59.31157112121582,0.04996762520742697,1187.0,0.0,17718.91943359375,14.92748056747578,1187.0,0.0,260.5806427001953,0.21952876385863127,1,1,11,#b3b3b3,0,01,#f3e6b3
675,480291719261,G48002901719261,48,029,171926,1,480291719261,Block Group 1,G5030,S,3301430.0,1475.0,+29.4445229,-098.6447992,8268.0686625,3302903.56227,48,029,171926,1,0.6629348260695722,27892.0,3670.0,0.0,157971.13771035138,43.04390673306577,3666.0,0.0,355606.3158779144,97.00117727166241,3671.0,0.0,53761.6455078125,14.644959277529965,3671.0,0.0,13430.11572265625,3.658435228182035,3671.0,0.0,532.2007637023926,0.14497432952939052,3671.0,0.0,38792.016357421875,10.56715237194821,3671.0,0.0,1007.3118705749512,0.2743971317283986,0,1,01,#f3e6b3,1,11,#b3b3b3
676,480291719271,G48002901719271,48,029,171927,1,480291719271,Block Group 1,G5030,S,1272343.0,5584.0,+29.4341279,-098.6642175,4999.00052136,1277925.76523,48,029,171927,1,0.8281738142573133,25505.0,1425.0,0.0,61583.29129712774,43.2163447699142,1416.0,0.0,90248.57775437832,63.73487129546491,1416.0,0.0,21916.572021484375,15.477805099918344,1416.0,0.0,5042.653564453125,3.5611960200940147,1416.0,0.0,42.04451847076416,0.02969245654714983,1416.0,0.0,16458.546997070312,11.623267653298242,1416.0,0.0,373.3284339904785,0.2636500240045752,1,2,12,#b36600,1,12,#b36600
677,480291719272,G48002901719272,48,029,171927,2,480291719272,Block Group 2,G5030,S,1142317.0,31752.0,+29.4246963,-098.6584241,4826.66202362,1174072.07742,48,029,171927,2,0.8575525812619502,29829.0,1295.0,0.0,56184.16084753309,43.38545239191744,1299.0,0.0,16999.997039794922,13.086987713467993,1301.0,0.0,20443.13671875,15.713402550922368,1301.0,0.0,4588.9454345703125,3.527244761391478,1301.0,0.0,27.136631727218628,0.02085828726150548,1301.0,0.0,15486.603515625,11.903615307936203,1301.0,0.0,340.4534740447998,0.2616859908107608,1,2,12,#b36600,1,12,#b36600
678,480291719273,G48002901719273,48,029,171927,3,480291719273,Block Group 3,G5030,S,1818054.0,19417.0,+29.4258525,-098.6514328,7141.64315281,1837469.59149,48,029,171927,3,0.8153791637136782,16990.0,2040.0,0.0,88559.16369240277,43.411354751177825,2049.0,0.0,33970.461130023,16.57904398732211,2045.0,0.0,27532.596618652344,13.463372429658849,2045.0,0.0,7817.099853515625,3.8225427156555623,2045.0,0.0,416.38632023334503,0.20361189253464304,2045.0,0.0,18595.515686035156,9.093161704662668,2045.0,0.0,703.5941772460938,0.34405583239417786,1,2,12,#b36600,2,22,#000000
679,480291719281,G48002901719281,48,029,171928,1,480291719281,Block Group 1,G5030,S,1858840.0,0.0,+29.4662873,-098.6660538,9172.23538917,1858840.55232,48,029,171928,1,0.723477798457857,43713.0,2061.0,0.0,87945.64373016357,42.671345817643655,2069.0,0.0,295089.85010147095,142.62438380931414,2070.0,0.0,47454.087814331055,22.924680103541572,2070.0,0.0,8934.54863357544,4.316207069360115,2070.0,0.0,15.549022197723389,0.00751160492643642,2070.0,0.0,37973.86533355713,18.34486247997929,2070.0,0.0,530.1258091926575,0.2560994247307524,1,1,11,#b3b3b3,0,01,#f3e6b3
680,480291719282,G48002901719282,48,029,171928,2,480291719282,Block Group 2,G5030,S,1410808.0,6856.0,+29.4755442,-098.6645231,5985.98802957,1417665.69494,48,029,171928,2,0.7959084266926449,44944.0,1575.0,0.0,66967.6016605316,42.519112165416885,1574.0,0.0,211231.21960830688,134.20026658723435,1576.0,0.0,34118.107421875,21.648545318448605,1576.0,0.0,6786.968078613281,4.30645182653127,1576.0,0.0,52.49543106555939,0.03330928367104022,1576.0,0.0,26837.787475585938,17.029052966742345,1576.0,0.0,440.8577117919922,0.2797320506294367,1,1,11,#b3b3b3,0,01,#f3e6b3
681,480291719291,G48002901719291,48,029,171929,1,480291719291,Block Group 1,G5030,S,478495.0,0.0,+29.4661585,-098.6608535,3113.11149722,478494.865679,48,029,171929,1,0.9368512110726643,20798.0,529.0,0.0,22612.486213684082,42.74572063078276,527.0,0.0,86066.7621459961,163.31453917646317,535.0,0.0,13319.309692382812,24.89590596707068,535.0,0.0,2808.026641845703,5.248647928683558,535.0,0.0,0.0,0.0,535.0,0.0,10316.551513671875,19.283273857330606,535.0,0.0,194.73105812072754,0.36398328620696735,2,1,21,#376387,2,21,#376387
682,480291719292,G48002901719292,48,029,171929,2,480291719292,Block Group 2,G5030,S,755025.0,2252.0,+29.4646197,-098.6509167,3902.65237085,757277.432655,48,029,171929,2,0.8437424644321196,17167.0,845.0,0.0,36291.37408065796,42.948371693086344,845.0,0.0,61244.8646068573,72.47912971225716,836.0,0.0,15029.92333984375,17.978377200770037,836.0,0.0,2945.4541015625,3.523270456414474,836.0,0.0,0.0,0.0,836.0,0.0,11898.95068359375,14.23319459760018,836.0,0.0,185.51867294311523,0.22191228820946798,1,1,11,#b3b3b3,2,21,#376387
683,480291720021,G48002901720021,48,029,172002,1,480291720021,Block Group 1,G5030,S,14751277.0,65728.0,+29.3931701,-098.7414401,16720.0822001,14817010.9448,48,029,172002,1,0.484646878198567,42222.0,16417.0,0.0,628725.3650920859,38.29721417384942,16454.0,0.0,12957292.801687717,787.4858880325585,16436.0,0.0,399609.619140625,24.3130700377601,16436.0,0.0,103444.91693115234,6.293801224820658,16436.0,0.0,1586.3778991699219,0.09651848984971537,16436.0,0.0,286001.1994628906,17.400900429720775,16436.0,0.0,8577.13646697998,0.5218506003273291,0,0,00,#f3f3f3,0,00,#f3f3f3
684,480291720022,G48002901720022,48,029,172002,2,480291720022,Block Group 2,G5030,S,6279878.0,1112.0,+29.4214783,-098.7237420,10817.9422083,6280991.37196,48,029,172002,2,0.8233674272226593,30414.0,6946.0,0.0,289952.53371238726,41.74381424019396,6967.0,0.0,2493460.7085380554,357.89589615875633,7003.0,0.0,143954.89990234375,20.556175910658826,7003.0,0.0,31621.673217773438,4.515446696811858,7003.0,0.0,559.0288090705872,0.07982704684714939,7003.0,0.0,109523.12573242188,15.639458193977134,7003.0,0.0,2251.0745735168457,0.3214443200795153,1,0,10,#b4d3e1,1,10,#b4d3e1
685,480291720023,G48002901720023,48,029,172002,3,480291720023,Block Group 3,G5030,S,7548432.0,23773.0,+29.3939265,-098.7127258,11217.1690527,7572207.30114,48,029,172002,3,0.8447606727037517,25856.0,8449.0,0.0,342553.62076950073,40.54368810149139,8423.0,0.0,7998308.686714172,949.5795662726074,8391.0,0.0,141661.17919921875,16.882514503541742,8391.0,0.0,37998.72686767578,4.528509935368345,8391.0,0.0,1322.280878007412,0.15758322941334907,8391.0,0.0,99222.48010253906,11.824869515259094,8391.0,0.0,3117.692310333252,0.37155193783020524,1,0,10,#b4d3e1,1,10,#b4d3e1
686,480291720024,G48002901720024,48,029,172002,4,480291720024,Block Group 4,G5030,S,27152352.0,29426.0,+29.4075878,-098.7879840,28397.8639444,27181774.1307,48,029,172002,4,0.7677222898903776,33515.0,30121.0,0.0,1170222.32844634,38.850713072153646,30219.0,0.0,185999221.96384048,6155.042256985356,30227.0,0.0,506668.6941871643,16.762123074971527,30227.0,0.0,155400.345287323,5.141110440577067,30227.0,0.0,6609.160857796669,0.21865090342398086,30227.0,0.0,330347.4058227539,10.928884964526876,30227.0,0.0,14311.76059269905,0.4734760509709548,1,0,10,#b4d3e1,0,00,#f3f3f3
687,480291720031,G48002901720031,48,029,172003,1,480291720031,Block Group 1,G5030,S,2426050.0,0.0,+29.4364285,-098.7257378,7493.07509094,2426050.55899,48,029,172003,1,0.6058240768537977,30079.0,2696.0,0.0,112894.0417568991,41.87464456858275,2695.0,0.0,730160.1146850586,270.9313969146785,2696.0,0.0,48783.98828125,18.094951142896885,2696.0,0.0,11447.6123046875,4.246146997287648,2696.0,0.0,193.41846466064453,0.07174275395424501,2696.0,0.0,36285.173828125,13.458892369482566,2696.0,0.0,857.7850646972656,0.3181695343832588,0,0,00,#f3f3f3,1,10,#b4d3e1
688,480291720032,G48002901720032,48,029,172003,2,480291720032,Block Group 2,G5030,S,991118.0,0.0,+29.4441092,-098.7187685,4172.61376923,991114.075961,48,029,172003,2,0.6631419939577039,28006.0,1107.0,0.0,46085.78324890137,41.63124051391271,1107.0,0.0,281317.1351470947,254.12568667307562,1105.0,0.0,21254.90625,19.2352092760181,1105.0,0.0,5421.11962890625,4.9059906143947964,1105.0,0.0,13.12218976020813,0.011875284850867087,1105.0,0.0,15369.433837890625,13.908989898543552,1105.0,0.0,451.2304382324219,0.40835333776689764,0,0,00,#f3f3f3,1,10,#b4d3e1
689,480291720041,G48002901720041,48,029,172004,1,480291720041,Block Group 1,G5030,S,23479143.0,48265.0,+29.4937936,-098.7632605,21924.1962367,23527409.0981,48,029,172004,1,0.6292012653222618,44228.0,26141.0,0.0,1032317.3418253397,39.49035392010021,26177.0,0.0,54435607.988429666,2079.5204946491067,26196.0,0.0,408867.806640625,15.608024379318408,26196.0,0.0,117591.490234375,4.488910147899489,26196.0,0.0,3556.908401489258,0.13578059251371422,26196.0,0.0,277685.3564453125,10.60029609273601,26196.0,0.0,10034.055725097656,0.38303770518772545,0,0,00,#f3f3f3,0,00,#f3f3f3
690,480291720051,G48002901720051,48,029,172005,1,480291720051,Block Group 1,G5030,S,3765904.0,369.0,+29.4917683,-098.7204410,8324.00410479,3766278.449,48,029,172005,1,0.6244060064626498,46211.0,4185.0,0.0,179265.66315046657,42.835283906921525,4179.0,0.0,359122.45075798035,85.93502052117262,4176.0,0.0,80592.57275390625,19.298987728425825,4176.0,0.0,18372.085571289062,4.399445778565388,4176.0,0.0,639.3375148773193,0.15309806390740405,4176.0,0.0,60295.89990234375,14.438673348262393,4176.0,0.0,1285.255126953125,0.307771821588392,0,1,01,#f3e6b3,0,01,#f3e6b3
691,480291720052,G48002901720052,48,029,172005,2,480291720052,Block Group 2,G5030,S,2093158.0,0.0,+29.4938046,-098.7366501,6699.82646328,2093160.40197,48,029,172005,2,0.8102694828841952,36178.0,2326.0,0.0,98217.76085739945,42.226036482114985,2343.0,0.0,154632.70162963867,65.99773863834344,2329.0,0.0,42909.53125,18.42401513525118,2329.0,0.0,8206.209106445312,3.523490384905673,2329.0,0.0,75.05620241165161,0.032226793650344185,2329.0,0.0,34142.248046875,14.659617023132245,2329.0,0.0,486.02059173583984,0.208682091771507,1,0,10,#b4d3e1,0,00,#f3f3f3
692,480291720061,G48002901720061,48,029,172006,1,480291720061,Block Group 1,G5030,S,17336695.0,6686.0,+29.4468611,-098.7861850,19082.9256479,17343383.2877,48,029,172006,1,0.7870953237410072,39894.0,19289.0,0.0,733497.8495786298,38.02674319968012,19246.0,0.0,31329557.90301162,1627.847755534221,19247.0,0.0,334256.37286376953,17.3666739161308,19247.0,0.0,117793.04560852051,6.1200730300057415,19247.0,0.0,3023.5619748830795,0.15709263650870678,19247.0,0.0,201307.9239501953,10.459184493697476,19247.0,0.0,12131.826137542725,0.6303229665684379,1,0,10,#b4d3e1,0,00,#f3f3f3
693,480291720063,G48002901720063,48,029,172006,3,480291720063,Block Group 3,G5030,S,16922735.0,3576.0,+29.5028715,-098.7937355,26481.6777522,16926309.766,48,029,172006,3,0.8166409861325116,34841.0,18806.0,0.0,723359.0836205268,38.46427116986742,18804.0,0.0,32264892.66390133,1715.8526198628658,18786.0,0.0,320029.44189453125,17.035528685964614,18786.0,0.0,103542.24493408203,5.511670655492496,18786.0,0.0,4478.573707580566,0.2383995372926949,18786.0,0.0,202336.1610107422,10.770582402360384,18786.0,0.0,9672.464744567871,0.5148762240268216,1,0,10,#b4d3e1,0,00,#f3f3f3
694,480291720081,G48002901720081,48,029,172008,1,480291720081,Block Group 1,G5030,S,5479454.0,0.0,+29.4751236,-098.7230674,9268.20581776,5479454.13359,48,029,172008,1,0.6396135265700483,50696.0,6097.0,0.0,253058.51187970885,41.50541444640132,6091.0,0.0,4747494.2113342285,779.4277148800244,6093.0,0.0,112568.64306640625,18.47507682035225,6093.0,0.0,27325.15560913086,4.484680060582777,6093.0,0.0,646.5628528594971,0.10611568239939226,6093.0,0.0,82489.02893066406,13.53832741353423,6093.0,0.0,2107.895778656006,0.3459536810530126,0,0,00,#f3f3f3,0,00,#f3f3f3
695,480291720091,G48002901720091,48,029,172009,1,480291720091,Block Group 1,G5030,S,275763.0,0.0,+29.4315903,-098.7407222,2989.74487662,275762.837595,48,029,172009,1,0.7485148514851485,30059.0,314.0,0.0,13203.098059890934,42.04808299328323,311.0,0.0,24075.594347000122,77.41348664630264,297.0,0.0,3730.421875,12.560343013468014,297.0,0.0,875.0704345703125,2.9463650995633417,297.0,0.0,0.0,0.0,297.0,0.0,2787.49755859375,9.385513665298822,297.0,0.0,67.85408782958984,0.2284649421871712,1,0,10,#b4d3e1,1,10,#b4d3e1
696,480291720092,G48002901720092,48,029,172009,2,480291720092,Block Group 2,G5030,S,5250955.0,1714.0,+29.4528853,-098.7229965,9831.12948139,5252667.30896,48,029,172009,2,0.6309125656951744,53100.0,5850.0,0.0,236967.65798187256,40.50729196271326,5810.0,0.0,3660817.018218994,630.0889876452658,5815.0,0.0,109266.50170898438,18.790456011863178,5815.0,0.0,26658.85089111328,4.584497143785603,5815.0,0.0,558.2700214385986,0.0960051627581425,5815.0,0.0,79968.84204101562,13.752165441275258,5815.0,0.0,2080.5428924560547,0.3577889754868538,0,0,00,#f3f3f3,0,00,#f3f3f3
697,480291720093,G48002901720093,48,029,172009,3,480291720093,Block Group 3,G5030,S,4160450.0,3327.0,+29.4490946,-098.7498419,9188.99516632,4163776.59972,48,029,172009,3,0.5354466858789626,39309.0,4623.0,0.0,183616.13930511475,39.71796221179207,4630.0,0.0,7245217.896820068,1564.8418783628658,4629.0,0.0,72360.32403564453,15.631955937706747,4629.0,0.0,20318.640228271484,4.3894232508687585,4629.0,0.0,493.4993667602539,0.10661036222947805,4629.0,0.0,49750.7734375,10.747628740008642,4629.0,0.0,1797.4138841629028,0.3882942069913378,0,0,00,#f3f3f3,0,00,#f3f3f3
698,480291720094,G48002901720094,48,029,172009,4,480291720094,Block Group 4,G5030,S,533767.0,0.0,+29.4344167,-098.7437125,3578.56802055,533767.390568,48,029,172009,4,0.8087919942816297,29567.0,586.0,0.0,24373.89819553837,41.59368292753988,594.0,0.0,56143.753244400024,94.51810310505054,597.0,0.0,8080.2630615234375,13.534778997526695,597.0,0.0,1683.7021179199219,2.820271554304727,597.0,0.0,0.0,0.0,597.0,0.0,6281.818634033203,10.52230926973736,597.0,0.0,114.7420244216919,0.19219769584873014,1,0,10,#b4d3e1,1,10,#b4d3e1
699,480291801011,G48002901801011,48,029,180101,1,480291801011,Block Group 1,G5030,S,503502.0,6569.0,+29.4602189,-098.5420296,3671.19662823,510071.124601,48,029,180101,1,0.8258426966292135,33024.0,567.0,0.0,24510.714931488037,43.22877412960853,570.0,0.0,40326.117736816406,70.7475749768709,562.0,0.0,17214.005859375,30.629903664368328,562.0,0.0,2832.18310546875,5.039471717915926,562.0,0.0,7.35125732421875,0.01308052904665258,562.0,0.0,14244.2890625,25.345710075622776,562.0,0.0,130.1818389892578,0.23164028289903527,1,2,12,#b36600,0,02,#f3b300
700,480291801012,G48002901801012,48,029,180101,2,480291801012,Block Group 2,G5030,S,617916.0,0.0,+29.4565517,-098.5302916,3521.99321752,617916.14344,48,029,180101,2,0.8606911447084233,33666.0,688.0,0.0,29731.562492370605,43.21448036681774,685.0,0.0,62102.57244873047,90.66068970617587,688.0,0.0,18090.37060546875,26.294143321902254,688.0,0.0,3200.4981689453125,4.651886873467024,688.0,0.0,24.099162817001343,0.035027852931687996,688.0,0.0,14699.59716796875,21.36569355809411,688.0,0.0,166.17459869384766,0.24153284693873206,1,2,12,#b36600,0,02,#f3b300
701,480291801013,G48002901801013,48,029,180101,3,480291801013,Block Group 3,G5030,S,308443.0,15063.0,+29.4570488,-098.5442199,3139.72847605,323504.684994,48,029,180101,3,0.9717868338557993,29406.0,359.0,0.0,15539.954109191895,43.28678024844539,356.0,0.0,17586.31005859375,49.39974735560042,363.0,0.0,9338.294921875,25.72533036329201,363.0,0.0,1603.4873046875,4.417320398588155,363.0,0.0,8.732401847839355,0.024056203437573982,363.0,0.0,7647.4140625,21.067256370523417,363.0,0.0,78.6612548828125,0.21669767185347796,2,2,22,#000000,1,12,#b36600
702,480291801014,G48002901801014,48,029,180101,4,480291801014,Block Group 4,G5030,S,286473.0,0.0,+29.4597231,-098.5293992,2963.67927432,286471.927215,48,029,180101,4,0.6973684210526316,28013.0,317.0,0.0,13690.365287780762,43.18727220120114,319.0,0.0,32427.653900146484,101.65408746127424,317.0,0.0,8660.369140625,27.31977646884858,317.0,0.0,1610.0377197265625,5.078983342986001,317.0,0.0,0.35642457008361816,0.0011243677289704043,317.0,0.0,6955.818359375,21.942644666798106,317.0,0.0,94.15530395507812,0.29701988629362186,1,2,12,#b36600,1,12,#b36600
703,480291801015,G48002901801015,48,029,180101,5,480291801015,Block Group 5,G5030,S,274463.0,0.0,+29.4618398,-098.5291156,2786.84820954,274462.756976,48,029,180101,5,0.4460093896713615,28321.0,305.0,0.0,13173.837043762207,43.19290834020396,307.0,0.0,29848.89275741577,97.22766370493737,305.0,0.0,8113.244140625,26.600800461065575,305.0,0.0,1494.690185546875,4.900623559170082,305.0,0.0,3.5196926593780518,0.011539975932387056,305.0,0.0,6530.01953125,21.409900102459016,305.0,0.0,85.01470947265625,0.27873675236936474,0,2,02,#f3b300,1,12,#b36600
704,480291801016,G48002901801016,48,029,180101,6,480291801016,Block Group 6,G5030,S,431601.0,0.0,+29.4627948,-098.5432721,3508.61975101,431600.758016,48,029,180101,6,0.7934210526315789,20761.0,483.0,0.0,20863.98253250122,43.19665120600667,479.0,0.0,40123.134704589844,83.76437307847567,479.0,0.0,14525.293884277344,30.324204351309696,479.0,0.0,2414.085250854492,5.039843947504159,479.0,0.0,4.9008378982543945,0.010231394359612515,479.0,0.0,11993.087036132812,25.03775999192654,479.0,0.0,113.22232866287231,0.23637229365944115,1,2,12,#b36600,2,22,#000000
705,480291801021,G48002901801021,48,029,180102,1,480291801021,Block Group 1,G5030,S,436974.0,0.0,+29.4651067,-098.5298190,3086.14690998,436971.521256,48,029,180102,1,0.6904512067156348,57533.0,483.0,0.0,20870.030643463135,43.209173174871914,482.0,0.0,40660.38631820679,84.35764796308462,487.0,0.0,11948.816650390625,24.53555780367685,487.0,0.0,2293.2586059570312,4.708949909562692,487.0,0.0,7.974999904632568,0.016375769824707533,487.0,0.0,9509.48046875,19.5266539399384,487.0,0.0,138.10204315185547,0.2835770906608942,1,2,12,#b36600,0,02,#f3b300
706,480291801022,G48002901801022,48,029,180102,2,480291801022,Block Group 2,G5030,S,612581.0,0.0,+29.4661394,-098.5417467,3695.46585994,612582.826225,48,029,180102,2,0.8276269185360094,31617.0,680.0,0.0,29361.5248336792,43.1787129907047,682.0,0.0,57312.71067428589,84.03623266024324,682.0,0.0,16539.230682373047,24.25107138177866,682.0,0.0,3169.569999694824,4.647463342661033,682.0,0.0,49.56969904899597,0.072682843180346,682.0,0.0,13135.875701904297,19.26081481217639,682.0,0.0,184.2154245376587,0.27011059316372243,1,2,12,#b36600,1,12,#b36600
707,480291802011,G48002901802011,48,029,180201,1,480291802011,Block Group 1,G5030,S,727095.0,0.0,+29.4818201,-098.5339963,5060.49836764,727094.979309,48,029,180201,1,0.9016100178890877,22312.0,784.0,0.0,33992.49470901489,43.35777386353941,798.0,0.0,40642.81713104248,50.93084853514095,838.0,0.0,15995.265625,19.087429146778042,838.0,0.0,3187.533935546875,3.8037397798888724,838.0,0.0,73.46468162536621,0.08766668451714345,838.0,0.0,12528.0732421875,14.949968069436158,838.0,0.0,206.19326782226562,0.24605401888098524,2,2,22,#000000,1,12,#b36600
708,480291802012,G48002901802012,48,029,180201,2,480291802012,Block Group 2,G5030,S,265119.0,0.0,+29.4771542,-098.5304688,2341.82230399,265120.654699,48,029,180201,2,0.7745664739884393,30566.0,292.0,0.0,12638.027057647705,43.28091458098529,310.0,0.0,20304.7696685791,65.49925699541646,290.0,0.0,6576.41552734375,22.677294921875,290.0,0.0,1314.64501953125,4.533258688038793,290.0,0.0,3.4386870861053467,0.011857541676225334,290.0,0.0,5173.7177734375,17.840406115301725,290.0,0.0,84.6141357421875,0.2917728818696121,1,2,12,#b36600,1,12,#b36600
709,480291802013,G48002901802013,48,029,180201,3,480291802013,Block Group 3,G5030,S,401901.0,0.0,+29.4792152,-098.5374589,2864.0741018,401900.950399,48,029,180201,3,0.952776336274001,14689.0,463.0,0.0,20078.258556365967,43.36556923621159,442.0,0.0,20681.153522491455,46.789940096134515,433.0,0.0,4854.4127197265625,11.211114826158344,433.0,0.0,1192.606216430664,2.75428687397382,433.0,0.0,143.99932861328125,0.33256195984591513,433.0,0.0,3423.1737670898438,7.905713087967307,433.0,0.0,94.6335768699646,0.21855329531169654,2,2,22,#000000,2,22,#000000
710,480291802014,G48002901802014,48,029,180201,4,480291802014,Block Group 4,G5030,S,605010.0,0.0,+29.4723219,-098.5297332,3204.40617197,605010.466882,48,029,180201,4,0.8979000724112962,22522.0,662.0,0.0,28639.801177978516,43.262539543774196,672.0,0.0,40172.56509780884,59.780602824120294,673.0,0.0,14552.48828125,21.62331096768202,673.0,0.0,2875.243896484375,4.272279192398774,673.0,0.0,24.33002758026123,0.03615160115937776,673.0,0.0,11475.99853515625,17.052003766948367,673.0,0.0,176.91629028320312,0.26287710294681,2,2,22,#000000,1,12,#b36600
711,480291802021,G48002901802021,48,029,180202,1,480291802021,Block Group 1,G5030,S,492842.0,0.0,+29.4801354,-098.5468328,2900.85952425,492841.60837,48,029,180202,1,0.8413078149920256,23186.0,545.0,0.0,23573.30644607544,43.25377329555126,549.0,0.0,41064.88140487671,74.79941968101404,545.0,0.0,11873.963623046875,21.78708921659977,545.0,0.0,2341.3633422851562,4.296079527128727,545.0,0.0,3.783437490463257,0.0069420871384646915,545.0,0.0,9380.820129394531,17.212513998889047,545.0,0.0,147.99840354919434,0.2715567037599896,1,2,12,#b36600,1,12,#b36600
712,480291802022,G48002901802022,48,029,180202,2,480291802022,Block Group 2,G5030,S,549494.0,0.0,+29.4754177,-098.5408645,3331.07305485,549494.867012,48,029,180202,2,0.9315931593159316,41769.0,611.0,0.0,26433.016078948975,43.26189210957279,612.0,0.0,37929.33748626709,61.97604164422727,612.0,0.0,12942.319152832031,21.14758031508502,612.0,0.0,2599.2073974609375,4.247070910883885,612.0,0.0,7.511600017547607,0.012273856237822888,612.0,0.0,10169.623901367188,16.617032518573836,612.0,0.0,165.97549629211426,0.2712017913269841,2,2,22,#000000,0,02,#f3b300
713,480291802023,G48002901802023,48,029,180202,3,480291802023,Block Group 3,G5030,S,465762.0,0.0,+29.4695797,-098.5358513,3431.89631287,465762.973054,48,029,180202,3,0.8902550091074681,18689.0,519.0,0.0,22436.688228607178,43.23061315723926,517.0,0.0,31140.223209381104,60.23254005682999,518.0,0.0,12012.1181640625,23.189417305139962,518.0,0.0,2981.61083984375,5.756005482323841,518.0,0.0,50.79526901245117,0.09806036488890188,518.0,0.0,8790.03125,16.9691722972973,518.0,0.0,189.6801300048828,0.3661778571522834,2,2,22,#000000,2,22,#000000
714,480291802024,G48002901802024,48,029,180202,4,480291802024,Block Group 4,G5030,S,487296.0,0.0,+29.4714759,-098.5447729,3226.94369261,487295.687633,48,029,180202,4,0.6765327695560254,38729.0,542.0,0.0,23393.165328979492,43.16082164018356,541.0,0.0,45403.137798309326,83.92446912811336,541.0,0.0,15346.080078125,28.36613692814233,541.0,0.0,3123.4815063476562,5.773533283452229,541.0,0.0,4.832697868347168,0.008932898093063158,541.0,0.0,12003.78466796875,22.188141715284196,541.0,0.0,213.98240661621094,0.39553125067691486,0,2,02,#f3b300,0,02,#f3b300
715,480291803001,G48002901803001,48,029,180300,1,480291803001,Block Group 1,G5030,S,445038.0,0.0,+29.4694518,-098.5515720,3122.08029672,445038.049064,48,029,180300,1,0.9467723669309174,18352.0,498.0,0.0,21485.569549560547,43.14371395494086,493.0,0.0,37733.078758239746,76.53768510799136,493.0,0.0,13207.963069915771,26.79100014181698,493.0,0.0,2167.08909034729,4.39571823599856,493.0,0.0,13.317317962646484,0.02701281534005372,493.0,0.0,10924.316579818726,22.158857159875712,493.0,0.0,103.24063503742218,0.20941305281424377,2,2,22,#000000,2,22,#000000
716,480291803002,G48002901803002,48,029,180300,2,480291803002,Block Group 2,G5030,S,773851.0,0.0,+29.4617098,-098.5535449,3663.14336629,773851.392354,48,029,180300,2,0.894592744695414,18558.0,857.0,0.0,37070.89531707764,43.25658730114077,861.0,0.0,44831.14448928833,52.06869278662988,864.0,0.0,21389.171875,24.755985966435187,864.0,0.0,3716.852783203125,4.301912943522136,864.0,0.0,8.79720687866211,0.010181952405858922,864.0,0.0,17466.22412109375,20.21553717719184,864.0,0.0,197.2984390258789,0.22835467479847096,2,2,22,#000000,2,22,#000000
717,480291803003,G48002901803003,48,029,180300,3,480291803003,Block Group 3,G5030,S,612425.0,0.0,+29.4655151,-098.5606628,3385.72792185,612424.463293,48,029,180300,3,0.9836956521739131,13182.0,682.0,0.0,29462.35057449341,43.19992752858271,681.0,0.0,40404.40128707886,59.33098573726704,682.0,0.0,18609.7744140625,27.28705925815616,682.0,0.0,3174.0664672851562,4.654056403643924,682.0,0.0,0.5346368551254272,0.0007839250075152893,682.0,0.0,15275.08984375,22.397492439516128,682.0,0.0,160.0842742919922,0.23472767491494456,2,2,22,#000000,2,22,#000000
718,480291803004,G48002901803004,48,029,180300,4,480291803004,Block Group 4,G5030,S,833510.0,0.0,+29.4709228,-098.5620546,4473.01559762,833509.949133,48,029,180300,4,0.8739054290718038,55243.0,927.0,0.0,39966.47680282593,43.11378295881977,926.0,0.0,86976.61894226074,93.92723427889929,922.0,0.0,22151.6845703125,24.025688254135034,922.0,0.0,3977.200469970703,4.31366645333048,922.0,0.0,57.695515632629395,0.06257648116337244,922.0,0.0,17885.40966796875,19.39849204768845,922.0,0.0,231.37909317016602,0.2509534633082061,1,1,11,#b3b3b3,0,01,#f3e6b3
719,480291804001,G48002901804001,48,029,180400,1,480291804001,Block Group 1,G5030,S,1027153.0,0.0,+29.4654664,-098.5732096,4723.56480951,1027154.87414,48,029,180400,1,0.9649965682910089,17652.0,1146.0,0.0,49383.89437484741,43.09240346845324,1140.0,0.0,123450.69261550903,108.29008124167459,1136.0,0.0,25731.140625,22.65065195862676,1136.0,0.0,5006.6834716796875,4.407291788450429,1136.0,0.0,9.153630495071411,0.008057773323126242,1136.0,0.0,20393.71044921875,17.952209902481293,1136.0,0.0,321.5933303833008,0.2830927204078352,2,1,21,#376387,2,21,#376387
720,480291804002,G48002901804002,48,029,180400,2,480291804002,Block Group 2,G5030,S,689798.0,0.0,+29.4604723,-098.5636695,4099.49489155,689797.804129,48,029,180400,2,0.9570673712021136,11695.0,763.0,0.0,33019.60265350342,43.27601920511588,766.0,0.0,34312.2008934021,44.79399594438917,772.0,0.0,16075.361328125,20.823006901716322,772.0,0.0,2999.4325790405273,3.8852753614514604,772.0,0.0,0.0,0.0,772.0,0.0,12898.795471191406,16.70828428910804,772.0,0.0,177.13221645355225,0.2294458762351713,2,2,22,#000000,2,22,#000000
721,480291804003,G48002901804003,48,029,180400,3,480291804003,Block Group 3,G5030,S,464731.0,0.0,+29.4597785,-098.5763941,3404.7414727,464731.603698,48,029,180400,3,1.0,19734.0,521.0,0.0,22470.548248291016,43.12965114835128,528.0,0.0,51973.91271209717,98.43544074260828,512.0,0.0,12307.0517578125,24.03721046447754,512.0,0.0,2191.056640625,4.279407501220703,512.0,0.0,0.0,0.0,512.0,0.0,9989.5,19.5107421875,512.0,0.0,126.49578094482422,0.2470620721578598,2,1,21,#376387,2,21,#376387
722,480291805011,G48002901805011,48,029,180501,1,480291805011,Block Group 1,G5030,S,690068.0,0.0,+29.4734409,-098.5835876,3884.86163821,690068.061402,48,029,180501,1,0.8954332052923603,12498.0,767.0,0.0,32913.74521620308,42.91231449309398,765.0,0.0,182225.41506195068,238.20315694372638,765.0,0.0,16957.7060546875,22.166936019199348,765.0,0.0,4609.36328125,6.02531147875817,765.0,0.0,21.680906295776367,0.028341053981407016,765.0,0.0,11963.85205078125,15.639022288602941,765.0,0.0,362.80970764160156,0.47426105574065563,2,1,21,#376387,2,21,#376387
723,480291805012,G48002901805012,48,029,180501,2,480291805012,Block Group 2,G5030,S,684409.0,0.0,+29.4671063,-098.5829444,3309.47046367,684409.974177,48,029,180501,2,0.8957703927492447,32175.0,761.0,0.0,32673.592441558838,42.93507548168047,760.0,0.0,143328.12321472168,188.58963580884432,758.0,0.0,18848.762817382812,24.866441711586823,758.0,0.0,3593.3386840820312,4.740552353670226,758.0,0.0,0.0,0.0,758.0,0.0,15027.812866210938,19.82561064143923,758.0,0.0,227.60980033874512,0.3002767814495318,2,1,21,#376387,1,11,#b3b3b3
724,480291805013,G48002901805013,48,029,180501,3,480291805013,Block Group 3,G5030,S,591845.0,0.0,+29.4676520,-098.5907072,3215.45076624,591845.980356,48,029,180501,3,0.953125,20117.0,661.0,0.0,28391.10680770874,42.95175008730521,663.0,0.0,146260.4280014038,220.60396380302234,648.0,0.0,16603.159912109375,25.62216035819348,648.0,0.0,3305.7303924560547,5.101435790827245,648.0,0.0,0.0,0.0,648.0,0.0,13081.477569580078,20.187465385154443,648.0,0.0,215.951340675354,0.3332582417829537,2,1,21,#376387,2,21,#376387
725,480291805014,G48002901805014,48,029,180501,4,480291805014,Block Group 4,G5030,S,1186383.0,0.0,+29.4713913,-098.5964714,5013.67856884,1186382.42064,48,029,180501,4,0.904550499445061,14752.0,1303.0,0.0,56107.98198817423,43.06061549361031,1325.0,0.0,249183.08045578003,188.06270223077738,1330.0,0.0,27312.6171875,20.535802396616543,1330.0,0.0,5177.067626953125,3.8925320503406953,1330.0,0.0,142.53647232055664,0.10717027994026815,1330.0,0.0,21662.13720703125,16.287321208294173,1330.0,0.0,330.8766555786133,0.24877944028467164,2,1,21,#376387,2,21,#376387
726,480291805031,G48002901805031,48,029,180503,1,480291805031,Block Group 1,G5030,S,442005.0,27488.0,+29.4615311,-098.6008164,3324.07328535,469490.525354,48,029,180503,1,0.8353909465020576,15222.0,535.0,0.0,23065.515769958496,43.11311358870747,526.0,0.0,16759.684022903442,31.862517153808827,520.0,0.0,12738.65771484375,24.497418682391828,520.0,0.0,2213.254364013672,4.256258392333985,520.0,0.0,17.49315595626831,0.033640684531285214,520.0,0.0,10393.875610351562,19.988222327599157,520.0,0.0,114.0341567993164,0.21929645538330078,1,1,11,#b3b3b3,2,21,#376387
727,480291805032,G48002901805032,48,029,180503,2,480291805032,Block Group 2,G5030,S,557993.0,35221.0,+29.4606047,-098.5946847,3230.46150694,593214.668775,48,029,180503,2,0.9060066740823137,18273.0,647.0,0.0,27902.026931762695,43.12523482498098,659.0,0.0,30634.27108192444,46.485995571964246,669.0,0.0,13848.59701538086,20.70044396917916,669.0,0.0,2524.4762058258057,3.773507034119291,669.0,0.0,7.833240270614624,0.01170887932827298,669.0,0.0,11175.730239868164,16.70512741385376,669.0,0.0,140.55533909797668,0.21009766681311912,2,1,21,#376387,2,21,#376387
728,480291805033,G48002901805033,48,029,180503,3,480291805033,Block Group 3,G5030,S,807002.0,0.0,+29.4596528,-098.5866478,3871.42022724,807001.965333,48,029,180503,3,0.930405019965773,20694.0,907.0,0.0,39086.390171051025,43.09414572331976,895.0,0.0,75414.70597267151,84.26224131024749,894.0,0.0,21905.03515625,24.502276461129753,894.0,0.0,3886.267333984375,4.347055183427712,894.0,0.0,0.0,0.0,894.0,0.0,17803.580078125,19.9145191030481,894.0,0.0,215.18893432617188,0.24070350595768666,2,1,21,#376387,2,21,#376387
729,480291805041,G48002901805041,48,029,180504,1,480291805041,Block Group 1,G5030,S,725289.0,0.0,+29.4523483,-098.5856215,3697.57387968,725288.363686,48,029,180504,1,0.9415650406504065,14359.0,801.0,0.0,34586.02186584473,43.178554139631366,793.0,0.0,24697.442593574524,31.144316007029666,796.0,0.0,20424.144775390625,25.658473335917872,796.0,0.0,3372.723602294922,4.237089952631812,796.0,0.0,1.5148043632507324,0.0019030205568476538,796.0,0.0,16889.92138671875,21.21849420442054,796.0,0.0,159.98441886901855,0.20098545084047556,2,2,22,#000000,2,22,#000000
730,480291805042,G48002901805042,48,029,180504,2,480291805042,Block Group 2,G5030,S,950203.0,68501.0,+29.4524327,-098.5954400,4150.03970588,1018704.68707,48,029,180504,2,0.9306930693069306,13930.0,1165.0,0.0,50133.629249572754,43.033158154139706,1166.0,0.0,39064.15193557739,33.502703203754194,1145.0,0.0,21862.970336914062,19.09429723747953,1145.0,0.0,4111.273986816406,3.5906323028964247,1145.0,0.0,26.71159338951111,0.02332890252359049,1145.0,0.0,17485.509155273438,15.271187035173307,1145.0,0.0,239.47844123840332,0.2091514770641077,2,1,21,#376387,2,21,#376387
731,480291806021,G48002901806021,48,029,180602,1,480291806021,Block Group 1,G5030,S,353713.0,0.0,+29.4816332,-098.5554169,3723.65732396,353712.96636,48,029,180602,1,0.7049335863377609,24745.0,398.0,0.0,17174.655847579947,43.15240162708529,390.0,0.0,40252.61446380615,103.21183195847732,394.0,0.0,11134.19873046875,28.25938764078363,394.0,0.0,1948.98486328125,4.94666208954632,394.0,0.0,2.2938876152038574,0.005822049784781364,394.0,0.0,9080.528564453125,23.047026813332806,394.0,0.0,102.39188766479492,0.2598778874740988,1,2,12,#b36600,1,12,#b36600
732,480291806022,G48002901806022,48,029,180602,2,480291806022,Block Group 2,G5030,S,451349.0,0.0,+29.4762497,-098.5520807,2913.48522314,451351.645518,48,029,180602,2,0.7417165668662675,30689.0,503.0,0.0,21695.057865142822,43.131327763703425,504.0,0.0,46619.37747192383,92.49876482524569,501.0,0.0,12891.013305664062,25.73056548036739,501.0,0.0,3025.7474365234375,6.039416040964945,501.0,0.0,2.997206687927246,0.005982448478896699,501.0,0.0,9631.68489074707,19.224919941610917,501.0,0.0,230.5837709903717,0.46024704788497345,1,1,11,#b3b3b3,1,11,#b3b3b3
733,480291806023,G48002901806023,48,029,180602,3,480291806023,Block Group 3,G5030,S,655766.0,0.0,+29.4766998,-098.5596037,4910.5904856,655765.587311,48,029,180602,3,0.8850325379609545,40585.0,722.0,0.0,31104.629322052002,43.08120404716344,729.0,0.0,92823.59875488281,127.3300394442837,731.0,0.0,20075.89235687256,27.463601035393378,731.0,0.0,3453.772810935974,4.724723407573152,731.0,0.0,0.7128491401672363,0.0009751698223902002,731.0,0.0,16438.750061035156,22.48803017925466,731.0,0.0,182.65610510110855,0.24987155280589404,2,1,21,#376387,0,01,#f3e6b3
734,480291806031,G48002901806031,48,029,180603,1,480291806031,Block Group 1,G5030,S,941198.0,0.0,+29.4848997,-098.5838637,4469.87028058,941199.870047,48,029,180603,1,0.7439339184305627,28040.0,1042.0,0.0,44813.36425709307,43.007067425233274,1045.0,0.0,192166.42406463623,183.89131489438873,1049.0,0.0,22300.130126953125,21.2584653259801,1049.0,0.0,5056.960693359375,4.820744226272045,1049.0,0.0,81.71271419525146,0.0778958190612502,1049.0,0.0,16794.952514648438,16.010440910055706,1049.0,0.0,366.5033264160156,0.3493835332850483,1,1,11,#b3b3b3,1,11,#b3b3b3
735,480291806041,G48002901806041,48,029,180604,1,480291806041,Block Group 1,G5030,S,904299.0,0.0,+29.4764350,-098.5683498,4543.72084122,904300.514468,48,029,180604,1,0.8207225630538514,33312.0,1011.0,0.0,43527.88833091189,43.054291128498406,1002.0,0.0,149622.62650299072,149.32397854589894,999.0,0.0,26805.89453125,26.83272725850851,999.0,0.0,4728.971435546875,4.7337051406875625,999.0,0.0,2.4301676750183105,0.0024326002752936044,999.0,0.0,21816.450439453125,21.838288728181308,999.0,0.0,258.04249382019043,0.25830079461480526,1,1,11,#b3b3b3,0,01,#f3e6b3
736,480291806042,G48002901806042,48,029,180604,2,480291806042,Block Group 2,G5030,S,743196.0,0.0,+29.4873165,-098.5606336,4375.75044418,743196.594413,48,029,180604,2,0.9150253235790659,17621.0,825.0,0.0,35619.395514246324,43.17502486575312,820.0,0.0,84159.08805465698,102.63303421299632,832.0,0.0,18636.569732666016,22.399723236377422,832.0,0.0,3609.9380264282227,4.338867820226229,832.0,0.0,17.323284149169922,0.02082125498698308,832.0,0.0,14794.2734375,17.781578650841347,832.0,0.0,215.03489542007446,0.25845540314912796,2,2,22,#000000,2,22,#000000
737,480291806043,G48002901806043,48,029,180604,3,480291806043,Block Group 3,G5030,S,886238.0,0.0,+29.4855392,-098.5721291,4232.9900966,886239.980692,48,029,180604,3,0.7239382239382239,27755.0,987.0,0.0,42525.816142400115,43.085933274974785,985.0,0.0,158553.13228607178,160.9676469909358,986.0,0.0,23780.385498046875,24.118038030473503,986.0,0.0,6534.775718688965,6.627561580820451,986.0,0.0,10.76611852645874,0.010918984306753286,986.0,0.0,16825.278381347656,17.064176857350564,986.0,0.0,409.5640239715576,0.41537933465675214,1,1,11,#b3b3b3,1,11,#b3b3b3
738,480291806044,G48002901806044,48,029,180604,4,480291806044,Block Group 4,G5030,S,700859.0,0.0,+29.4774960,-098.5742917,3922.65032499,700859.215104,48,029,180604,4,0.9789555728760717,34488.0,776.0,0.0,33360.471762907706,42.990298663540855,784.0,0.0,127701.52964019775,162.8846041329053,781.0,0.0,20328.762908935547,26.029145850109536,781.0,0.0,3822.9685974121094,4.894966193869538,781.0,0.0,22.35801887512207,0.028627424936135813,781.0,0.0,16256.996643066406,20.81561670046915,781.0,0.0,226.43998336791992,0.2899359582175671,2,1,21,#376387,0,01,#f3e6b3
739,480291806045,G48002901806045,48,029,180604,5,480291806045,Block Group 5,G5030,S,571062.0,0.0,+29.4790669,-098.5804464,3399.34493985,571060.667423,48,029,180604,5,0.7861799217731421,24080.0,634.0,0.0,27194.79051150292,42.89399134306454,636.0,0.0,145792.827835083,229.23400603000474,636.0,0.0,16380.187316894531,25.75501150455115,636.0,0.0,3303.5336303710938,5.194235267879078,636.0,0.0,12.125822067260742,0.019065757967391104,636.0,0.0,12847.555297851562,20.200558644420695,636.0,0.0,216.9713716506958,0.3411499554256223,1,1,11,#b3b3b3,1,11,#b3b3b3
740,480291807011,G48002901807011,48,029,180701,1,480291807011,Block Group 1,G5030,S,1323238.0,0.0,+29.4949659,-098.5622218,4514.93560591,1323237.49219,48,029,180701,1,0.70926243567753,37013.0,1470.0,0.0,63184.85927997732,42.982897469372325,1473.0,0.0,327167.08433532715,222.10935800090098,1468.0,0.0,35880.922607421875,24.442045372903184,1468.0,0.0,8399.073181152344,5.721439496697782,1468.0,0.0,37.31093454360962,0.02541616794523816,1468.0,0.0,26837.317626953125,18.281551516998043,1468.0,0.0,607.2195320129395,0.41363728338756095,1,1,11,#b3b3b3,0,01,#f3e6b3
741,480291807012,G48002901807012,48,029,180701,2,480291807012,Block Group 2,G5030,S,1588928.0,9486.0,+29.5007468,-098.5700229,5158.99652219,1598414.04214,48,029,180701,2,0.6896819239720714,25174.0,1779.0,0.0,76164.68743912567,42.81320260771538,1777.0,0.0,398661.01082611084,224.34496951384966,1779.0,0.0,34178.41082763672,19.21214773897511,1779.0,0.0,10263.459564208984,5.769229659476664,1779.0,0.0,442.8938751220703,0.2489566470613099,1779.0,0.0,22587.958618164062,12.69699753691066,1779.0,0.0,884.0999488830566,0.49696455811301665,1,1,11,#b3b3b3,1,11,#b3b3b3
742,480291807021,G48002901807021,48,029,180702,1,480291807021,Block Group 1,G5030,S,978533.0,0.0,+29.4980463,-098.5832205,4319.19846565,978532.742901,48,029,180702,1,0.8058536585365854,16779.0,1082.0,0.0,46358.4620659387,42.84515902582135,1079.0,0.0,211459.73127746582,195.9775081348154,1090.0,0.0,25899.36572265625,23.760885984088304,1090.0,0.0,6342.044189453125,5.818389164635894,1090.0,0.0,0.0,0.0,1090.0,0.0,19069.1923828125,17.494671910837155,1090.0,0.0,488.1300964355469,0.4478257765463733,1,1,11,#b3b3b3,2,21,#376387
743,480291807022,G48002901807022,48,029,180702,2,480291807022,Block Group 2,G5030,S,751368.0,0.0,+29.4929466,-098.5746123,3764.07128184,751365.897817,48,029,180702,2,0.7721369539551357,27389.0,837.0,0.0,36019.68504364706,43.03427125883759,839.0,0.0,129694.68663024902,154.58246320649465,835.0,0.0,19081.23779296875,22.85178178798653,835.0,0.0,3737.40576171875,4.475935043974551,835.0,0.0,107.29570388793945,0.12849784896759217,835.0,0.0,15002.091552734375,17.966576709861528,835.0,0.0,234.44451141357422,0.2807718699563763,1,1,11,#b3b3b3,1,11,#b3b3b3
744,480291807023,G48002901807023,48,029,180702,3,480291807023,Block Group 3,G5030,S,620071.0,0.0,+29.4893044,-098.5864533,3820.52640255,620071.325582,48,029,180702,3,0.7194860813704497,25810.0,692.0,0.0,29787.47634006471,43.045486040555936,691.0,0.0,96894.38990020752,140.22342966744938,690.0,0.0,12985.21923828125,18.819158316349636,690.0,0.0,2784.122802734375,4.034960583673008,690.0,0.0,208.63560485839844,0.3023704418237659,690.0,0.0,9793.6220703125,14.193655174365942,690.0,0.0,198.83863830566406,0.2881719395734262,1,1,11,#b3b3b3,1,11,#b3b3b3
745,480291807024,G48002901807024,48,029,180702,4,480291807024,Block Group 4,G5030,S,227151.0,0.0,+29.4930782,-098.5878013,2611.0924157,227152.005052,48,029,180702,4,0.6606382978723404,23572.0,251.0,0.0,10774.330892188045,42.92562108441452,253.0,0.0,36119.66492462158,142.76547401036197,255.0,0.0,5015.873809814453,19.670093371821384,255.0,0.0,1835.8789596557617,7.199525331983379,255.0,0.0,1.677768588066101,0.006579484659082749,255.0,0.0,2998.0269165039062,11.756968300015318,255.0,0.0,180.2901086807251,0.7070200340420592,0,1,01,#f3e6b3,1,11,#b3b3b3
746,480291807025,G48002901807025,48,029,180702,5,480291807025,Block Group 5,G5030,S,410016.0,0.0,+29.4939676,-098.5922415,3196.28050907,410018.40149,48,029,180702,5,0.6350293542074363,45911.0,463.0,0.0,19838.649224853812,42.848054481325725,462.0,0.0,62774.671463012695,135.87591225760323,453.0,0.0,12580.852783203125,27.77230194967577,453.0,0.0,2430.0936584472656,5.364445162135244,453.0,0.0,1.292039155960083,0.0028521835672408015,453.0,0.0,9999.227172851562,22.073349167442743,453.0,0.0,150.23793601989746,0.3316510728916059,0,1,01,#f3e6b3,0,01,#f3e6b3
747,480291807026,G48002901807026,48,029,180702,6,480291807026,Block Group 6,G5030,S,313837.0,0.0,+29.4924198,-098.5973150,3696.69520185,313837.38579,48,029,180702,6,0.7776261937244202,17848.0,346.0,0.0,14873.219364949964,42.98618313569354,347.0,0.0,42959.04764556885,123.801290044867,349.0,0.0,5141.703125,14.73267371060172,349.0,0.0,1207.9825744628906,3.4612681216701735,349.0,0.0,0.5346368551254272,0.0015319107596717112,349.0,0.0,3838.636962890625,10.998959779056232,349.0,0.0,94.5491714477539,0.27091453136892235,1,1,11,#b3b3b3,2,21,#376387
748,480291808001,G48002901808001,48,029,180800,1,480291808001,Block Group 1,G5030,S,1022479.0,484.0,+29.4935324,-098.5484146,5373.97181199,1022963.96255,48,029,180800,1,0.6385281385281385,26365.0,1129.0,0.0,48990.30555254451,43.39265327949026,1142.0,0.0,52669.416872024536,46.120330010529365,1138.0,0.0,16630.415405273438,14.613721797252582,1138.0,0.0,4770.246643066406,4.191780881429179,1138.0,0.0,272.3100128173828,0.2392882362191413,1138.0,0.0,11229.695678710938,9.867922389025429,1138.0,0.0,358.16336250305176,0.314730547014984,0,2,02,#f3b300,1,12,#b36600
749,480291808002,G48002901808002,48,029,180800,2,480291808002,Block Group 2,G5030,S,753253.0,0.0,+29.4862932,-098.5528847,3918.79200826,753253.932823,48,029,180800,2,0.8374880153403643,24420.0,838.0,0.0,36267.44884482131,43.27857857377244,838.0,0.0,56193.683853149414,67.05690197273199,838.0,0.0,20081.095336914062,23.963120927105088,838.0,0.0,4460.455017089844,5.322738683878095,838.0,0.0,3.1797075271606445,0.003794400390406497,838.0,0.0,15299.163208007812,18.256758004782593,838.0,0.0,318.29723167419434,0.3798296320694443,1,2,12,#b36600,1,12,#b36600
750,480291809011,G48002901809011,48,029,180901,1,480291809011,Block Group 1,G5030,S,1042531.0,1682.0,+29.4882660,-098.5388520,4198.54607721,1044213.83287,48,029,180901,1,0.8664021164021164,26529.0,1164.0,0.0,50518.56534194946,43.40082933157171,1167.0,0.0,64806.65616989136,55.53269594677923,1137.0,0.0,24630.7890625,21.662963115655234,1137.0,0.0,7658.212890625,6.735455488676341,1137.0,0.0,96.26632118225098,0.0846669491488575,1137.0,0.0,16326.435546875,14.359222116864556,1137.0,0.0,549.8754119873047,0.48361953560888715,1,2,12,#b36600,1,12,#b36600
751,480291809012,G48002901809012,48,029,180901,2,480291809012,Block Group 2,G5030,S,544259.0,0.0,+29.5001134,-098.5395005,3004.58541513,544257.931373,48,029,180901,2,0.8355176933158585,17681.0,611.0,0.0,26403.90107345581,43.21424070942031,612.0,0.0,48356.16901397705,79.013348062054,610.0,0.0,14723.59619140625,24.137042936731557,610.0,0.0,2836.552490234375,4.650086049564549,610.0,0.0,0.0,0.0,610.0,0.0,11712.9599609375,19.20157370645492,610.0,0.0,174.08258819580078,0.28538129212426355,1,2,12,#b36600,2,22,#000000
752,480291809013,G48002901809013,48,029,180901,3,480291809013,Block Group 3,G5030,S,492333.0,0.0,+29.5045431,-098.5432165,3777.02015627,492330.079334,48,029,180901,3,0.7995824634655533,19509.0,548.0,0.0,23666.701583862305,43.18741164938377,548.0,0.0,48839.89516830444,89.12389629252635,540.0,0.0,9843.362461090088,18.22844900201868,540.0,0.0,2170.140884399414,4.01877941555447,540.0,0.0,25.344027757644653,0.04693338473637899,540.0,0.0,7498.041664123535,13.88526234096951,540.0,0.0,149.83565270900726,0.27747343094260607,1,2,12,#b36600,2,22,#000000
753,480291809014,G48002901809014,48,029,180901,4,480291809014,Block Group 4,G5030,S,348284.0,0.0,+29.5070923,-098.5372099,2553.77678752,348284.49001,48,029,180901,4,0.8386605783866058,25415.0,392.0,0.0,16904.430618286133,43.12354749562789,386.0,0.0,35195.8879776001,91.18105693678781,383.0,0.0,8277.114501953125,21.611265018154374,383.0,0.0,1603.6744079589844,4.187139446368105,383.0,0.0,0.0,0.0,383.0,0.0,6575.1533203125,17.167502141808093,383.0,0.0,98.28676986694336,0.2566234200181289,1,1,11,#b3b3b3,1,11,#b3b3b3
754,480291809015,G48002901809015,48,029,180901,5,480291809015,Block Group 5,G5030,S,383702.0,0.0,+29.4955688,-098.5402282,2960.34064057,383701.956676,48,029,180901,5,0.8859543817527011,19601.0,414.0,0.0,17928.109607696533,43.304612578977135,417.0,0.0,29078.051818847656,69.73153913392723,450.0,0.0,12049.830078125,26.77740017361111,450.0,0.0,2054.578369140625,4.565729709201389,450.0,0.0,7.262150764465332,0.01613811280992296,450.0,0.0,9887.2451171875,21.971655815972223,450.0,0.0,100.74492645263672,0.2238776143391927,2,2,22,#000000,2,22,#000000
755,480291809021,G48002901809021,48,029,180902,1,480291809021,Block Group 1,G5030,S,454380.0,0.0,+29.4928523,-098.5302953,2862.44838619,454378.355411,48,029,180902,1,0.9227799227799228,21017.0,502.0,0.0,21730.200744628906,43.28725247934045,500.0,0.0,22676.81089401245,45.3536217880249,490.0,0.0,11510.848205566406,23.491526950135523,490.0,0.0,2097.95613861084,4.281543140022122,490.0,0.0,1.2003121376037598,0.002449616607354612,490.0,0.0,9293.676300048828,18.96668632663026,490.0,0.0,118.01558303833008,0.24084812864965321,2,2,22,#000000,1,12,#b36600
756,480291809022,G48002901809022,48,029,180902,2,480291809022,Block Group 2,G5030,S,661811.0,0.0,+29.4870251,-098.5301726,3693.68036118,661809.704067,48,029,180902,2,0.9627930682976554,21208.0,734.0,0.0,31824.678840637207,43.357873079887206,740.0,0.0,28920.98516845703,39.0824123898068,743.0,0.0,17728.410690307617,23.860579663940264,743.0,0.0,4004.461184501648,5.389584366758611,743.0,0.0,24.965921491384506,0.03360150940966959,743.0,0.0,13411.593936920166,18.05059749249013,743.0,0.0,287.38996160030365,0.38679671816999145,2,2,22,#000000,1,12,#b36600
757,480291809023,G48002901809023,48,029,180902,3,480291809023,Block Group 3,G5030,S,767721.0,0.0,+29.5104490,-098.5300432,3531.44146539,767720.985921,48,029,180902,3,0.9011060507482108,25838.0,852.0,0.0,36732.770709991455,43.11358064552988,852.0,0.0,47956.10242462158,56.28650519321782,839.0,0.0,18124.6630859375,21.602697361069726,839.0,0.0,3589.728271484375,4.27857958460593,839.0,0.0,51.51788806915283,0.06140391903355522,839.0,0.0,14264.3740234375,17.00163769182062,839.0,0.0,219.04327392578125,0.26107660777804675,2,1,21,#376387,1,11,#b3b3b3
758,480291809024,G48002901809024,48,029,180902,4,480291809024,Block Group 4,G5030,S,537788.0,0.0,+29.4980215,-098.5302242,3261.10669403,537787.588292,48,029,180902,4,0.927979274611399,15638.0,588.0,0.0,25412.51655960083,43.21856557755243,588.0,0.0,33099.686656951904,56.29198411046242,597.0,0.0,12529.18408203125,20.986908010102596,597.0,0.0,2439.252410888672,4.0858499344868875,597.0,0.0,4.319026917219162,0.007234550950115849,597.0,0.0,9934.626953125,16.64091616938861,597.0,0.0,150.9866180419922,0.2529089079430355,2,2,22,#000000,2,22,#000000
759,480291809025,G48002901809025,48,029,180902,5,480291809025,Block Group 5,G5030,S,561805.0,0.0,+29.5034905,-098.5308793,3153.67793409,561805.963059,48,029,180902,5,0.887890457851947,15946.0,617.0,0.0,26642.04666519165,43.179978387668804,627.0,0.0,35304.0532875061,56.30630508374179,635.0,0.0,15527.064453125,24.45207000492126,635.0,0.0,2828.73486328125,4.454700572096456,635.0,0.0,1.6039105653762817,0.0025258434100413887,635.0,0.0,12538.0,19.74488188976378,635.0,0.0,158.72438049316406,0.2499596543199434,2,2,22,#000000,2,22,#000000
760,480291810011,G48002901810011,48,029,181001,1,480291810011,Block Group 1,G5030,S,1287557.0,1880.0,+29.5179889,-098.5383759,5325.91686247,1289436.12582,48,029,181001,1,0.8279494382022472,23591.0,1435.0,0.0,61076.20357131958,42.56181433541434,1428.0,0.0,410115.2878074646,287.19557969710405,1433.0,0.0,31515.8017578125,21.992883292262736,1433.0,0.0,8083.0703125,5.640663162944871,1433.0,0.0,84.75185227394104,0.059142953436106795,1433.0,0.0,22746.4697265625,15.87332151190684,1433.0,0.0,601.510986328125,0.41975644544879626,1,1,11,#b3b3b3,1,11,#b3b3b3
761,480291810012,G48002901810012,48,029,181001,2,480291810012,Block Group 2,G5030,S,1255903.0,0.0,+29.5102772,-098.5455401,5356.08789092,1255904.0763,48,029,181001,2,0.8207726409119696,28277.0,1400.0,0.0,60201.90979385376,43.00136413846697,1400.0,0.0,196193.00067138672,140.1378576224191,1398.0,0.0,30511.880859375,21.825379727736053,1398.0,0.0,9681.7060546875,6.92539775013412,1398.0,0.0,18.927192211151123,0.013538764099535854,1398.0,0.0,20048.177734375,14.340613543902004,1398.0,0.0,763.0699157714844,0.5458296965461261,1,1,11,#b3b3b3,1,11,#b3b3b3
762,480291810031,G48002901810031,48,029,181003,1,480291810031,Block Group 1,G5030,S,827793.0,0.0,+29.5232154,-098.5667033,5030.17527784,827792.43017,48,029,181003,1,0.7957339117859725,16874.0,922.0,0.0,39605.34735107422,42.95590818988527,925.0,0.0,81832.34020614624,88.4673948174554,920.0,0.0,11546.73828125,12.550802479619565,920.0,0.0,4251.385894775391,4.621071624755859,920.0,0.0,24.996418833732605,0.027170020471448484,920.0,0.0,6894.068115234375,7.493552299167799,920.0,0.0,376.2880859375,0.4090087890625,1,1,11,#b3b3b3,2,21,#376387
763,480291810032,G48002901810032,48,029,181003,2,480291810032,Block Group 2,G5030,S,309005.0,0.0,+29.5171287,-098.5667065,2588.18577576,309005.631533,48,029,181003,2,0.8011221945137157,16767.0,340.0,0.0,14597.113529205322,42.932686850603886,342.0,0.0,30511.46479034424,89.21480932849192,345.0,0.0,7357.152099609375,21.32507854959239,345.0,0.0,3175.739013671875,9.205040619338767,345.0,0.0,0.0,0.0,345.0,0.0,3902.626708984375,11.311961475317029,345.0,0.0,278.78627014160156,0.8080761453379756,1,1,11,#b3b3b3,2,21,#376387
764,480291810033,G48002901810033,48,029,181003,3,480291810033,Block Group 3,G5030,S,560373.0,1049.0,+29.5222650,-098.5613160,3129.16133008,561422.669428,48,029,181003,3,0.8927243759957515,21202.0,626.0,0.0,26833.441024780273,42.864921764824715,622.0,0.0,73858.56746673584,118.74367759925376,623.0,0.0,7653.637916564941,12.285133092399585,623.0,0.0,2188.2336349487305,3.512413539243548,623.0,0.0,5.705652296543121,0.009158350395735346,623.0,0.0,5261.892517089844,8.446055404638594,623.0,0.0,197.8054986000061,0.3175048131621286,2,1,21,#376387,1,11,#b3b3b3
765,480291810041,G48002901810041,48,029,181004,1,480291810041,Block Group 1,G5030,S,685578.0,12181.0,+29.5102547,-098.5597539,3517.99436643,697758.679951,48,029,181004,1,0.720531504500643,25724.0,777.0,0.0,33253.41883468628,42.79719283743408,775.0,0.0,102491.84526062012,132.24754227176788,777.0,0.0,13555.12158203125,17.44545892153314,777.0,0.0,4160.834716796875,5.354999635517213,777.0,0.0,52.767988443374634,0.06791246903909219,777.0,0.0,8981.1240234375,11.55871817688224,777.0,0.0,360.3954162597656,0.4638293645556829,1,1,11,#b3b3b3,1,11,#b3b3b3
766,480291810042,G48002901810042,48,029,181004,2,480291810042,Block Group 2,G5030,S,1117271.0,0.0,+29.5152543,-098.5594747,5454.40383198,1117272.61088,48,029,181004,2,0.6646736422521176,27553.0,1244.0,0.0,53283.01990509033,42.8320095700083,1245.0,0.0,163787.34978485107,131.5561042448603,1243.0,0.0,19564.03515625,15.739368589098953,1243.0,0.0,4897.362060546875,3.939953387406979,1243.0,0.0,188.13084983825684,0.15135225248451878,1243.0,0.0,14082.2890625,11.329275191069993,1243.0,0.0,396.2536315917969,0.3187881187383724,0,1,01,#f3e6b3,1,11,#b3b3b3
767,480291810051,G48002901810051,48,029,181005,1,480291810051,Block Group 1,G5030,S,467421.0,0.0,+29.5017378,-098.5517413,4075.84655827,467421.116004,48,029,181005,1,0.8270951993490643,13534.0,521.0,0.0,22475.637964832225,43.13942027798892,516.0,0.0,34791.698638916016,67.4257725560388,522.0,0.0,4731.271423339844,9.063738358888589,522.0,0.0,1578.2255058288574,3.0234205092506845,522.0,0.0,3.00197172164917,0.005750903681320249,522.0,0.0,2994.1328125,5.7358866139846745,522.0,0.0,155.9119176864624,0.29868183464839543,1,2,12,#b36600,2,22,#000000
768,480291810052,G48002901810052,48,029,181005,2,480291810052,Block Group 2,G5030,S,344979.0,0.0,+29.4983998,-098.5529279,2779.67980479,344980.014898,48,029,181005,2,0.8692946058091287,18385.0,383.0,0.0,16578.005817098587,43.28461048850806,383.0,0.0,19551.002771377563,51.04700462500669,385.0,0.0,5818.1259765625,15.112015523538961,385.0,0.0,1495.5430908203125,3.8845275086241884,385.0,0.0,2.851396679878235,0.0074062251425408695,385.0,0.0,4200.1737060546875,10.90954209364854,385.0,0.0,119.55847358703613,0.31054148983645746,1,2,12,#b36600,2,22,#000000
769,480291810053,G48002901810053,48,029,181005,3,480291810053,Block Group 3,G5030,S,283786.0,0.0,+29.5044716,-098.5564852,2277.57671777,283786.495273,48,029,181005,3,0.7825159914712153,23530.0,317.0,0.0,13636.667953491211,43.017879979467544,321.0,0.0,30543.171070098877,95.1500656389373,314.0,0.0,5442.53662109375,17.332919175457803,314.0,0.0,1640.051513671875,5.223093992585589,314.0,0.0,139.85374450683594,0.4453940907861017,314.0,0.0,3544.90380859375,11.28950257513933,314.0,0.0,117.72811889648438,0.3749303149569566,1,1,11,#b3b3b3,1,11,#b3b3b3
770,480291811001,G48002901811001,48,029,181100,1,480291811001,Block Group 1,G5030,S,709077.0,0.0,+29.5349613,-098.5538902,4049.07091823,709077.231665,48,029,181100,1,0.5728241563055062,31022.0,789.0,0.0,33405.46626281738,42.33899399596626,786.0,0.0,183046.98540496826,232.8842053498324,792.0,0.0,20310.1279296875,25.6441009213226,792.0,0.0,3817.8798828125,4.820555407591541,792.0,0.0,2.086132049560547,0.0026340051130814986,792.0,0.0,16265.66064453125,20.537450308751577,792.0,0.0,224.5011444091797,0.2834610409206814,0,0,00,#f3f3f3,1,10,#b4d3e1
771,480291811002,G48002901811002,48,029,181100,2,480291811002,Block Group 2,G5030,S,685520.0,0.0,+29.5297792,-098.5540495,4109.98698281,685519.632568,48,029,181100,2,0.3615071283095723,40286.0,763.0,0.0,32372.920192718506,42.42846683187222,767.0,0.0,207995.22566223145,271.1802159872639,759.0,0.0,19273.911010742188,25.39382214854043,759.0,0.0,4036.7117614746094,5.318460818807127,759.0,0.0,0.3118714988231659,0.00041089789041260326,759.0,0.0,14961.171936035156,19.711688980283473,759.0,0.0,275.71590995788574,0.36326206845571246,0,1,01,#f3e6b3,0,01,#f3e6b3
772,480291811003,G48002901811003,48,029,181100,3,480291811003,Block Group 3,G5030,S,1436108.0,4030.0,+29.5258728,-098.5451888,5512.57828842,1440137.97605,48,029,181100,3,0.6883629191321499,41824.0,1604.0,0.0,67317.4160118103,41.96846384776203,1600.0,0.0,909949.6441650391,568.7185276031494,1602.0,0.0,41647.87890625,25.99742753199126,1602.0,0.0,9590.7373046875,5.986727406171973,1602.0,0.0,58.256595611572266,0.03636491611209255,1602.0,0.0,31256.509765625,19.510929941089262,1602.0,0.0,742.3732299804688,0.46340401372064216,1,0,10,#b4d3e1,0,00,#f3f3f3
773,480291811004,G48002901811004,48,029,181100,4,480291811004,Block Group 4,G5030,S,703626.0,0.0,+29.5184793,-098.5515702,3923.44838374,703627.196162,48,029,181100,4,0.7134670487106017,49144.0,777.0,0.0,33121.335762023926,42.627201752926545,783.0,0.0,226221.7693786621,288.91669141591586,784.0,0.0,15952.77392578125,20.34792592574139,784.0,0.0,4037.9053955078125,5.150389535086496,784.0,0.0,1.3132435083389282,0.0016750554953302657,784.0,0.0,11581.12060546875,14.771837506975446,784.0,0.0,332.4343566894531,0.4240234141447106,1,1,11,#b3b3b3,0,01,#f3e6b3
774,480291812001,G48002901812001,48,029,181200,1,480291812001,Block Group 1,G5030,S,497461.0,0.0,+29.5442525,-098.5442113,3209.76241004,497461.271405,48,029,181200,1,0.3195402298850575,45763.0,552.0,0.0,22863.98858642578,41.42026917830758,556.0,0.0,313819.10150146484,564.422844427095,558.0,0.0,14458.76220703125,25.911760227654568,558.0,0.0,3370.0220947265625,6.039466119581653,558.0,0.0,11.55759048461914,0.020712527750213514,558.0,0.0,10817.65625,19.386480734767026,558.0,0.0,259.52528381347656,0.46509907493454583,0,0,00,#f3f3f3,0,00,#f3f3f3
775,480291812002,G48002901812002,48,029,181200,2,480291812002,Block Group 2,G5030,S,759997.0,0.0,+29.5443841,-098.5383709,3976.96721392,759995.922956,48,029,181200,2,0.2997685185185185,59392.0,849.0,0.0,35162.20760345459,41.416027801477725,844.0,0.0,446824.65994262695,529.4131041974254,843.0,0.0,18367.505859375,21.788263178380785,843.0,0.0,5270.843505859375,6.2524833995959375,843.0,0.0,50.65493679046631,0.060088892989877,843.0,0.0,12554.60595703125,14.892771004782029,843.0,0.0,491.4006652832031,0.5829189386514865,0,0,00,#f3f3f3,0,00,#f3f3f3
776,480291812003,G48002901812003,48,029,181200,3,480291812003,Block Group 3,G5030,S,582959.0,0.0,+29.5389292,-098.5342438,3351.67068471,582959.451183,48,029,181200,3,0.6890971039182283,27515.0,650.0,0.0,26902.81373977661,41.388944215040944,646.0,0.0,361286.4085998535,559.2668863774823,652.0,0.0,15088.471862792969,23.141828010418664,652.0,0.0,3752.725372314453,5.7557137612184865,652.0,0.0,11.485782146453857,0.017616230285972173,652.0,0.0,11009.800598144531,16.886197236417992,652.0,0.0,314.46049880981445,0.4823013785426602,1,0,10,#b4d3e1,1,10,#b4d3e1
777,480291812004,G48002901812004,48,029,181200,4,480291812004,Block Group 4,G5030,S,1214156.0,0.0,+29.5270453,-098.5359741,5898.38696342,1214155.29714,48,029,181200,4,0.47538677918424754,51756.0,1349.0,0.0,56052.943771362305,41.55147796246279,1353.0,0.0,900840.2689819336,665.8095114426708,1349.0,0.0,28321.025146484375,20.994088322078856,1349.0,0.0,7416.736003875732,5.497951077743315,1349.0,0.0,37.68384575843811,0.027934652155995634,1349.0,0.0,20220.637481689453,14.9893532110374,1349.0,0.0,645.967111825943,0.4788488597671927,0,0,00,#f3f3f3,0,00,#f3f3f3
778,480291812005,G48002901812005,48,029,181200,5,480291812005,Block Group 5,G5030,S,731557.0,0.0,+29.5383277,-098.5460445,3599.17923346,731556.943808,48,029,181200,5,0.594059405940594,58417.0,816.0,0.0,33976.184200286865,41.63748063760645,816.0,0.0,396775.1057434082,486.2440021365297,813.0,0.0,20228.7177734375,24.881571677044896,813.0,0.0,4747.9324951171875,5.8400153691478325,813.0,0.0,3.149878203868866,0.0038743889346480515,813.0,0.0,15103.209838867188,18.57713387314537,813.0,0.0,374.4241142272949,0.46054626596223236,0,0,00,#f3f3f3,0,00,#f3f3f3
779,480291813011,G48002901813011,48,029,181301,1,480291813011,Block Group 1,G5030,S,775067.0,0.0,+29.5507008,-098.5639322,4647.81789185,775067.787681,48,029,181301,1,0.7004078605858362,30368.0,860.0,0.0,36043.135814260386,41.91062303983766,863.0,0.0,249037.03469848633,288.571303242742,865.0,0.0,16719.1689453125,19.328519011921966,865.0,0.0,4625.69384765625,5.347622945267341,865.0,0.0,25.393486976623535,0.029356632342917383,865.0,0.0,11659.225341796875,13.478873227510839,865.0,0.0,408.8553161621094,0.47266510538972184,1,0,10,#b4d3e1,1,10,#b4d3e1
780,480291813012,G48002901813012,48,029,181301,2,480291813012,Block Group 2,G5030,S,659113.0,3067.0,+29.5465145,-098.5572073,3697.90925211,662181.090355,48,029,181301,2,0.6971121558092679,55337.0,732.0,0.0,30481.98568725586,41.642056949803084,736.0,0.0,266783.4124908447,362.4774626234303,734.0,0.0,15881.15869140625,21.636455982842303,734.0,0.0,4103.041015625,5.589974135728883,734.0,0.0,14.203137993812561,0.019350324242251447,734.0,0.0,11418.1962890625,15.556125734417575,734.0,0.0,345.7182388305664,0.4710057749735237,1,0,10,#b4d3e1,0,00,#f3f3f3
781,480291813021,G48002901813021,48,029,181302,1,480291813021,Block Group 1,G5030,S,604431.0,552.0,+29.5474671,-098.5740726,3416.02125962,604982.108495,48,029,181302,1,0.575,33882.0,671.0,0.0,28548.234852062164,42.54580454852781,673.0,0.0,120441.98489379883,178.96283045140984,675.0,0.0,8501.793212890625,12.595249204282407,675.0,0.0,2623.978515625,3.8873755787037036,675.0,0.0,3.670982599258423,0.005438492739642108,675.0,0.0,5627.2608642578125,8.336682761863425,675.0,0.0,246.8832550048828,0.3657529703776042,0,1,01,#f3e6b3,0,01,#f3e6b3
782,480291813022,G48002901813022,48,029,181302,2,480291813022,Block Group 2,G5030,S,1250250.0,0.0,+29.5383517,-098.5615024,4873.04895586,1250252.04459,48,029,181302,2,0.6247666459240822,35828.0,1389.0,0.0,59041.047760009766,42.50615389489544,1393.0,0.0,292641.5856781006,210.08010457867954,1391.0,0.0,29930.282958984375,21.51709774190106,1391.0,0.0,8755.633178710938,6.294488266506785,1391.0,0.0,109.05090260505676,0.07839748569738085,1391.0,0.0,20260.52587890625,14.565439165281273,1391.0,0.0,805.072265625,0.5787722973580158,0,1,01,#f3e6b3,0,01,#f3e6b3
783,480291813023,G48002901813023,48,029,181302,3,480291813023,Block Group 3,G5030,S,686143.0,0.0,+29.5437907,-098.5673448,3654.64935954,686143.164819,48,029,181302,3,0.7159880834160874,31094.0,771.0,0.0,32703.995292663574,42.41763332381787,761.0,0.0,156634.3405303955,205.82699149854864,763.0,0.0,17124.1220703125,22.4431481917595,763.0,0.0,3790.838623046875,4.968333713036533,763.0,0.0,0.0,0.0,763.0,0.0,13055.57666015625,17.110847523140563,763.0,0.0,277.70619201660156,0.3639661756443009,1,0,10,#b4d3e1,1,10,#b4d3e1
784,480291813031,G48002901813031,48,029,181303,1,480291813031,Block Group 1,G5030,S,482059.0,0.0,+29.5290601,-098.5679797,3214.16958733,482060.190877,48,029,181303,1,0.6417508417508417,23740.0,537.0,0.0,23079.550453186035,42.97867868377288,539.0,0.0,60374.58910369873,112.01222468218688,534.0,0.0,10346.6513671875,19.37575162394663,534.0,0.0,2177.9324798583984,4.078525243180521,534.0,0.0,40.26454162597656,0.0754017633445254,534.0,0.0,7976.671783447266,14.937587609451809,534.0,0.0,151.78222370147705,0.2842363739728035,0,1,01,#f3e6b3,1,11,#b3b3b3
785,480291813032,G48002901813032,48,029,181303,2,480291813032,Block Group 2,G5030,S,1591408.0,16690.0,+29.5354781,-098.5739886,7515.48453754,1608097.56319,48,029,181303,2,0.8474789915966386,15115.0,1791.0,0.0,76773.91360855103,42.86650676077667,1788.0,0.0,276711.64583206177,154.76042831770792,1794.0,0.0,33166.31704902649,18.487356214619002,1794.0,0.0,9962.472822189331,5.553217849603864,1794.0,0.0,495.2422790527344,0.2760547820806769,1794.0,0.0,21959.94972705841,12.240774652763886,1794.0,0.0,748.653883099556,0.41730985680019844,1,1,11,#b3b3b3,2,21,#376387
786,480291814021,G48002901814021,48,029,181402,1,480291814021,Block Group 1,G5030,S,1594560.0,0.0,+29.5092094,-098.5756226,5636.02602632,1594558.92854,48,029,181402,1,0.5614406779661016,24802.0,1774.0,0.0,76274.3432832202,42.995683925152306,1777.0,0.0,207259.96044158936,116.6347554539051,1774.0,0.0,36491.916259765625,20.570415028052775,1774.0,0.0,15584.061401367188,8.78470203008297,1774.0,0.0,1.1583799123764038,0.0006529762752967327,1774.0,0.0,19710.988830566406,11.111042181829992,1774.0,0.0,1195.70658493042,0.6740172406597632,0,1,01,#f3e6b3,1,11,#b3b3b3
787,480291814022,G48002901814022,48,029,181402,2,480291814022,Block Group 2,G5030,S,2054125.0,0.0,+29.5146021,-098.5839519,5910.29962388,2054125.94349,48,029,181402,2,0.8177594217862674,37465.0,2285.0,0.0,97520.82160949707,42.678696546825854,2282.0,0.0,177168.11381530762,77.637210260871,2282.0,0.0,42743.31103515625,18.730635861155235,2282.0,0.0,16761.887451171875,7.345261810329481,2282.0,0.0,263.8687744140625,0.11563048834972064,2282.0,0.0,24235.0146484375,10.620076533057626,2282.0,0.0,1482.5414428710938,0.6496675910916274,1,1,11,#b3b3b3,0,01,#f3e6b3
788,480291814031,G48002901814031,48,029,181403,1,480291814031,Block Group 1,G5030,S,409458.0,0.0,+29.5245066,-098.5772397,2609.6936449,409458.981722,48,029,181403,1,0.7710659898477157,29779.0,455.0,0.0,19503.228271484375,42.864237959306315,454.0,0.0,30841.73650741577,67.93334032470435,456.0,0.0,8596.159301757812,18.851226538942573,456.0,0.0,3634.8358154296875,7.971131174187911,456.0,0.0,0.0,0.0,456.0,0.0,4652.8037109375,10.203516909950658,456.0,0.0,308.52009201049805,0.6765791491458291,1,1,11,#b3b3b3,1,11,#b3b3b3
789,480291814032,G48002901814032,48,029,181403,2,480291814032,Block Group 2,G5030,S,366529.0,0.0,+29.5238785,-098.5829018,2534.99518,366529.319655,48,029,181403,2,0.6181395348837209,36618.0,408.0,0.0,17396.69557571411,42.63895974439733,405.0,0.0,22327.654094696045,55.13001011036061,408.0,0.0,8221.958862304688,20.151859956629135,408.0,0.0,3524.9892578125,8.63967955346201,408.0,0.0,0.0,0.0,408.0,0.0,4373.392120361328,10.719098334218941,408.0,0.0,323.5776062011719,0.7930823681401271,0,1,01,#f3e6b3,0,01,#f3e6b3
790,480291814033,G48002901814033,48,029,181403,3,480291814033,Block Group 3,G5030,S,287464.0,0.0,+29.5300010,-098.5791827,2163.23314352,287464.616549,48,029,181403,3,0.8863098057792516,20646.0,318.0,0.0,13630.136070251465,42.86206311399832,320.0,0.0,36783.33890914917,114.94793409109116,318.0,0.0,3104.950439453125,9.76399509261989,318.0,0.0,925.765869140625,2.911213424970519,318.0,0.0,0.0,0.0,318.0,0.0,2094.271728515625,6.585760152564858,318.0,0.0,84.91290283203125,0.2670217070189662,2,1,21,#376387,2,21,#376387
791,480291814041,G48002901814041,48,029,181404,1,480291814041,Block Group 1,G5030,S,792394.0,0.0,+29.5287096,-098.5844422,5517.65466331,792394.262464,48,029,181404,1,0.8103448275862069,41226.0,881.0,0.0,37571.00178909302,42.64585901145632,884.0,0.0,85933.25651550293,97.20956619400783,884.0,0.0,21045.890014648438,23.8075678898738,884.0,0.0,8551.253814697266,9.673364043775187,884.0,0.0,20.07223081588745,0.022706143456886256,884.0,0.0,11597.800659179688,13.119684003596932,884.0,0.0,876.7637977600098,0.9918142508597395,1,1,11,#b3b3b3,0,01,#f3e6b3
792,480291814042,G48002901814042,48,029,181404,2,480291814042,Block Group 2,G5030,S,977014.0,0.0,+29.5232398,-098.5937738,4422.83223002,977013.875242,48,029,181404,2,0.8070175438596492,29526.0,1085.0,0.0,46106.32300186157,42.49430691415813,1087.0,0.0,110573.75500488281,101.72378565306606,1086.0,0.0,24479.729431152344,22.541187321503077,1086.0,0.0,9006.860961914062,8.293610462167646,1086.0,0.0,41.38432157039642,0.038107110101654164,1086.0,0.0,14659.23355102539,13.498373435566657,1086.0,0.0,772.2487812042236,0.7110946419928394,1,1,11,#b3b3b3,1,11,#b3b3b3
793,480291814043,G48002901814043,48,029,181404,3,480291814043,Block Group 3,G5030,S,887161.0,0.0,+29.5345313,-098.5854332,4902.21787696,887162.338286,48,029,181404,3,0.6898563734290843,33303.0,990.0,0.0,42256.54367828369,42.68337745281181,988.0,0.0,184745.73358917236,186.98960889592345,990.0,0.0,19919.54296875,20.120750473484847,990.0,0.0,8437.6953125,8.522924558080808,990.0,0.0,3.6690765023231506,0.0037061378811344956,990.0,0.0,10727.939453125,10.83630247790404,990.0,0.0,750.23876953125,0.7578169389204545,1,1,11,#b3b3b3,0,01,#f3e6b3
794,480291815031,G48002901815031,48,029,181503,1,480291815031,Block Group 1,G5030,S,1083502.0,0.0,+29.5090961,-098.6038440,6136.95123898,1083502.91498,48,029,181503,1,0.6776333978435167,35066.0,1206.0,0.0,51311.233501434326,42.54662811064206,1204.0,0.0,202124.08645629883,167.8771482195173,1204.0,0.0,25901.9921875,21.513282547757473,1204.0,0.0,7640.881591796875,6.3462471692665074,1204.0,0.0,0.0,0.0,1204.0,0.0,17611.5087890625,14.627498994237957,1204.0,0.0,649.6012268066406,0.5395359026633227,0,1,01,#f3e6b3,0,01,#f3e6b3
795,480291815032,G48002901815032,48,029,181503,2,480291815032,Block Group 2,G5030,S,636629.0,0.0,+29.5161467,-098.6044448,4083.28089359,636629.74619,48,029,181503,2,0.7100186683260734,34694.0,710.0,0.0,30285.37021636963,42.655451008971305,707.0,0.0,61704.46894073486,87.2764765781257,708.0,0.0,16062.2412109375,22.68678137138065,708.0,0.0,7037.694580078125,9.94024658203125,708.0,0.0,0.0,0.0,708.0,0.0,8350.6748046875,11.794738424699858,708.0,0.0,673.8711700439453,0.951795437915177,1,1,11,#b3b3b3,0,01,#f3e6b3
796,480291815033,G48002901815033,48,029,181503,3,480291815033,Block Group 3,G5030,S,502068.0,0.0,+29.5163038,-098.5982589,3212.50832187,502068.250453,48,029,181503,3,0.8274702534919813,19572.0,557.0,0.0,23787.585514068604,42.706616721846686,559.0,0.0,42195.48665237427,75.48387594342445,559.0,0.0,7083.84521484375,12.6723527993627,559.0,0.0,2093.7182006835938,3.7454708420100067,559.0,0.0,52.32889175415039,0.09361161315590409,559.0,0.0,4757.998779296875,8.511625723250223,559.0,0.0,179.80009078979492,0.3216459584790607,1,1,11,#b3b3b3,2,21,#376387
797,480291815041,G48002901815041,48,029,181504,1,480291815041,Block Group 1,G5030,S,492291.0,0.0,+29.5093547,-098.5947170,3907.49072847,492290.563673,48,029,181504,1,0.6579572446555819,43614.0,546.0,0.0,23274.215143850095,42.626767662729115,547.0,0.0,62125.93142700195,113.57574301097249,548.0,0.0,7667.4775390625,13.991747334055656,548.0,0.0,2089.3530883789062,3.812688117479756,548.0,0.0,19.878055572509766,0.03627382403742658,548.0,0.0,5374.789794921875,9.808010574674954,548.0,0.0,183.4569854736328,0.33477552093728613,0,1,01,#f3e6b3,0,01,#f3e6b3
798,480291815042,G48002901815042,48,029,181504,2,480291815042,Block Group 2,G5030,S,426112.0,0.0,+29.5050263,-098.5921722,3056.27733129,426111.329352,48,029,181504,2,0.7957974137931034,29717.0,478.0,0.0,20399.545508071813,42.67687344784898,476.0,0.0,58931.60171508789,123.805885956067,470.0,0.0,6234.865814208984,13.265671945125499,470.0,0.0,1674.5982208251953,3.5629749379259477,470.0,0.0,0.17821228504180908,0.0003791750745570406,470.0,0.0,4414.7635498046875,9.393113935754654,470.0,0.0,145.32658576965332,0.3092055016375603,1,1,11,#b3b3b3,1,11,#b3b3b3
799,480291815043,G48002901815043,48,029,181504,3,480291815043,Block Group 3,G5030,S,326003.0,0.0,+29.5037747,-098.5992390,2529.30149197,326002.073,48,029,181504,3,0.7166979362101313,44176.0,361.0,0.0,15337.181057107915,42.48526608617151,363.0,0.0,71364.50186157227,196.5964238610806,365.0,0.0,10048.404296875,27.529874785958903,365.0,0.0,2243.58935546875,6.1468201519691785,365.0,0.0,0.0,0.0,365.0,0.0,7638.02587890625,20.926098298373287,365.0,0.0,166.78890991210938,0.45695591756742293,1,1,11,#b3b3b3,0,01,#f3e6b3
800,480291815044,G48002901815044,48,029,181504,4,480291815044,Block Group 4,G5030,S,405467.0,565.0,+29.5024377,-098.5888348,3149.88064179,406032.738309,48,029,181504,4,0.8448979591836735,38230.0,450.0,0.0,19228.511634661016,42.73002585480226,451.0,0.0,69980.3441619873,155.16706022613593,448.0,0.0,9431.541198730469,21.052547318594797,448.0,0.0,2650.451141357422,5.916185583387103,448.0,0.0,0.0,0.0,448.0,0.0,6566.536865234375,14.657448359898158,448.0,0.0,214.5536060333252,0.47891429918152945,1,1,11,#b3b3b3,0,01,#f3e6b3
801,480291815051,G48002901815051,48,029,181505,1,480291815051,Block Group 1,G5030,S,671426.0,0.0,+29.5049227,-098.6124364,3535.84425809,671426.158297,48,029,181505,1,0.7703306523681859,30409.0,745.0,0.0,31726.30908203125,42.58564977453859,749.0,0.0,164949.6565093994,220.22651069345716,745.0,0.0,20397.676208496094,27.37943115234375,745.0,0.0,3818.76513671875,5.125859243917785,745.0,0.0,0.0,0.0,745.0,0.0,16351.778930664062,21.94869655122693,745.0,0.0,227.13330173492432,0.30487691508043535,1,1,11,#b3b3b3,1,11,#b3b3b3
802,480291815052,G48002901815052,48,029,181505,2,480291815052,Block Group 2,G5030,S,437889.0,0.0,+29.5005477,-098.6070382,2926.70965605,437889.61995,48,029,181505,2,0.5089005235602094,29319.0,489.0,0.0,20777.506633758545,42.48978861709314,487.0,0.0,128541.09823608398,263.94476023836546,487.0,0.0,12848.1337890625,26.382204905672484,487.0,0.0,2631.4560546875,5.403400522972279,487.0,0.0,0.0,0.0,487.0,0.0,10040.30615234375,20.616645076681213,487.0,0.0,176.36981201171875,0.3621556714819687,0,1,01,#f3e6b3,1,11,#b3b3b3
803,480291815053,G48002901815053,48,029,181505,3,480291815053,Block Group 3,G5030,S,475237.0,0.0,+29.4976457,-098.6024813,3252.51556689,475235.522371,48,029,181505,3,0.7583612040133779,34373.0,524.0,0.0,22279.250399366494,42.51765343390552,527.0,0.0,140838.0075531006,267.2447961159404,530.0,0.0,14533.245849609375,27.42121858416863,530.0,0.0,3062.849884033203,5.778962045345667,530.0,0.0,0.0,0.0,530.0,0.0,11256.921875,21.239475235849056,530.0,0.0,213.4735279083252,0.4027802413364626,1,1,11,#b3b3b3,0,01,#f3e6b3
804,480291815054,G48002901815054,48,029,181505,4,480291815054,Block Group 4,G5030,S,606267.0,0.0,+29.4959116,-098.5974295,3652.74250883,606268.940868,48,029,181505,4,0.8128514056224899,32695.0,677.0,0.0,28916.695183780008,42.7129914088331,675.0,0.0,124032.33885192871,183.75161311396846,673.0,0.0,19670.077995300293,29.2274561594358,673.0,0.0,3504.656909942627,5.207513982084141,673.0,0.0,6.1123480796813965,0.009082240831621688,673.0,0.0,15969.211894989014,23.728398060904922,673.0,0.0,190.09880554676056,0.28246479278864867,1,1,11,#b3b3b3,1,11,#b3b3b3
805,480291815061,G48002901815061,48,029,181506,1,480291815061,Block Group 1,G5030,S,402118.0,0.0,+29.5006084,-098.6193474,2604.37559722,402118.88775,48,029,181506,1,0.4552683896620279,35078.0,446.0,0.0,19117.501537322998,42.864353222697304,444.0,0.0,70817.92085266113,159.4998217402278,447.0,0.0,12243.572509765625,27.390542527439877,447.0,0.0,2140.02978515625,4.7875386692533555,447.0,0.0,0.0,0.0,447.0,0.0,9992.421142578125,22.354409714939877,447.0,0.0,111.12060165405273,0.24859195000906653,0,1,01,#f3e6b3,0,01,#f3e6b3
806,480291815062,G48002901815062,48,029,181506,2,480291815062,Block Group 2,G5030,S,1043930.0,0.0,+29.4952083,-098.6121915,4285.22318188,1043930.65289,48,029,181506,2,0.7099567099567099,26457.0,1160.0,0.0,49491.124492645264,42.66476249365971,1165.0,0.0,299818.47203063965,257.35491161428297,1159.0,0.0,24711.767150878906,21.321628257876537,1159.0,0.0,5547.413146972656,4.786378901615752,1159.0,0.0,15.819198608398438,0.013649006564623329,1159.0,0.0,18730.136779785156,16.16060119049625,1159.0,0.0,418.3984127044678,0.36099949327391523,1,1,11,#b3b3b3,1,11,#b3b3b3
807,480291815063,G48002901815063,48,029,181506,3,480291815063,Block Group 3,G5030,S,968913.0,0.0,+29.4875883,-098.6018814,4107.67081824,968910.288355,48,029,181506,3,0.7613264829518916,16336.0,1076.0,0.0,46306.08016342185,43.03539048645153,1077.0,0.0,155985.41046905518,144.83325020339385,1076.0,0.0,18182.620361328125,16.89834606071387,1076.0,0.0,5057.642578125,4.700411317960037,1076.0,0.0,93.57121765613556,0.08696209819343453,1076.0,0.0,12581.290771484375,11.692649415877671,1076.0,0.0,450.11570739746094,0.4183231481389042,1,1,11,#b3b3b3,2,21,#376387
808,480291816011,G48002901816011,48,029,181601,1,480291816011,Block Group 1,G5030,S,1512069.0,0.0,+29.4791235,-098.5978086,5496.54158714,1512070.39695,48,029,181601,1,0.8730407523510972,20402.0,1681.0,0.0,72562.85436026574,43.166480880586406,1678.0,0.0,273173.2986793518,162.7969598804242,1682.0,0.0,32672.630859375,19.424869714253866,1682.0,0.0,9037.434326171875,5.37302873137448,1682.0,0.0,130.8411717414856,0.07778904384154911,1682.0,0.0,22870.5390625,13.597228931331747,1682.0,0.0,633.8179473876953,0.37682398774535986,1,2,12,#b36600,2,22,#000000
809,480291816012,G48002901816012,48,029,181601,2,480291816012,Block Group 2,G5030,S,1076249.0,0.0,+29.4700102,-098.6088979,4900.89975288,1076247.25125,48,029,181601,2,0.8506976744186047,28393.0,1194.0,0.0,51337.564682006836,42.99628532831393,1176.0,0.0,131630.89237213135,111.93103092868311,1200.0,0.0,28150.35400390625,23.458628336588543,1200.0,0.0,5692.0634765625,4.74338623046875,1200.0,0.0,40.41249465942383,0.03367707888285319,1200.0,0.0,22052.747802734375,18.37728983561198,1200.0,0.0,365.13147735595703,0.3042762311299642,1,1,11,#b3b3b3,1,11,#b3b3b3
810,480291816021,G48002901816021,48,029,181602,1,480291816021,Block Group 1,G5030,S,2446324.0,0.0,+29.4577457,-098.6181916,6378.27429327,2446325.28403,48,029,181602,1,0.8667601683029453,40875.0,2732.0,0.0,116523.40753173828,42.65132047281782,2713.0,0.0,1462242.2029266357,538.9761160805882,2699.0,0.0,48527.87109375,17.97994482910337,2699.0,0.0,14507.55322265625,5.375158659746665,2699.0,0.0,1031.607120513916,0.3822182736250152,2699.0,0.0,31800.2080078125,11.78221860237588,2699.0,0.0,1188.5062103271484,0.44035057811305983,1,1,11,#b3b3b3,0,01,#f3e6b3
811,480291816022,G48002901816022,48,029,181602,2,480291816022,Block Group 2,G5030,S,441359.0,0.0,+29.4635677,-098.6063483,2711.71864081,441358.94765,48,029,181602,2,0.9563492063492064,22449.0,499.0,0.0,21459.13249206543,43.00427353119325,505.0,0.0,37559.34359550476,74.37493781288072,489.0,0.0,10516.393310546875,21.505916790484406,489.0,0.0,2860.5521240234375,5.8497998446287065,489.0,0.0,87.77193450927734,0.17949270860792912,489.0,0.0,7371.36865234375,15.074373522175359,489.0,0.0,196.70061874389648,0.40225075407749794,2,1,21,#376387,1,11,#b3b3b3
812,480291816023,G48002901816023,48,029,181602,3,480291816023,Block Group 3,G5030,S,366480.0,0.0,+29.4584000,-098.6065126,2632.55672831,366480.937122,48,029,181602,3,0.9771186440677966,18228.0,394.0,0.0,16892.156593322754,42.873493891682116,404.0,0.0,23533.91847038269,58.25227344154131,414.0,0.0,9516.983177185059,22.98788207049531,414.0,0.0,1712.7878255844116,4.137168660831912,414.0,0.0,1.6201117038726807,0.0039133132943784555,414.0,0.0,7708.100158691406,18.618599417129,414.0,0.0,94.47474676370621,0.22819987140991838,2,1,21,#376387,2,21,#376387
813,480291816024,G48002901816024,48,029,181602,4,480291816024,Block Group 4,G5030,S,473181.0,0.0,+29.4532208,-098.6055607,3095.98759552,473180.973356,48,029,181602,4,0.9261229314420804,23386.0,518.0,0.0,22120.296501159668,42.70327509876384,532.0,0.0,32802.76958847046,61.65934133171139,524.0,0.0,11112.408813476562,21.206887048619393,524.0,0.0,2045.6241149902344,3.9038628148668595,524.0,0.0,4.8431806564331055,0.009242711176399056,524.0,0.0,8944.553955078125,17.069759456255962,524.0,0.0,117.38734245300293,0.22402164590267734,2,1,21,#376387,1,11,#b3b3b3
814,480291817031,G48002901817031,48,029,181703,1,480291817031,Block Group 1,G5030,S,883432.0,0.0,+29.5357976,-098.6528292,4497.01611112,883431.14053,48,029,181703,1,0.5417446649195058,31353.0,974.0,0.0,40867.94403839111,41.95887478274241,978.0,0.0,292763.01443481445,299.3486855161702,994.0,0.0,16432.2109375,16.531399333501007,994.0,0.0,4244.724853515625,4.270346935126383,994.0,0.0,2.4792474508285522,0.0024942127271917022,994.0,0.0,11829.6318359375,11.90103806432344,994.0,0.0,355.3750457763672,0.35752016677702936,0,0,00,#f3f3f3,1,10,#b4d3e1
815,480291817032,G48002901817032,48,029,181703,2,480291817032,Block Group 2,G5030,S,1397053.0,2533.0,+29.5255718,-098.6462417,5160.33466024,1399586.25378,48,029,181703,2,0.3776541961577351,53983.0,1562.0,0.0,65937.8143234253,42.21370955404949,1564.0,0.0,459740.1251602173,293.9514866753307,1540.0,0.0,31272.005859375,20.306497311282467,1540.0,0.0,6503.503173828125,4.223054008979302,1540.0,0.0,0.7128491401672363,0.000462889052056647,1540.0,0.0,24305.896484375,15.783049665178572,1540.0,0.0,461.8945617675781,0.2999315336153105,0,0,00,#f3f3f3,0,00,#f3f3f3
816,480291817033,G48002901817033,48,029,181703,3,480291817033,Block Group 3,G5030,S,1484067.0,0.0,+29.5245255,-098.6563069,5329.46112352,1484069.89016,48,029,181703,3,0.4491643454038997,42397.0,1650.0,0.0,69536.87216567993,42.14355888829087,1646.0,0.0,636738.4465332031,386.83988246245633,1654.0,0.0,43235.541015625,26.139988522143287,1654.0,0.0,9746.5615234375,5.892721598208888,1654.0,0.0,18.42353057861328,0.011138773022136204,1654.0,0.0,32737.65625,19.79302070737606,1654.0,0.0,732.899658203125,0.4431074112473549,0,0,00,#f3f3f3,0,00,#f3f3f3
817,480291817041,G48002901817041,48,029,181704,1,480291817041,Block Group 1,G5030,S,864688.0,0.0,+29.5150074,-098.6409898,3580.94266697,864685.704285,48,029,181704,1,0.8295774647887324,26686.0,960.0,0.0,40913.04986190796,42.61776027282079,956.0,0.0,149096.06364440918,155.95822556946567,975.0,0.0,19604.384765625,20.107061298076925,975.0,0.0,6896.2879638671875,7.0731158603766024,975.0,0.0,76.04423522949219,0.07799408741486379,975.0,0.0,11939.456176757812,12.245596078725962,975.0,0.0,692.5953063964844,0.7103541604066507,1,1,11,#b3b3b3,1,11,#b3b3b3
818,480291817042,G48002901817042,48,029,181704,2,480291817042,Block Group 2,G5030,S,2904759.0,11406.0,+29.5023002,-098.6345896,8472.85685048,2916164.37832,48,029,181704,2,0.8509316770186335,13466.0,3240.0,0.0,138535.9141947397,42.75799820825299,3248.0,0.0,443743.61909484863,136.62057238141892,3246.0,0.0,54555.19519042969,16.80689931929442,3246.0,0.0,14600.924407958984,4.498128283413119,3246.0,0.0,734.6982345581055,0.22633956702344593,3246.0,0.0,38060.51385498047,11.725358550517704,3246.0,0.0,1159.059284210205,0.3570731004960582,1,1,11,#b3b3b3,2,21,#376387
819,480291817043,G48002901817043,48,029,181704,3,480291817043,Block Group 3,G5030,S,1548496.0,0.0,+29.4919215,-098.6273580,5296.67983493,1548495.52819,48,029,181704,3,0.8771807397069086,24317.0,1723.0,0.0,74002.21613853917,42.9496321175503,1721.0,0.0,233309.1489868164,135.56603659896362,1720.0,0.0,38183.638671875,22.19978992550872,1720.0,0.0,7842.27197265625,4.55946044921875,1720.0,0.0,8.785055875778198,0.005107590625452441,1720.0,0.0,29817.283203125,17.33562976925872,1720.0,0.0,515.2978515625,0.2995917741642442,1,1,11,#b3b3b3,1,11,#b3b3b3
820,480291817044,G48002901817044,48,029,181704,4,480291817044,Block Group 4,G5030,S,414932.0,0.0,+29.4877406,-098.6342901,2913.74676068,414931.780369,48,029,181704,4,0.7395833333333333,19212.0,463.0,0.0,19806.36131888059,42.77831818332741,461.0,0.0,57202.77517700195,124.08411101301942,457.0,0.0,11047.475219726562,24.173906388898388,457.0,0.0,1980.4667663574219,4.333625309316021,457.0,0.0,1.0247206687927246,0.0022422771746011478,457.0,0.0,8953.177856445312,19.591198810602435,457.0,0.0,112.80539512634277,0.2468389390073146,1,1,11,#b3b3b3,2,21,#376387
821,480291817051,G48002901817051,48,029,181705,1,480291817051,Block Group 1,G5030,S,1249359.0,0.0,+29.4841820,-098.6225711,6506.34453092,1249360.37027,48,029,181705,1,0.8903790087463557,26190.0,1385.0,0.0,59309.192925644515,42.82252196797438,1388.0,0.0,209266.376953125,150.76828310743875,1392.0,0.0,30315.31817626953,21.778245816285583,1392.0,0.0,10459.709312438965,7.514158988821095,1392.0,0.0,23.913325428962708,0.017179113095519186,1392.0,0.0,18760.001220703125,13.477012371194773,1392.0,0.0,1071.6935358047485,0.7698947814689285,2,1,21,#376387,1,11,#b3b3b3
822,480291817052,G48002901817052,48,029,181705,2,480291817052,Block Group 2,G5030,S,1222692.0,0.0,+29.4842493,-098.6158789,6590.9513263,1222690.05886,48,029,181705,2,0.8812572759022119,27219.0,1362.0,0.0,58341.3716545105,42.835074636204475,1351.0,0.0,208926.36168670654,154.64571553420174,1364.0,0.0,24332.280822753906,17.838915559203745,1364.0,0.0,5467.544250488281,4.00846352675094,1364.0,0.0,114.54929113388062,0.08398041871985382,1364.0,0.0,18351.942321777344,13.454503168458464,1364.0,0.0,398.24778270721436,0.2919705151812422,1,1,11,#b3b3b3,1,11,#b3b3b3
823,480291817053,G48002901817053,48,029,181705,3,480291817053,Block Group 3,G5030,S,2018844.0,0.0,+29.4761881,-098.6143460,7233.12608547,2018843.9592,48,029,181705,3,0.6835212804656239,25442.0,2243.0,0.0,96213.44049453735,42.89498015806391,2245.0,0.0,200556.31018066406,89.33465932323567,2239.0,0.0,29027.01611328125,12.964276959929098,2239.0,0.0,8934.176513671875,3.9902530208449645,2239.0,0.0,358.32152557373047,0.16003641160059423,2239.0,0.0,18935.15478515625,8.45696953334357,2239.0,0.0,799.3631439208984,0.3570179293974535,1,1,11,#b3b3b3,1,11,#b3b3b3
824,480291817111,G48002901817111,48,029,181711,1,480291817111,Block Group 1,G5030,S,1003427.0,0.0,+29.5063206,-098.6578062,5027.62474371,1003425.77641,48,029,181711,1,0.791421362489487,32783.0,1104.0,0.0,46949.22330962664,42.52647038915457,1123.0,0.0,188836.4662246704,168.15357633541444,1122.0,0.0,21650.36070251465,19.29622165999523,1122.0,0.0,4517.230514526367,4.026052151984285,1122.0,0.0,0.0,0.0,1122.0,0.0,16822.642669677734,14.99344266459691,1122.0,0.0,310.4896317720413,0.27672872706955554,1,1,11,#b3b3b3,1,11,#b3b3b3
825,480291817112,G48002901817112,48,029,181711,2,480291817112,Block Group 2,G5030,S,1034725.0,0.0,+29.5044036,-098.6475824,4610.1437118,1034724.0258,48,029,181711,2,0.7746536267318663,34422.0,1147.0,0.0,48846.76754105927,42.58654537145534,1144.0,0.0,174642.86670684814,152.65984851997214,1166.0,0.0,22225.810119628906,19.061586723523934,1166.0,0.0,4833.187118530273,4.145100444708639,1166.0,0.0,11.1530402302742,0.009565214605724013,1166.0,0.0,17032.771728515625,14.607865976428496,1166.0,0.0,348.6956796646118,0.29905289851167394,1,1,11,#b3b3b3,0,01,#f3e6b3
826,480291817113,G48002901817113,48,029,181711,3,480291817113,Block Group 3,G5030,S,1705586.0,476.0,+29.5120429,-098.6494648,6034.95925677,1706062.27554,48,029,181711,3,0.6416405978449774,33614.0,1892.0,0.0,80371.28730392456,42.479538744146176,1918.0,0.0,415749.21559143066,216.76184337405144,1892.0,0.0,47459.588623046875,25.084349166515263,1892.0,0.0,9455.685638427734,4.997719682044257,1892.0,0.0,17.870594024658203,0.009445345678994821,1892.0,0.0,37367.353271484375,19.75018671854354,1892.0,0.0,618.6809329986572,0.3269983789633495,0,1,01,#f3e6b3,0,01,#f3e6b3
827,480291817121,G48002901817121,48,029,181712,1,480291817121,Block Group 1,G5030,S,843793.0,0.0,+29.4964701,-098.6574010,3946.42715929,843791.573857,48,029,181712,1,0.7537037037037038,31115.0,931.0,0.0,39352.15007088076,42.2686896572296,939.0,0.0,262088.14811706543,279.1141087508684,940.0,0.0,21554.73159790039,22.930565529681267,940.0,0.0,5044.302154541016,5.3662788878095915,940.0,0.0,6.881662845611572,0.007320917920863375,940.0,0.0,16111.641967773438,17.140044646567485,940.0,0.0,391.9037256240845,0.41691885704689835,1,0,10,#b4d3e1,1,10,#b4d3e1
828,480291817122,G48002901817122,48,029,181712,2,480291817122,Block Group 2,G5030,S,844009.0,0.0,+29.4895667,-098.6618497,3912.790752,844008.919141,48,029,181712,2,0.7653061224489796,35820.0,940.0,0.0,39928.18174847585,42.47678909412325,942.0,0.0,184669.46741104126,196.03977432169984,934.0,0.0,22443.20947265625,24.029132197704765,934.0,0.0,4459.789794921875,4.77493554060158,934.0,0.0,0.0,0.0,934.0,0.0,17690.4658203125,18.940541563503746,934.0,0.0,292.95430755615234,0.313655575541919,1,1,11,#b3b3b3,0,01,#f3e6b3
829,480291817131,G48002901817131,48,029,181713,1,480291817131,Block Group 1,G5030,S,1330112.0,0.0,+29.4938082,-098.6468944,7390.93783766,1330111.67014,48,029,181713,1,0.6100263852242744,35696.0,1479.0,0.0,62626.30361005265,42.343680601793544,1486.0,0.0,374515.00790405273,252.02894206194665,1472.0,0.0,34936.25863647461,23.733871356300686,1472.0,0.0,8735.340648651123,5.934334679790165,1472.0,0.0,2.3667925596237183,0.0016078753801791565,1472.0,0.0,25476.81898498535,17.307621593060702,1472.0,0.0,721.7314836978912,0.49030671446867613,0,0,00,#f3f3f3,0,00,#f3f3f3
830,480291817132,G48002901817132,48,029,181713,2,480291817132,Block Group 2,G5030,S,1164504.0,0.0,+29.4837905,-098.6407525,5219.81438477,1164503.43083,48,029,181713,2,0.743920972644377,27253.0,1294.0,0.0,55035.29107515557,42.53113684324232,1291.0,0.0,224745.6995010376,174.0865216894172,1295.0,0.0,27397.791015625,21.156595378861002,1295.0,0.0,8956.878173828125,6.91650824233832,1295.0,0.0,127.53518676757812,0.09848276970469354,1295.0,0.0,17528.728515625,13.53569769546332,1295.0,0.0,784.6487426757812,0.6059063650006032,1,1,11,#b3b3b3,1,11,#b3b3b3
831,480291817133,G48002901817133,48,029,181713,3,480291817133,Block Group 3,G5030,S,952757.0,1036.0,+29.4847961,-098.6514354,4967.44590869,953791.598135,48,029,181713,3,0.5634218289085546,32799.0,1060.0,0.0,44780.84379986323,42.24607905647474,1060.0,0.0,305744.5113220215,288.43821822832217,1062.0,0.0,26423.80859375,24.881175700329567,1062.0,0.0,5936.027282714844,5.5894795505789485,1062.0,0.0,16.4622400701046,0.015501167674298115,1062.0,0.0,20025.7783203125,18.856665085040017,1062.0,0.0,445.5401306152344,0.4195293131970192,0,0,00,#f3f3f3,0,00,#f3f3f3
832,480291817134,G48002901817134,48,029,181713,4,480291817134,Block Group 4,G5030,S,737453.0,133.0,+29.4800984,-098.6526426,4117.54086248,737586.581345,48,029,181713,4,0.8865137971239798,22658.0,820.0,0.0,34833.1687365594,42.47947406897487,824.0,0.0,129295.50218200684,156.91201721117335,821.0,0.0,17057.05419921875,20.775949085528318,821.0,0.0,3293.1270751953125,4.011117022162378,821.0,0.0,29.3309326171875,0.035725861896696104,821.0,0.0,13531.9111328125,16.48223036883374,821.0,0.0,202.68577575683594,0.24687670615936166,2,1,21,#376387,1,11,#b3b3b3
833,480291817151,G48002901817151,48,029,181715,1,480291817151,Block Group 1,G5030,S,313351.0,0.0,+29.5073378,-098.6836736,2375.89028793,313351.897776,48,029,181715,1,0.5246132208157525,31505.0,334.0,0.0,14248.55537033081,42.660345420152126,356.0,0.0,41565.84839630127,116.75800111320581,346.0,0.0,7054.96142578125,20.390061924223264,346.0,0.0,1619.7178649902344,4.681265505752123,346.0,0.0,0.0,0.0,346.0,0.0,5312.432861328125,15.353852200370303,346.0,0.0,122.8108139038086,0.35494454885493815,0,1,01,#f3e6b3,1,11,#b3b3b3
834,480291817152,G48002901817152,48,029,181715,2,480291817152,Block Group 2,G5030,S,561395.0,0.0,+29.4932043,-098.6853868,3467.42625638,561396.076493,48,029,181715,2,0.8747315676449534,22962.0,624.0,0.0,26655.66962814331,42.71741927587069,622.0,0.0,42796.52787399292,68.80470719291466,627.0,0.0,13791.31689453125,21.995720724930223,627.0,0.0,2531.669189453125,4.037749903434011,627.0,0.0,32.653353571891785,0.0520787138307684,627.0,0.0,11086.737426757812,17.682196852883273,627.0,0.0,140.2572717666626,0.22369580824029123,1,1,11,#b3b3b3,1,11,#b3b3b3
835,480291817153,G48002901817153,48,029,181715,3,480291817153,Block Group 3,G5030,S,353194.0,0.0,+29.4996575,-098.6852871,3201.13112032,353193.048346,48,029,181715,3,0.8993685872138911,21252.0,400.0,0.0,17111.605583190918,42.7790139579773,392.0,0.0,31340.751266479492,79.95089608795789,394.0,0.0,6811.01611328125,17.28684292710977,394.0,0.0,1520.18603515625,3.8583401907519037,394.0,0.0,0.0,0.0,394.0,0.0,5178.8837890625,13.144375099143401,394.0,0.0,111.94653701782227,0.28412826654269613,2,1,21,#376387,1,11,#b3b3b3
836,480291817154,G48002901817154,48,029,181715,4,480291817154,Block Group 4,G5030,S,704186.0,0.0,+29.4976955,-098.6894193,7191.54209485,704184.699864,48,029,181715,4,0.7755644090305445,34995.0,788.0,0.0,33697.14730834961,42.76287729485991,768.0,0.0,76926.84013366699,100.16515642404556,772.0,0.0,12411.003234863281,16.07642906070373,772.0,0.0,2753.396827697754,3.5665762016810283,772.0,0.0,0.0,0.0,772.0,0.0,9456.141387939453,12.248887808211727,772.0,0.0,201.46563816070557,0.26096585253977406,1,1,11,#b3b3b3,0,01,#f3e6b3
837,480291817161,G48002901817161,48,029,181716,1,480291817161,Block Group 1,G5030,S,2459841.0,1643.0,+29.5012460,-098.6964465,10372.6707242,2461482.38417,48,029,181716,1,0.9583474432780223,25121.0,2725.0,0.0,116572.68007659912,42.77896516572445,2742.0,0.0,427309.7003555298,155.8386945133223,2750.0,0.0,54469.840576171875,19.80721475497159,2750.0,0.0,11170.933532714844,4.0621576482599435,2750.0,0.0,336.2841987609863,0.12228516318581321,2750.0,0.0,42244.829833984375,15.361756303267045,2750.0,0.0,717.7945194244385,0.261016188881614,2,1,21,#376387,1,11,#b3b3b3
838,480291817162,G48002901817162,48,029,181716,2,480291817162,Block Group 2,G5030,S,367176.0,0.0,+29.5203523,-098.6853127,2751.13926833,367177.569818,48,029,181716,2,0.8999172870140613,19415.0,407.0,0.0,17364.325828552246,42.66419122494409,408.0,0.0,38045.3415222168,93.2483860838647,409.0,0.0,5500.88232421875,13.44959003476467,409.0,0.0,1231.1454772949219,3.0101356413078775,409.0,0.0,0.35642457008361816,0.0008714537165858635,409.0,0.0,4178.6685791015625,10.21679359193536,409.0,0.0,90.71233463287354,0.22179054922462968,2,1,21,#376387,2,21,#376387
839,480291817163,G48002901817163,48,029,181716,3,480291817163,Block Group 3,G5030,S,823892.0,0.0,+29.5159904,-098.6885278,5867.47525247,823893.753805,48,029,181716,3,0.7811158798283262,22950.0,920.0,0.0,39242.89472961426,42.65532035827637,916.0,0.0,101452.5114440918,110.75601686036222,911.0,0.0,13120.313482284546,14.402100419631774,911.0,0.0,3477.593930721283,3.817336916269246,911.0,0.0,29.04383683204651,0.03188126984856916,911.0,0.0,9315.640878677368,10.22573093158877,911.0,0.0,298.03598231077194,0.3271525601655016,1,1,11,#b3b3b3,1,11,#b3b3b3
840,480291817164,G48002901817164,48,029,181716,4,480291817164,Block Group 4,G5030,S,215434.0,0.0,+29.4939891,-098.6934586,2112.31059147,215433.83255,48,029,181716,4,0.7619047619047619,29329.0,249.0,0.0,10651.569259643555,42.77738658491388,243.0,0.0,30480.70037841797,125.43498098114391,239.0,0.0,3982.572479248047,16.66348317677007,239.0,0.0,782.4994812011719,3.2740564066994637,239.0,0.0,0.0,0.0,239.0,0.0,3150.7073364257812,13.1828758846267,239.0,0.0,49.365753412246704,0.20655126950730837,1,1,11,#b3b3b3,1,11,#b3b3b3
841,480291817181,G48002901817181,48,029,181718,1,480291817181,Block Group 1,G5030,S,981492.0,0.0,+29.5260717,-098.6651589,4580.18190811,981492.943966,48,029,181718,1,0.49470161740100393,32094.0,1109.0,0.0,46953.12046813965,42.33825109841267,1093.0,0.0,312770.12756347656,286.1574817598139,1085.0,0.0,29143.244140625,26.860132848502303,1085.0,0.0,6155.482177734375,5.673255463349655,1085.0,0.0,4.618747711181641,0.0042569103328863045,1085.0,0.0,22550.0859375,20.78348934331797,1085.0,0.0,433.0574493408203,0.39913128971504175,0,0,00,#f3f3f3,1,10,#b4d3e1
842,480291817182,G48002901817182,48,029,181718,2,480291817182,Block Group 2,G5030,S,715933.0,0.0,+29.5268796,-098.6719286,4063.07931696,715930.041458,48,029,181718,2,0.5691382765531062,34067.0,784.0,0.0,33357.11634063721,42.54734227122093,798.0,0.0,150951.9334564209,189.16282388022668,800.0,0.0,15435.5341796875,19.294417724609374,800.0,0.0,3365.2305908203125,4.206538238525391,800.0,0.0,0.0,0.0,800.0,0.0,11828.24169921875,14.785302124023438,800.0,0.0,242.06373596191406,0.3025796699523926,0,1,01,#f3e6b3,0,01,#f3e6b3
843,480291817183,G48002901817183,48,029,181718,3,480291817183,Block Group 3,G5030,S,787267.0,0.0,+29.5308566,-098.6794534,3962.5617084,787267.463047,48,029,181718,3,0.6753521126760563,32101.0,877.0,0.0,37435.859046936035,42.686270292971535,874.0,0.0,78797.00048446655,90.15675112639194,876.0,0.0,17663.687286376953,20.164026582622093,876.0,0.0,3516.425392150879,4.014184237615159,876.0,0.0,47.0356502532959,0.053693664672712214,876.0,0.0,13877.27717590332,15.84164061176178,876.0,0.0,222.9508171081543,0.25451006519195696,0,1,01,#f3e6b3,1,11,#b3b3b3
844,480291817201,G48002901817201,48,029,181720,1,480291817201,Block Group 1,G5030,S,724532.0,2702.0,+29.5348275,-098.6654255,4071.93966994,727233.57158,48,029,181720,1,0.5422860071758073,43988.0,801.0,0.0,33934.094902038574,42.364662799049405,795.0,0.0,185194.03033447266,232.94846582952536,820.0,0.0,18414.3076171875,22.456472703887194,820.0,0.0,4065.83203125,4.958331745426829,820.0,0.0,1.5667433738708496,0.0019106626510620116,820.0,0.0,14048.8056640625,17.13268983422256,820.0,0.0,298.10284423828125,0.3635400539491235,0,0,00,#f3f3f3,0,00,#f3f3f3
845,480291817202,G48002901817202,48,029,181720,2,480291817202,Block Group 2,G5030,S,225220.0,0.0,+29.5425268,-098.6636757,2278.91305882,225219.257001,48,029,181720,2,0.6681614349775784,41116.0,253.0,0.0,10705.285923072037,42.31338309514639,247.0,0.0,46462.562591552734,188.1075408564888,248.0,0.0,3390.816162109375,13.672645814957157,248.0,0.0,1036.4323425292969,4.179162671489101,248.0,0.0,0.0,0.0,248.0,0.0,2257.8760986328125,9.104339107390373,248.0,0.0,96.50782775878906,0.38914446676931075,0,0,00,#f3f3f3,0,00,#f3f3f3
846,480291817203,G48002901817203,48,029,181720,3,480291817203,Block Group 3,G5030,S,1003402.0,1620.0,+29.5461035,-098.6600963,7931.65508201,1005021.8487,48,029,181720,3,0.4096256684491979,30483.0,1117.0,0.0,47184.89151657968,42.24251702469085,1128.0,0.0,247193.69200897217,219.14334397958527,1122.0,0.0,25193.189208984375,22.45382282440675,1122.0,0.0,9561.256042480469,8.521618576185801,1122.0,0.0,0.55560302734375,0.0004951898639427362,1122.0,0.0,14725.262084960938,13.124119505312779,1122.0,0.0,906.1136474609375,0.8075879210881796,0,0,00,#f3f3f3,1,10,#b4d3e1
847,480291817211,G48002901817211,48,029,181721,1,480291817211,Block Group 1,G5030,S,1205557.0,626.0,+29.5433011,-098.6712093,6975.81250044,1206183.11513,48,029,181721,1,0.6521935775667118,34932.0,1343.0,0.0,57221.57894519667,42.60728141861256,1335.0,0.0,180617.191696167,135.29377655143594,1346.0,0.0,27265.08331680298,20.256376906985867,1346.0,0.0,5554.673915863037,4.1268008290215725,1346.0,0.0,14.200517177581787,0.01055016135035794,1346.0,0.0,21330.10697364807,15.847033412814318,1346.0,0.0,366.10173439979553,0.27199237325393427,0,1,01,#f3e6b3,0,01,#f3e6b3
848,480291817212,G48002901817212,48,029,181721,2,480291817212,Block Group 2,G5030,S,645995.0,0.0,+29.5384510,-098.6772237,3521.94035918,645995.616207,48,029,181721,2,0.5609965635738832,34776.0,720.0,0.0,30644.931716918945,42.56240516238742,717.0,0.0,66917.19058227539,93.32941503804099,720.0,0.0,11219.234741210938,15.58227047390408,720.0,0.0,2547.3199920654297,3.537944433424208,720.0,0.0,18.069725036621094,0.02509684032864041,720.0,0.0,8468.269897460938,11.761485968695746,720.0,0.0,185.57520484924316,0.2577433400683933,0,1,01,#f3e6b3,0,01,#f3e6b3
849,480291817221,G48002901817221,48,029,181722,1,480291817221,Block Group 1,G5030,S,585291.0,0.0,+29.5130774,-098.6804652,3162.88960755,585289.72745,48,029,181722,1,0.6051338066630256,32876.0,652.0,0.0,27812.897758483887,42.65781864798142,655.0,0.0,74953.16746902466,114.43231674660254,654.0,0.0,10033.6396484375,15.341956648987003,654.0,0.0,2326.8896484375,3.557935242259174,654.0,0.0,0.0,0.0,654.0,0.0,7528.41015625,11.511330514143731,654.0,0.0,178.33934020996094,0.2726901226452002,0,1,01,#f3e6b3,0,01,#f3e6b3
850,480291817222,G48002901817222,48,029,181722,2,480291817222,Block Group 2,G5030,S,570363.0,0.0,+29.5131083,-098.6725997,3578.39986657,570362.759621,48,029,181722,2,0.7283018867924529,34767.0,639.0,0.0,27133.07484817505,42.461775975234815,632.0,0.0,137466.2163848877,217.50983605203749,624.0,0.0,11642.167373657227,18.657319509066067,624.0,0.0,2871.943073272705,4.602472873834463,624.0,0.0,0.0,0.0,624.0,0.0,8537.246490478516,13.681484760382236,624.0,0.0,232.97840929031372,0.3733628354011438,1,1,11,#b3b3b3,0,01,#f3e6b3
851,480291817223,G48002901817223,48,029,181722,3,480291817223,Block Group 3,G5030,S,647804.0,0.0,+29.5144322,-098.6662274,3584.18722279,647804.887335,48,029,181722,3,0.7085365853658536,38545.0,735.0,0.0,31236.547409057617,42.49870395790152,725.0,0.0,144786.31677246094,199.70526451373922,706.0,0.0,16655.212158203125,23.59095206544352,706.0,0.0,3499.9049072265625,4.957372389839324,706.0,0.0,8.92776870727539,0.012645564741183273,706.0,0.0,12905.129150390625,18.279219759760093,706.0,0.0,241.250638961792,0.34171478606486116,1,1,11,#b3b3b3,0,01,#f3e6b3
852,480291817231,G48002901817231,48,029,181723,1,480291817231,Block Group 1,G5030,S,317768.0,0.0,+29.5176198,-098.6785359,2597.09456579,317767.981009,48,029,181723,1,0.7926829268292683,26043.0,352.0,0.0,15013.490100860596,42.65196051380851,353.0,0.0,42820.46161651611,121.30442384282185,355.0,0.0,3579.766845703125,10.083850269586268,355.0,0.0,993.854248046875,2.799589431117958,355.0,0.0,0.0,0.0,355.0,0.0,2497.601318359375,7.035496671434859,355.0,0.0,88.31196975708008,0.24876611199177487,1,1,11,#b3b3b3,1,11,#b3b3b3
853,480291817232,G48002901817232,48,029,181723,2,480291817232,Block Group 2,G5030,S,414849.0,0.0,+29.5214219,-098.6743038,3497.58929517,414849.013755,48,029,181723,2,0.7452725250278087,24304.0,459.0,0.0,19539.89276123047,42.570572464554395,460.0,0.0,77853.23453521729,169.24616203308105,459.0,0.0,9377.815948486328,20.430971565329692,459.0,0.0,2128.0091247558594,4.636185456984443,459.0,0.0,1.4068764448165894,0.0030650902937180598,459.0,0.0,7087.09228515625,15.440288202954793,459.0,0.0,161.30712175369263,0.3514316378076092,1,1,11,#b3b3b3,1,11,#b3b3b3
854,480291817233,G48002901817233,48,029,181723,3,480291817233,Block Group 3,G5030,S,610626.0,0.0,+29.5237974,-098.6811787,3843.95754875,610624.915922,48,029,181723,3,0.7121001390820585,28926.0,681.0,0.0,29062.034214019775,42.67552748020525,683.0,0.0,70522.99551391602,103.2547518505359,682.0,0.0,9900.93701171875,14.517502949734238,682.0,0.0,2607.5772705078125,3.82342708285603,682.0,0.0,7.254288554191589,0.010636786736351303,682.0,0.0,7067.46435546875,10.362850961097873,682.0,0.0,218.64185333251953,0.3205892277602926,1,1,11,#b3b3b3,1,11,#b3b3b3
855,480291817241,G48002901817241,48,029,181724,1,480291817241,Block Group 1,G5030,S,4874281.0,21013.0,+29.5527545,-098.6903421,9538.57622767,4895295.69871,48,029,181724,1,0.6872944693572496,39914.0,5452.0,0.0,228048.41458892822,41.82839592606901,5450.0,0.0,2536631.595779419,465.4369900512695,5451.0,0.0,92639.126953125,16.99488661770776,5451.0,0.0,30754.882080078125,5.642062388566892,5451.0,0.0,852.9607276916504,0.1564778440087416,5451.0,0.0,58366.040771484375,10.7074006185075,5451.0,0.0,2665.246612548828,0.4889463607684513,1,0,10,#b4d3e1,0,00,#f3f3f3
856,480291817242,G48002901817242,48,029,181724,2,480291817242,Block Group 2,G5030,S,2202268.0,3367.0,+29.5499922,-098.6788406,7275.37744257,2205635.1954,48,029,181724,2,0.6550829875518672,33537.0,2454.0,0.0,104284.88901238595,42.495879793148305,2455.0,0.0,343654.4247722626,139.9814357524491,2451.0,0.0,47637.32421875,19.435872794267645,2451.0,0.0,11312.189453125,4.6153363741840066,2451.0,0.0,136.6214084625244,0.055741088724000167,2451.0,0.0,35387.1103515625,14.437825520833334,2451.0,0.0,801.4049224853516,0.3269705926092826,0,1,01,#f3e6b3,0,01,#f3e6b3
857,480291817251,G48002901817251,48,029,181725,1,480291817251,Block Group 1,G5030,S,1553375.0,1059.0,+29.4593959,-098.6304132,6805.362938,1554432.93885,48,029,181725,1,0.874491392801252,18015.0,1723.0,0.0,73614.1880531311,42.724427192763265,1731.0,0.0,304757.7982559204,176.05880892889684,1724.0,0.0,24506.421020507812,14.214861380804996,1724.0,0.0,7242.10693359375,4.200758082130945,1724.0,0.0,254.93792152404785,0.14787582454991174,1724.0,0.0,16361.065185546875,9.49017702177893,1724.0,0.0,648.3112030029297,0.3760505817882423,1,1,11,#b3b3b3,2,21,#376387
858,480291817252,G48002901817252,48,029,181725,2,480291817252,Block Group 2,G5030,S,1568961.0,448.0,+29.4722562,-098.6307349,6116.92427914,1569408.01804,48,029,181725,2,0.6933901918976546,33432.0,1743.0,0.0,74326.3042449206,42.64274483357464,1746.0,0.0,426646.62964630127,244.3566034629446,1744.0,0.0,34851.76986694336,19.98381299710055,1744.0,0.0,7371.895576477051,4.227004344310235,1744.0,0.0,113.784255027771,0.06524326549757511,1744.0,0.0,26842.32843017578,15.39124336592648,1744.0,0.0,523.7619619369507,0.30032222588127905,1,1,11,#b3b3b3,0,01,#f3e6b3
859,480291817261,G48002901817261,48,029,181726,1,480291817261,Block Group 1,G5030,S,750420.0,4594.0,+29.5265388,-098.7090667,4216.24695878,755014.63835,48,029,181726,1,0.6271676300578035,39591.0,840.0,0.0,35960.853187561035,42.81053950900123,838.0,0.0,19493.132939577103,23.261495154626616,842.0,0.0,11560.390701293945,13.729680167807537,842.0,0.0,2495.2182745933533,2.9634421313460253,842.0,0.0,0.0,0.0,842.0,0.0,8888.00840997696,10.555829465530831,842.0,0.0,177.16398632526398,0.21040853482810448,0,1,01,#f3e6b3,0,01,#f3e6b3
860,480291817262,G48002901817262,48,029,181726,2,480291817262,Block Group 2,G5030,S,3946950.0,4542.0,+29.5312744,-098.6945613,8705.39429101,3951484.31261,48,029,181726,2,0.7695990424895273,31493.0,4395.0,0.0,188230.63729858398,42.82835888477452,4397.0,0.0,149554.58046603203,34.01286797044167,4394.0,0.0,71614.10925292969,16.298158682960786,4394.0,0.0,20868.467498779297,4.7493098540690255,4394.0,0.0,593.6870546340942,0.1351131212185012,4394.0,0.0,48420.0673828125,11.019587479019686,4394.0,0.0,1731.8922080993652,0.3941493418523817,1,1,11,#b3b3b3,1,11,#b3b3b3
861,480291817263,G48002901817263,48,029,181726,3,480291817263,Block Group 3,G5030,S,1512372.0,0.0,+29.5376253,-098.7059037,5942.15268846,1512371.8401,48,029,181726,3,0.7243913642627469,34713.0,1686.0,0.0,70792.5421257019,41.98845914928938,1687.0,0.0,191258.66860958934,113.37206200924086,1686.0,0.0,31231.494140625,18.52401787700178,1686.0,0.0,10638.273681640625,6.30977086692801,1686.0,0.0,48.48637104034424,0.028758227188816276,1686.0,0.0,19602.27001953125,11.62649467350608,1686.0,0.0,942.4649505615234,0.5589946325987684,1,0,10,#b4d3e1,0,00,#f3f3f3
862,480291817264,G48002901817264,48,029,181726,4,480291817264,Block Group 4,G5030,S,547546.0,0.0,+29.5282881,-098.7143510,3087.61695808,547545.612732,48,029,181726,4,0.930405019965773,28651.0,609.0,0.0,25876.844409942627,42.49071331681876,607.0,0.0,64292.661041259766,105.91871670718248,606.0,0.0,11975.52734375,19.761596276815183,606.0,0.0,2226.37841796875,3.67389177882632,606.0,0.0,23.458502292633057,0.03871039982282683,606.0,0.0,9601.3740234375,15.843851523824258,606.0,0.0,124.31589889526367,0.20514174735192026,2,1,21,#376387,1,11,#b3b3b3
863,480291817271,G48002901817271,48,029,181727,1,480291817271,Block Group 1,G5030,S,2612536.0,0.0,+29.4722223,-098.6413671,9986.87301987,2612534.15753,48,029,181727,1,0.8739264857437307,26016.0,2910.0,0.0,123816.63484076434,42.548671766585684,2903.0,0.0,570648.4486885071,196.57197681312678,2901.0,0.0,55345.95411682129,19.078233063364802,2901.0,0.0,12007.215385437012,4.138991859854192,2901.0,0.0,224.9086685180664,0.07752797949605875,2901.0,0.0,42260.48376464844,14.567557312874332,2901.0,0.0,853.348682641983,0.29415673307203827,1,1,11,#b3b3b3,1,11,#b3b3b3
864,480291817272,G48002901817272,48,029,181727,2,480291817272,Block Group 2,G5030,S,209936.0,0.0,+29.4670218,-098.6444731,1906.75420195,209936.014795,48,029,181727,2,0.779868297271872,24874.0,234.0,0.0,10029.554752349854,42.86134509551219,231.0,0.0,14385.351684570312,62.274249716754596,235.0,0.0,1808.7767333984375,7.696922269780585,235.0,0.0,553.6969604492188,2.3561572785073137,235.0,0.0,0.0,0.0,235.0,0.0,1202.66455078125,5.1177214926861705,235.0,0.0,52.415374755859375,0.22304414789727395,1,1,11,#b3b3b3,1,11,#b3b3b3
865,480291817291,G48002901817291,48,029,181729,1,480291817291,Block Group 1,G5030,S,2775961.0,27347.0,+29.5131765,-098.7380745,9593.99886968,2803303.07511,48,029,181729,1,0.7993951612903226,40013.0,3117.0,0.0,130327.4435323209,41.81182019002917,3121.0,0.0,653318.3092947006,209.32980111973745,3113.0,0.0,58124.2626953125,18.671462478417123,3113.0,0.0,11852.421630859375,3.807395319903429,3113.0,0.0,98.54925155639648,0.03165732462460536,3113.0,0.0,45384.1845703125,14.578922123454063,3113.0,0.0,789.1093139648438,0.25348837583194467,1,0,10,#b4d3e1,0,00,#f3f3f3
866,480291817292,G48002901817292,48,029,181729,2,480291817292,Block Group 2,G5030,S,5920616.0,19280.0,+29.5261089,-098.7445249,11480.2009788,5939898.05575,48,029,181729,2,0.6877317905355289,34681.0,6608.0,0.0,274749.1569519043,41.578262250590846,6605.0,0.0,6015961.11857605,910.8192458101514,6611.0,0.0,113309.31750488281,17.139512555571443,6611.0,0.0,27558.379669189453,4.168564463649894,6611.0,0.0,895.5027799606323,0.13545647859032406,6611.0,0.0,82725.91436767578,12.513373826603507,6611.0,0.0,2129.5258560180664,0.3221185684492613,1,0,10,#b4d3e1,0,00,#f3f3f3
867,480291817301,G48002901817301,48,029,181730,1,480291817301,Block Group 1,G5030,S,668107.0,0.0,+29.4897471,-098.6731508,5009.17481093,668106.010935,48,029,181730,1,0.8768859384429692,21649.0,735.0,0.0,31373.26938989949,42.68472025836665,749.0,0.0,55584.51004219055,74.21162889478045,753.0,0.0,15911.2900390625,21.130531260375164,753.0,0.0,2830.6293334960938,3.7591359010572294,753.0,0.0,27.44659996032715,0.036449667942001523,753.0,0.0,12899.17578125,17.130379523572376,753.0,0.0,154.03767776489258,0.20456530911672322,1,1,11,#b3b3b3,1,11,#b3b3b3
868,480291817302,G48002901817302,48,029,181730,2,480291817302,Block Group 2,G5030,S,861202.0,0.0,+29.4953060,-098.6681981,3848.09177665,861204.436193,48,029,181730,2,0.7061482820976492,32062.0,963.0,0.0,40895.375389437744,42.466641110527256,952.0,0.0,187221.32999420166,196.66106091827905,956.0,0.0,19456.649658203125,20.352143993936323,956.0,0.0,4576.639846801758,4.787280174478826,956.0,0.0,0.0,0.0,956.0,0.0,14524.334838867188,15.192818869107937,956.0,0.0,355.6748628616333,0.37204483562932356,1,1,11,#b3b3b3,1,11,#b3b3b3
869,480291817311,G48002901817311,48,029,181731,1,480291817311,Block Group 1,G5030,S,577217.0,0.0,+29.5048485,-098.6724952,4341.96726167,577217.960712,48,029,181731,1,0.9109677419354839,44770.0,647.0,0.0,27447.34668930602,42.422483291044855,639.0,0.0,141473.61909484863,221.3984649371653,644.0,0.0,12519.29135131836,19.43989340266826,644.0,0.0,2985.6173820495605,4.636051835480684,644.0,0.0,0.0,0.0,644.0,0.0,9296.248794555664,14.435168935645441,644.0,0.0,237.4257642030716,0.36867354689917947,2,0,20,#509dc2,0,00,#f3f3f3
870,480291817312,G48002901817312,48,029,181731,2,480291817312,Block Group 2,G5030,S,681143.0,0.0,+29.5029052,-098.6789242,6414.90301629,681144.480923,48,029,181731,2,0.8979591836734694,25128.0,760.0,0.0,32387.38188678176,42.6149761668181,751.0,0.0,101458.56372833252,135.09795436528964,756.0,0.0,15270.170166015625,20.198637785734952,756.0,0.0,3270.5450439453125,4.3261177829964454,756.0,0.0,0.0,0.0,756.0,0.0,11767.21923828125,15.565104812541335,756.0,0.0,232.4065990447998,0.30741613630264525,2,1,21,#376387,1,11,#b3b3b3
871,480291817313,G48002901817313,48,029,181731,3,480291817313,Block Group 3,G5030,S,734235.0,0.0,+29.4975923,-098.6742244,5261.98034438,734234.950278,48,029,181731,3,0.8623290900518623,39051.0,819.0,0.0,34845.13038482212,42.545946745814554,821.0,0.0,129256.89012908936,157.4383558210589,811.0,0.0,16554.76513671875,20.41278068645962,811.0,0.0,3727.272705078125,4.5958972935611895,811.0,0.0,5.191981315612793,0.006401949834294442,811.0,0.0,12543.20654296875,15.466345922279594,811.0,0.0,279.09376525878906,0.3441353455718731,1,1,11,#b3b3b3,0,01,#f3e6b3
872,480291817314,G48002901817314,48,029,181731,4,480291817314,Block Group 4,G5030,S,731580.0,0.0,+29.5057250,-098.6653931,3694.30536029,731579.50828,48,029,181731,4,0.33479853479853483,37561.0,826.0,0.0,35029.09625719049,42.408106848898896,804.0,0.0,188633.0262451172,234.6181918471607,811.0,0.0,20306.858520507812,25.039283009257474,811.0,0.0,4478.1534996032715,5.521767570410939,811.0,0.0,0.0,0.0,811.0,0.0,15498.773223876953,19.110694480736072,811.0,0.0,329.9309847354889,0.40681995651724895,0,0,00,#f3f3f3,0,00,#f3f3f3
873,480291817321,G48002901817321,48,029,181732,1,480291817321,Block Group 1,G5030,S,2425807.0,3610.0,+29.5049392,-098.7068709,8823.98719395,2429417.68354,48,029,181732,1,0.9304562946673997,21601.0,2701.0,0.0,115707.73643776365,42.838850958076144,2702.0,0.0,389476.4641652107,144.14376912109947,2702.0,0.0,44955.51953125,16.637868072261288,2702.0,0.0,12681.171615600586,4.693253743745591,2702.0,0.0,305.1049421429634,0.11291818732160008,2702.0,0.0,30959.65887451172,11.458052877317439,2702.0,0.0,1009.5812873840332,0.3736422233101529,2,1,21,#376387,1,11,#b3b3b3
874,480291817322,G48002901817322,48,029,181732,2,480291817322,Block Group 2,G5030,S,1070211.0,0.0,+29.5134884,-098.7018596,4479.89185677,1070211.21347,48,029,181732,2,0.5932869130512408,26566.0,1191.0,0.0,51304.70199966431,43.07699580156533,1186.0,0.0,42754.791474461555,36.049571226358815,1195.0,0.0,18556.90643310547,15.528791994230518,1195.0,0.0,3867.392776489258,3.2363119468529353,1195.0,0.0,15.376289129257202,0.012867187555863767,1195.0,0.0,14416.012756347656,12.063609001127746,1195.0,0.0,258.1254119873047,0.2160045288596692,0,1,01,#f3e6b3,1,11,#b3b3b3
875,480291817331,G48002901817331,48,029,181733,1,480291817331,Block Group 1,G5030,S,1722104.0,2369.0,+29.5174504,-098.7146749,6370.50375746,1724473.37464,48,029,181733,1,0.7881555686505598,31551.0,1921.0,0.0,82469.47397613525,42.9304913983005,1918.0,0.0,206880.3777065277,107.86255354876315,1918.0,0.0,37685.70739746094,19.648439727560447,1918.0,0.0,7516.871398925781,3.919119603193838,1918.0,0.0,35.56407368183136,0.01854226990710707,1918.0,0.0,29635.65301513672,15.451331081927382,1918.0,0.0,497.62118911743164,0.25944796095799355,1,1,11,#b3b3b3,1,11,#b3b3b3
876,480291817332,G48002901817332,48,029,181733,2,480291817332,Block Group 2,G5030,S,1030365.0,0.0,+29.5091385,-098.7120951,5040.32816139,1030363.89866,48,029,181733,2,0.6997751124437781,26245.0,1146.0,0.0,49123.74674987793,42.8653985601029,1149.0,0.0,112369.23154354095,97.79741648698081,1145.0,0.0,18246.416015625,15.935734511462883,1145.0,0.0,4378.895263671875,3.824362675695961,1145.0,0.0,54.484454870224,0.04758467674255371,1145.0,0.0,13470.49853515625,11.764627541621179,1145.0,0.0,342.53662109375,0.2991586210425764,1,1,11,#b3b3b3,1,11,#b3b3b3
877,480291818081,G48002901818081,48,029,181808,1,480291818081,Block Group 1,G5030,S,3799464.0,3419.0,+29.5354916,-098.5978441,9000.96810989,3802884.16794,48,029,181808,1,0.658922914466737,47406.0,4224.0,0.0,178444.7508392334,42.24544290701548,4230.0,0.0,3771016.2803878784,891.4932104935883,4236.0,0.0,79535.65469360352,18.7761224489149,4236.0,0.0,23513.364868164062,5.550841564722394,4236.0,0.0,877.6371231079102,0.20718534539846792,4236.0,0.0,52952.1953125,12.500518251298395,4236.0,0.0,2192.4619693756104,0.5175783685966975,0,0,00,#f3f3f3,0,00,#f3f3f3
878,480291818091,G48002901818091,48,029,181809,1,480291818091,Block Group 1,G5030,S,849603.0,8042.0,+29.5496574,-098.6294048,5346.56795214,857645.080822,48,029,181809,1,0.7653250773993808,25880.0,956.0,0.0,40152.63115059995,42.00066019937233,947.0,0.0,215719.1975326538,227.7921832446186,959.0,0.0,20036.208984375,20.89281437369656,959.0,0.0,4761.480133056641,4.965047062624234,959.0,0.0,22.079121112823486,0.02302306685383054,959.0,0.0,14875.134887695312,15.511089559640576,959.0,0.0,377.51538848876953,0.39365525389861267,1,0,10,#b4d3e1,1,10,#b4d3e1
879,480291818092,G48002901818092,48,029,181809,2,480291818092,Block Group 2,G5030,S,537074.0,674.0,+29.5539545,-098.6226830,3570.03833613,537749.1942,48,029,181809,2,0.6635150166852057,23655.0,591.0,0.0,25065.8989944458,42.4126886538846,599.0,0.0,54970.24949645996,91.77003254834717,612.0,0.0,10099.87158203125,16.503058140573938,612.0,0.0,2184.6044006347656,3.5696150337169374,612.0,0.0,1.6201117038726807,0.0026472413461971905,612.0,0.0,7761.579345703125,12.682319192325368,612.0,0.0,152.06812858581543,0.24847733429054808,0,0,00,#f3f3f3,1,10,#b4d3e1
880,480291818093,G48002901818093,48,029,181809,3,480291818093,Block Group 3,G5030,S,334093.0,0.0,+29.5500470,-098.6225020,2431.15416491,334094.188143,48,029,181809,3,0.754730713245997,24564.0,364.0,0.0,15464.032299041748,42.48360521714766,370.0,0.0,31991.378887176514,86.46318618155814,367.0,0.0,6098.75390625,16.617858055177113,367.0,0.0,1301.67578125,3.5468004938692097,367.0,0.0,0.0,0.0,367.0,0.0,4705.84375,12.822462534059946,367.0,0.0,91.2345199584961,0.2485954222302346,1,1,11,#b3b3b3,1,11,#b3b3b3
881,480291818094,G48002901818094,48,029,181809,4,480291818094,Block Group 4,G5030,S,688210.0,658.0,+29.5460857,-098.6224255,5892.71234962,688869.845736,48,029,181809,4,0.8161157024793388,42091.0,757.0,0.0,32093.138885498047,42.39516365323388,760.0,0.0,110575.03150939941,145.49346251236764,769.0,0.0,14513.423461914062,18.873112434218548,769.0,0.0,2841.811767578125,3.6954639370326725,769.0,0.0,2.434694290161133,0.0031660523929273507,769.0,0.0,11488.949951171875,14.940116971614922,769.0,0.0,180.22646713256836,0.23436471668734507,1,0,10,#b4d3e1,0,00,#f3f3f3
882,480291818111,G48002901818111,48,029,181811,1,480291818111,Block Group 1,G5030,S,1128813.0,0.0,+29.5220706,-098.6329658,6033.70699212,1128812.91197,48,029,181811,1,0.5246189917936694,28463.0,1253.0,0.0,52852.3638420105,42.18065749561891,1259.0,0.0,381200.6897125244,302.78053194005116,1258.0,0.0,26350.98193359375,20.946726497292328,1258.0,0.0,5750.245422363281,4.570942307125025,1258.0,0.0,10.723948568105698,0.008524601405489426,1258.0,0.0,20175.4453125,16.03771487480127,1258.0,0.0,414.5685348510742,0.32954573517573466,0,0,00,#f3f3f3,1,10,#b4d3e1
883,480291818112,G48002901818112,48,029,181811,2,480291818112,Block Group 2,G5030,S,365772.0,0.0,+29.5271474,-098.6370537,3261.86223345,365772.340519,48,029,181811,2,0.6567967698519516,47303.0,410.0,0.0,17215.96689605713,41.99016316111495,406.0,0.0,168185.101272583,414.249017912766,405.0,0.0,10180.704833984375,25.13754279996142,405.0,0.0,2142.81884765625,5.2909107349537035,405.0,0.0,0.0,0.0,405.0,0.0,7888.45361328125,19.477663242669752,405.0,0.0,149.4314727783203,0.36896659945264276,0,0,00,#f3f3f3,0,00,#f3f3f3
884,480291818113,G48002901818113,48,029,181811,3,480291818113,Block Group 3,G5030,S,2372463.0,6639.0,+29.5401563,-098.6405470,8171.48024756,2379101.76234,48,029,181811,3,0.6245006657789614,40754.0,2649.0,0.0,110099.02757263184,41.56248681488555,2650.0,0.0,1300854.449066162,490.88847134572154,2637.0,0.0,50384.46752166748,19.106737778410118,2637.0,0.0,13499.929870605469,5.119427330529188,2637.0,0.0,296.0604553222656,0.1122716933341925,2637.0,0.0,35415.25589752197,13.430131170846407,2637.0,0.0,1173.219591498375,0.4449069364802332,0,0,00,#f3f3f3,0,00,#f3f3f3
885,480291818131,G48002901818131,48,029,181813,1,480291818131,Block Group 1,G5030,S,848226.0,0.0,+29.5500157,-098.5789419,3989.61125479,848226.706354,48,029,181813,1,0.6349871134020619,34570.0,947.0,0.0,40467.990400605915,42.73283041246665,946.0,0.0,136211.36978912354,143.986648825712,943.0,0.0,13784.654113769531,14.617872867199926,943.0,0.0,3674.8915100097656,3.8970217497452446,943.0,0.0,1.1664804220199585,0.0012369887826298605,943.0,0.0,9794.886047363281,10.386941725729885,943.0,0.0,313.7120785713196,0.3326745265867652,0,1,01,#f3e6b3,0,01,#f3e6b3
886,480291818132,G48002901818132,48,029,181813,2,480291818132,Block Group 2,G5030,S,1111572.0,0.0,+29.5608322,-098.5770461,5424.98910266,1111574.85931,48,029,181813,2,0.8229166666666666,33731.0,1237.0,0.0,52720.44583895421,42.619600516535336,1238.0,0.0,269643.2750854492,217.8055533808152,1240.0,0.0,25991.93564605713,20.96123842423962,1240.0,0.0,5424.742795944214,4.374792577374366,1240.0,0.0,123.71854019165039,0.09977301628358902,1240.0,0.0,20064.744205474854,16.18124532699585,1240.0,0.0,378.7306752204895,0.30542796388749155,1,1,11,#b3b3b3,0,01,#f3e6b3
887,480291818133,G48002901818133,48,029,181813,3,480291818133,Block Group 3,G5030,S,1272780.0,0.0,+29.5576042,-098.5830640,4990.37356712,1272779.87782,48,029,181813,3,0.7875858560162808,22511.0,1418.0,0.0,60767.633436602104,42.85446645740628,1417.0,0.0,256032.61543273926,180.6863905665062,1413.0,0.0,25314.09619140625,17.915142385991686,1413.0,0.0,5866.960723876953,4.15213073168928,1413.0,0.0,0.0,0.0,1413.0,0.0,18998.176696777344,13.445277209325791,1413.0,0.0,448.961519241333,0.31773639012125476,1,1,11,#b3b3b3,1,11,#b3b3b3
888,480291818141,G48002901818141,48,029,181814,1,480291818141,Block Group 1,G5030,S,2436794.0,7573.0,+29.5809632,-098.5926367,8003.23055893,2444367.4903,48,029,181814,1,0.6984732824427481,43411.0,2722.0,0.0,115932.96797817969,42.591097714246764,2729.0,0.0,577224.1773757935,211.51490559757914,2732.0,0.0,47211.9541015625,17.281095937614385,2732.0,0.0,11909.65234375,4.359316377653734,2732.0,0.0,108.92815947532654,0.03987121503489258,2732.0,0.0,34277.39892578125,12.546632110461658,2732.0,0.0,915.9755401611328,0.33527655203555373,1,1,11,#b3b3b3,0,01,#f3e6b3
889,480291818142,G48002901818142,48,029,181814,2,480291818142,Block Group 2,G5030,S,1231201.0,755.0,+29.5764954,-098.5848728,6861.29644619,1231958.2116,48,029,181814,2,0.715747441976541,34368.0,1375.0,0.0,58658.01071134812,42.660371426435,1367.0,0.0,261208.93759918213,191.08188558828246,1368.0,0.0,30698.355224609375,22.44031814664428,1368.0,0.0,6275.031005859375,4.5870109691954495,1368.0,0.0,43.47283852100372,0.03177839073172787,1368.0,0.0,23963.555603027344,17.517219008060923,1368.0,0.0,416.2946376800537,0.3043089456725539,1,1,11,#b3b3b3,0,01,#f3e6b3
890,480291818151,G48002901818151,48,029,181815,1,480291818151,Block Group 1,G5030,S,546935.0,2925.0,+29.5479022,-098.6017872,3465.051866,549858.335563,48,029,181815,1,0.44111969111969107,50334.0,609.0,0.0,25688.23940061521,42.181017078185896,607.0,0.0,342960.08236694336,565.008372927419,605.0,0.0,13829.931640625,22.859391141528924,605.0,0.0,3386.220703125,5.597059013429752,605.0,0.0,0.0,0.0,605.0,0.0,10170.5341796875,16.810800297004132,605.0,0.0,273.17620849609375,0.45153092313403925,0,0,00,#f3f3f3,0,00,#f3f3f3
891,480291818152,G48002901818152,48,029,181815,2,480291818152,Block Group 2,G5030,S,2617941.0,2753.0,+29.5469345,-098.5937820,10323.36703,2620692.87556,48,029,181815,2,0.798050139275766,29243.0,2924.0,0.0,124765.52054345561,42.66946667012846,2930.0,0.0,1039609.8294830322,354.81564146178573,2914.0,0.0,58304.69494628906,20.008474586921434,2914.0,0.0,21005.601440429688,7.208511132611424,2914.0,0.0,313.27647256851196,0.1075073687606424,2914.0,0.0,35211.914123535156,12.08370422907864,2914.0,0.0,1773.9090099334717,0.6087539498742182,1,1,11,#b3b3b3,1,11,#b3b3b3
892,480291818161,G48002901818161,48,029,181816,1,480291818161,Block Group 1,G5030,S,602549.0,0.0,+29.5598495,-098.6103642,3039.84516113,602548.823631,48,029,181816,1,0.7290419161676647,40387.0,681.0,0.0,28750.701221466064,42.21835715340097,672.0,0.0,175239.72192382812,260.7733957199823,669.0,0.0,18278.0595703125,27.321464230661434,669.0,0.0,3958.340118408203,5.916801372807479,669.0,0.0,0.0,0.0,669.0,0.0,14036.865966796875,20.981862431684416,669.0,0.0,282.8524475097656,0.4227988752014434,1,0,10,#b4d3e1,0,00,#f3f3f3
893,480291818162,G48002901818162,48,029,181816,2,480291818162,Block Group 2,G5030,S,1876795.0,11274.0,+29.5527463,-098.6081127,7816.96147338,1888069.0447,48,029,181816,2,0.49981771782719653,45115.0,2117.0,0.0,89703.87994345248,42.37311286889584,2098.0,0.0,647595.1863555908,308.6726341065733,2115.0,0.0,50117.496337890625,23.69621576259604,2115.0,0.0,10864.763671875,5.137004100177305,2115.0,0.0,123.87006759643555,0.05856740784701444,2115.0,0.0,38356.275390625,18.13535479462175,2115.0,0.0,772.5892486572266,0.36529042489703384,0,0,00,#f3f3f3,0,00,#f3f3f3
894,480291818171,G48002901818171,48,029,181817,1,480291818171,Block Group 1,G5030,S,792102.0,0.0,+29.5162057,-098.6131166,4567.59474348,792101.283734,48,029,181817,1,0.8321289605336298,36251.0,877.0,0.0,37172.94271850586,42.3864797246361,875.0,0.0,165317.6501159668,188.93445727539063,880.0,0.0,17903.6728515625,20.345082785866477,880.0,0.0,3881.96728515625,4.41132646040483,880.0,0.0,40.58160412311554,0.046115459230813116,880.0,0.0,13701.92236328125,15.57036632191051,880.0,0.0,279.2019577026367,0.3172749519348145,1,0,10,#b4d3e1,0,00,#f3f3f3
895,480291818172,G48002901818172,48,029,181817,2,480291818172,Block Group 2,G5030,S,1296594.0,0.0,+29.5080363,-098.6209583,4939.77755562,1296593.44845,48,029,181817,2,0.7539410555174777,38885.0,1439.0,0.0,61424.98349761963,42.685881513286745,1444.0,0.0,278826.42583465576,193.09309268327962,1442.0,0.0,33755.58543872833,23.408866462363616,1442.0,0.0,6595.487531423569,4.5738471091702975,1442.0,0.0,50.45075798034668,0.03498665601965789,1442.0,0.0,26682.007892131805,18.50347287942566,1442.0,0.0,427.63934710621834,0.29655988010139966,1,1,11,#b3b3b3,0,01,#f3e6b3
896,480291818181,G48002901818181,48,029,181818,1,480291818181,Block Group 1,G5030,S,1338709.0,0.0,+29.5269534,-098.6087027,4817.18389302,1338707.32467,48,029,181818,1,0.7774424745379103,28311.0,1476.0,0.0,62242.533699035645,42.169738278479436,1486.0,0.0,634539.507484436,427.0117816180592,1499.0,0.0,30596.998046875,20.41160643554036,1499.0,0.0,7199.10595703125,4.802605708493162,1499.0,0.0,0.0,0.0,1499.0,0.0,22824.2451171875,15.2263142876501,1499.0,0.0,573.6465759277344,0.38268617473497957,1,0,10,#b4d3e1,1,10,#b4d3e1
897,480291818182,G48002901818182,48,029,181818,2,480291818182,Block Group 2,G5030,S,1086322.0,0.0,+29.5351137,-098.6133139,4558.40107584,1086320.05692,48,029,181818,2,0.6031860970311369,57901.0,1218.0,0.0,51172.8257522583,42.01381424651749,1209.0,0.0,762663.9168701172,630.8220983210233,1209.0,0.0,28965.494140625,23.95822509563689,1209.0,0.0,6547.6318359375,5.415741799782879,1209.0,0.0,55.674659729003906,0.046050173473121514,1209.0,0.0,21858.8994140625,18.080148398728287,1209.0,0.0,503.2892761230469,0.4162855881911058,0,0,00,#f3f3f3,0,00,#f3f3f3
898,480291818183,G48002901818183,48,029,181818,3,480291818183,Block Group 3,G5030,S,604783.0,0.0,+29.5211718,-098.6097782,4082.03172657,604782.455894,48,029,181818,3,0.5354796320630749,38538.0,684.0,0.0,28950.27565765381,42.32496441177457,687.0,0.0,151316.5188217163,220.2569415163265,671.0,0.0,10354.6611328125,15.431685741896423,671.0,0.0,2603.406005859375,3.879889725572839,671.0,0.0,10.084957122802734,0.015029742358871436,671.0,0.0,7527.15771484375,11.217820737472056,671.0,0.0,214.01348876953125,0.3189470771528036,0,0,00,#f3f3f3,0,00,#f3f3f3
899,480291818191,G48002901818191,48,029,181819,1,480291818191,Block Group 1,G5030,S,189313.0,0.0,+29.5705551,-098.6031649,2511.2665186,189316.116376,48,029,181819,1,0.6663007683863886,19641.0,207.0,0.0,8764.350185394287,42.339855968088344,210.0,0.0,52283.094467163086,248.9671165103004,214.0,0.0,2023.0977783203125,9.453727936076227,214.0,0.0,507.6754608154297,2.372315237455279,214.0,0.0,0.0,0.0,214.0,0.0,1473.6809387207031,6.8863595267322575,214.0,0.0,41.74169921875,0.19505466924649534,0,0,00,#f3f3f3,2,20,#509dc2
900,480291818192,G48002901818192,48,029,181819,2,480291818192,Block Group 2,G5030,S,1549142.0,1825.0,+29.5658124,-098.6017867,7155.98593369,1550969.48404,48,029,181819,2,0.8612357611322057,27655.0,1742.0,0.0,74225.06742117666,42.60910873775928,1730.0,0.0,302971.0121536255,175.12775268995694,1712.0,0.0,32477.019287109375,18.970221546208748,1712.0,0.0,6835.191162109375,3.992518202166691,1712.0,0.0,291.4051284790039,0.17021327598072658,1712.0,0.0,24885.69140625,14.536034699912383,1712.0,0.0,464.73292541503906,0.2714561480228032,1,1,11,#b3b3b3,1,11,#b3b3b3
901,480291818193,G48002901818193,48,029,181819,3,480291818193,Block Group 3,G5030,S,741979.0,0.0,+29.5678792,-098.6134532,3578.29529921,741978.991373,48,029,181819,3,0.6395125080179602,44379.0,823.0,0.0,34453.05826950073,41.862768249697126,837.0,0.0,149494.23918151855,178.60721527063149,832.0,0.0,16611.383544921875,19.965605222261868,832.0,0.0,5703.41162109375,6.855062044583834,832.0,0.0,10.36561769247055,0.012458675111142488,832.0,0.0,10351.09521484375,12.441220210148739,832.0,0.0,546.511100769043,0.6568643038089459,0,0,00,#f3f3f3,0,00,#f3f3f3
902,480291818194,G48002901818194,48,029,181819,4,480291818194,Block Group 4,G5030,S,1215037.0,4320.0,+29.5621105,-098.6191554,5253.95023261,1219359.17879,48,029,181819,4,0.6067083196317,23018.0,1361.0,0.0,56828.42768859863,41.75490645745675,1360.0,0.0,171001.9063949585,125.73669587864595,1343.0,0.0,22073.904052734375,16.436265117449274,1343.0,0.0,6371.902908325195,4.744529343503496,1343.0,0.0,148.1890001296997,0.11034177224847334,1343.0,0.0,15053.846557617188,11.209118806863133,1343.0,0.0,499.96710681915283,0.37227632674546,0,0,00,#f3f3f3,1,10,#b4d3e1
903,480291818201,G48002901818201,48,029,181820,1,480291818201,Block Group 1,G5030,S,3889246.0,0.0,+29.5837168,-098.6143722,9199.72111418,3889242.52637,48,029,181820,1,0.7391636919938807,4183.0,4327.0,0.0,180814.85047912598,41.787578109342725,4325.0,0.0,2263518.581336975,523.3568974189537,4339.0,0.0,82960.01171875,19.11961551480756,4339.0,0.0,27986.057739257812,6.449886549725239,4339.0,0.0,327.4919385910034,0.07547636289260277,4339.0,0.0,51932.346435546875,11.968736214691605,4339.0,0.0,2714.1114501953125,0.625515429867553,1,0,10,#b4d3e1,2,20,#509dc2
904,480291818202,G48002901818202,48,029,181820,2,480291818202,Block Group 2,G5030,S,1565514.0,3248.0,+29.5684048,-098.6253371,5548.89260848,1568763.04746,48,029,181820,2,0.7545454545454545,29933.0,1748.0,0.0,72129.49099731445,41.26401086802886,1744.0,0.0,317441.1082763672,182.01898410342156,1747.0,0.0,32299.99867248535,18.488837248131283,1747.0,0.0,10600.596794128418,6.067885972597835,1747.0,0.0,186.00336003303528,0.10647015456956799,1747.0,0.0,20484.011825561523,11.72525004325216,1747.0,0.0,1029.3860244750977,0.5892306951775029,1,0,10,#b4d3e1,1,10,#b4d3e1
905,480291818203,G48002901818203,48,029,181820,3,480291818203,Block Group 3,G5030,S,1720478.0,14264.0,+29.5777167,-098.6058930,6406.4428639,1734740.75028,48,029,181820,3,0.7909388646288209,25692.0,1924.0,0.0,80571.65647766858,41.87716033142858,1928.0,0.0,777896.2979736328,403.4731835962826,1924.0,0.0,35859.546875,18.638018126299375,1924.0,0.0,9626.1552734375,5.003199206568347,1924.0,0.0,87.07865905761719,0.045259178304374835,1924.0,0.0,25311.44921875,13.1556388870842,1924.0,0.0,834.8648071289062,0.43392141742666646,1,0,10,#b4d3e1,1,10,#b4d3e1
906,480291818211,G48002901818211,48,029,181821,1,480291818211,Block Group 1,G5030,S,732663.0,0.0,+29.5391783,-098.6261663,5032.85582079,732661.493402,48,029,181821,1,0.5895008605851979,34921.0,818.0,0.0,34331.63298034668,41.970211467416476,828.0,0.0,264939.1377105713,319.9748039982745,810.0,0.0,15433.369577407837,19.053542688157822,810.0,0.0,3419.5176610946655,4.221626742092179,810.0,0.0,4.0650506019592285,0.0050185809900731215,810.0,0.0,11752.623259067535,14.509411430947575,810.0,0.0,257.16386806964874,0.31748625687610954,0,0,00,#f3f3f3,0,00,#f3f3f3
907,480291818212,G48002901818212,48,029,181821,2,480291818212,Block Group 2,G5030,S,517433.0,0.0,+29.5428851,-098.6204715,3538.10254327,517433.672988,48,029,181821,2,0.7493472584856398,28788.0,580.0,0.0,24535.40993499756,42.302430922409584,575.0,0.0,122350.04900360107,212.7826939193062,573.0,0.0,7318.91552734375,12.772976487510908,573.0,0.0,2182.3857421875,3.8087011207460733,573.0,0.0,14.247690677642822,0.02486507971665414,573.0,0.0,4922.242919921875,8.590301779968367,573.0,0.0,200.0393180847168,0.3491087575649508,1,0,10,#b4d3e1,1,10,#b4d3e1
908,480291818221,G48002901818221,48,029,181822,1,480291818221,Block Group 1,G5030,S,1586852.0,1591.0,+29.5282020,-098.6303720,8872.96271696,1588444.2675,48,029,181822,1,0.6658878504672897,27436.0,1778.0,0.0,74419.93099975586,41.855979189963925,1773.0,0.0,757042.232131958,426.9837744681094,1753.0,0.0,30765.997009277344,17.550483176997915,1753.0,0.0,7758.004470825195,4.425558739774783,1753.0,0.0,136.43509197235107,0.07782948771953854,1753.0,0.0,22208.92953491211,12.669098422653798,1753.0,0.0,662.6276016235352,0.3779963500419482,0,0,00,#f3f3f3,1,10,#b4d3e1
909,480291818222,G48002901818222,48,029,181822,2,480291818222,Block Group 2,G5030,S,1391133.0,296.0,+29.5327296,-098.6240379,5141.18581437,1391431.35602,48,029,181822,2,0.6575456053067994,38244.0,1537.0,0.0,64430.274196624756,41.91950175447284,1528.0,0.0,697879.775604248,456.7276018352409,1556.0,0.0,28091.70751953125,18.05379660638255,1556.0,0.0,7095.147216796875,4.559863249869457,1556.0,0.0,90.21829795837402,0.05798091128430207,1556.0,0.0,20301.376220703125,13.047156954179385,1556.0,0.0,604.9658660888672,0.38879554375891207,0,0,00,#f3f3f3,0,00,#f3f3f3
910,480291818223,G48002901818223,48,029,181822,3,480291818223,Block Group 3,G5030,S,805137.0,0.0,+29.5138830,-098.6254366,4370.7780462,805136.531249,48,029,181822,3,0.6663321625689915,29342.0,894.0,0.0,37892.88444519043,42.38577678432934,896.0,0.0,233694.65341186523,260.8199256828853,903.0,0.0,16463.372009277344,18.231862690229615,903.0,0.0,3802.6006774902344,4.211074947386749,903.0,0.0,2.720834732055664,0.0030131060155655196,903.0,0.0,12367.858642578125,13.696410456897148,903.0,0.0,290.19217109680176,0.32136453056124226,0,0,00,#f3f3f3,1,10,#b4d3e1
911,480291818231,G48002901818231,48,029,181823,1,480291818231,Block Group 1,G5030,S,2030400.0,2276.0,+29.5794462,-098.6391920,6538.68818351,2032678.56873,48,029,181823,1,0.5801807833947104,31608.0,2274.0,0.0,94329.60281115684,41.48179543146739,2272.0,0.0,923636.5490112305,406.5301712197317,2256.0,0.0,41225.913024902344,18.27389761742125,2256.0,0.0,10681.594192504883,4.734749198805356,2256.0,0.0,150.58500385284424,0.06674867192058699,2256.0,0.0,29508.116943359375,13.079839070638021,2256.0,0.0,885.6155004501343,0.3925600622562652,0,0,00,#f3f3f3,1,10,#b4d3e1
912,480291818241,G48002901818241,48,029,181824,1,480291818241,Block Group 1,G5030,S,976714.0,0.0,+29.5650966,-098.6327178,4866.40550313,976714.790384,48,029,181824,1,0.775018261504748,46219.0,1085.0,0.0,45005.26626668964,41.47950807989829,1083.0,0.0,250566.23457336426,231.3630974823308,1080.0,0.0,22541.555297851562,20.87181046097367,1080.0,0.0,6026.934555053711,5.580494958383066,1080.0,0.0,123.51021194458008,0.11436130735609266,1080.0,0.0,15880.853271484375,14.70449376989294,1080.0,0.0,510.25876903533936,0.47246182318086977,1,0,10,#b4d3e1,0,00,#f3f3f3
913,480291818242,G48002901818242,48,029,181824,2,480291818242,Block Group 2,G5030,S,277463.0,0.0,+29.5673919,-098.6393587,2245.72887287,277463.991208,48,029,181824,2,0.7981651376146789,30707.0,312.0,0.0,13018.927413167848,41.72733145246105,309.0,0.0,90244.72094726562,292.054113097947,317.0,0.0,5467.912109375,17.248934098974765,317.0,0.0,1487.049072265625,4.691006537115536,317.0,0.0,0.0,0.0,317.0,0.0,3850.55517578125,12.146861753253155,317.0,0.0,130.30780029296875,0.4110656160661475,1,0,10,#b4d3e1,1,10,#b4d3e1
914,480291818243,G48002901818243,48,029,181824,3,480291818243,Block Group 3,G5030,S,1409853.0,2118.0,+29.5655883,-098.6477405,5156.77113685,1411971.34899,48,029,181824,3,0.5421412300683371,20658.0,1561.0,0.0,65423.71813031148,41.911414561378265,1571.0,0.0,455480.01594543457,289.92999105374577,1574.0,0.0,25331.8994140625,16.09396404959498,1574.0,0.0,6506.9493408203125,4.134021182223832,1574.0,0.0,121.08457946777344,0.07692794121205428,1574.0,0.0,18176.199951171875,11.547776334924952,1574.0,0.0,527.6654586791992,0.33523853791562847,0,0,00,#f3f3f3,2,20,#509dc2
915,480291818251,G48002901818251,48,029,181825,1,480291818251,Block Group 1,G5030,S,1348067.0,7674.0,+29.5526946,-098.6589078,5453.57863677,1355740.5595,48,029,181825,1,0.5547735618115055,30942.0,1525.0,0.0,64069.70120181398,42.01291882086163,1486.0,0.0,375611.29151153564,252.7666833859594,1476.0,0.0,24861.698623657227,16.843969257220344,1476.0,0.0,6663.257736206055,4.514402260302205,1476.0,0.0,72.59429821372032,0.04918312887108423,1476.0,0.0,17558.566192626953,11.89604755598032,1476.0,0.0,567.2818584442139,0.38433730246897957,0,0,00,#f3f3f3,1,10,#b4d3e1
916,480291818252,G48002901818252,48,029,181825,2,480291818252,Block Group 2,G5030,S,1659706.0,1078.0,+29.5521364,-098.6496573,6423.06366672,1660782.97655,48,029,181825,2,0.6056187766714083,35901.0,1838.0,0.0,77026.39485886757,41.9077229917669,1873.0,0.0,524151.6388397217,279.8460431605562,1876.0,0.0,39132.185546875,20.859373958888593,1876.0,0.0,8708.166748046875,4.6418799296625135,1876.0,0.0,75.6666488647461,0.040334034576090666,1876.0,0.0,29709.078125,15.83639558901919,1876.0,0.0,639.2747802734375,0.340764808248101,0,0,00,#f3f3f3,0,00,#f3f3f3
917,480291818261,G48002901818261,48,029,181826,1,480291818261,Block Group 1,G5030,S,981465.0,696.0,+29.5479333,-098.6375913,7007.76405538,982160.979157,48,029,181826,1,0.7511990407673861,38133.0,1090.0,0.0,45592.147464475725,41.82765822428966,1091.0,0.0,319641.7713317871,292.98054200897076,1091.0,0.0,21118.429931640625,19.356947691696266,1091.0,0.0,5315.301513671875,4.871953724722158,1091.0,0.0,27.348342895507812,0.025067225385433375,1091.0,0.0,15333.75146484375,14.054767612139093,1091.0,0.0,442.02870178222656,0.4051592133659272,1,0,10,#b4d3e1,0,00,#f3f3f3
918,480291818262,G48002901818262,48,029,181826,2,480291818262,Block Group 2,G5030,S,1023872.0,5898.0,+29.5540230,-098.6429075,6629.6324666,1029771.25126,48,029,181826,2,0.8496621621621622,36126.0,1149.0,0.0,48162.011497730215,41.91645909288965,1149.0,0.0,303154.41592407227,263.8419633803936,1166.0,0.0,22896.550415039062,19.63683569042801,1166.0,0.0,5341.298156738281,4.580873204749812,1166.0,0.0,29.143044471740723,0.024994034709897705,1166.0,0.0,17114.040954589844,14.67756514115767,1166.0,0.0,412.069091796875,0.3534040238395154,1,0,10,#b4d3e1,0,00,#f3f3f3
919,480291818263,G48002901818263,48,029,181826,3,480291818263,Block Group 3,G5030,S,261969.0,0.0,+29.5603318,-098.6369289,2150.4651926,261968.033401,48,029,181826,3,0.7262313860252004,41143.0,287.0,0.0,12011.5791079464,41.852192013750525,298.0,0.0,75198.12927246094,252.3427156793991,293.0,0.0,4567.0107421875,15.587067379479523,293.0,0.0,1339.628662109375,4.572111474776024,293.0,0.0,0.0,0.0,293.0,0.0,3103.8727416992188,10.593422326618494,293.0,0.0,123.50968360900879,0.4215347563447399,1,0,10,#b4d3e1,0,00,#f3f3f3
920,480291818264,G48002901818264,48,029,181826,4,480291818264,Block Group 4,G5030,S,635257.0,0.0,+29.5515354,-098.6382092,2981.05735844,635257.774241,48,029,181826,4,0.6591029023746702,29590.0,707.0,0.0,29629.67917897644,41.909022883983646,705.0,0.0,194890.29872131348,276.4401400302319,700.0,0.0,11669.404418945312,16.670577741350446,700.0,0.0,3433.3648681640625,4.904806954520089,700.0,0.0,0.0,0.0,700.0,0.0,7918.87939453125,11.312684849330358,700.0,0.0,317.1606674194336,0.453086667742048,0,0,00,#f3f3f3,1,10,#b4d3e1
921,480291819011,G48002901819011,48,029,181901,1,480291819011,Block Group 1,G5030,S,721106.0,0.0,+29.5926382,-098.6267196,4636.19526917,721108.450895,48,029,181901,1,0.6823232323232323,15448.0,809.0,0.0,33584.7700920105,41.51393089247281,804.0,0.0,300880.34412384033,374.22928373611984,809.0,0.0,10721.242919921875,13.252463436244591,809.0,0.0,3059.2347717285156,3.7815015719759155,809.0,0.0,21.447324991226196,0.026510908518202963,809.0,0.0,7366.161193847656,9.105267235905632,809.0,0.0,274.3998508453369,0.33918399362835217,1,0,10,#b4d3e1,2,20,#509dc2
922,480291819012,G48002901819012,48,029,181901,2,480291819012,Block Group 2,G5030,S,7191959.0,20047.0,+29.5969455,-098.6099198,12008.673265,7212010.98269,48,029,181901,2,0.49928366762177645,52213.0,8035.0,0.0,332434.9960861206,41.37336603436473,8037.0,0.0,7861975.3226623535,978.2226356429455,8029.0,0.0,165519.44275665283,20.615200243698197,8029.0,0.0,39800.19074630737,4.957054520651061,8029.0,0.0,1222.815677523613,0.1522998726520878,8029.0,0.0,121295.36585617065,15.107157286856477,8029.0,0.0,3201.0679709911346,0.3986882514623408,0,0,00,#f3f3f3,0,00,#f3f3f3
923,480291819021,G48002901819021,48,029,181902,1,480291819021,Block Group 1,G5030,S,6879527.0,1702.0,+29.6411299,-098.6359229,14561.6334825,6881230.50527,48,029,181902,1,0.6100733822548365,77905.0,7682.0,0.0,295563.3602503441,38.47479305523875,7661.0,0.0,13426379.643096924,1752.5622820907092,7669.0,0.0,148723.47998046875,19.392812619698624,7669.0,0.0,52646.48156738281,6.864843078286976,7669.0,0.0,755.4829667806625,0.09851127484426425,7669.0,0.0,89992.78198242188,11.734617548887975,7669.0,0.0,5328.728271484375,0.6948400406160353,0,0,00,#f3f3f3,0,00,#f3f3f3
924,480291819022,G48002901819022,48,029,181902,2,480291819022,Block Group 2,G5030,S,13561969.0,10205.0,+29.6491646,-098.6663438,17176.9253963,13572175.1462,48,029,181902,2,0.466686856450636,54171.0,15131.0,0.0,572648.8159772807,37.8460654270888,15142.0,0.0,17582755.44478607,1161.191087358742,15139.0,0.0,298014.7880859375,19.685236018623257,15139.0,0.0,108208.34094238281,7.1476544647851785,15139.0,0.0,1498.844856262207,0.09900553908859284,15139.0,0.0,177125.67163085938,11.699958493352227,15139.0,0.0,11181.940994262695,0.738618204258055,0,0,00,#f3f3f3,0,00,#f3f3f3
925,480291819023,G48002901819023,48,029,181902,3,480291819023,Block Group 3,G5030,S,7760032.0,0.0,+29.6265674,-098.6269371,14313.2986349,7760030.84855,48,029,181902,3,0.61944027986007,48837.0,8645.0,0.0,338812.33552478265,39.191710297834895,8671.0,0.0,12728194.18989563,1467.9038392221923,8653.0,0.0,173230.966796875,20.019758095097075,8653.0,0.0,55523.30078125,6.4166532741534725,8653.0,0.0,892.7509441375732,0.1031724192924504,8653.0,0.0,111568.11962890625,12.893576751289293,8653.0,0.0,5246.7867431640625,0.6063546449975803,0,0,00,#f3f3f3,0,00,#f3f3f3
926,480291820011,G48002901820011,48,029,182001,1,480291820011,Block Group 1,G5030,S,2876454.0,5746.0,+29.5644735,-098.6671083,7235.30558864,2882198.07181,48,029,182001,1,0.6004343105320304,41468.0,3198.0,0.0,133608.0594218209,41.77863021320228,3203.0,0.0,1056577.8530654907,329.87132471604457,3213.0,0.0,64473.1640625,20.066344246031747,3213.0,0.0,17385.1953125,5.410891787270463,3213.0,0.0,200.3795166015625,0.062365240149879396,3213.0,0.0,45476.8583984375,14.154017553201836,3213.0,0.0,1410.7355346679688,0.43907112812572946,0,0,00,#f3f3f3,0,00,#f3f3f3
927,480291820012,G48002901820012,48,029,182001,2,480291820012,Block Group 2,G5030,S,1535969.0,0.0,+29.5760173,-098.6538037,4993.22565817,1535967.73787,48,029,182001,2,0.5263588067020841,36939.0,1718.0,0.0,71512.79221152114,41.625606642328954,1714.0,0.0,534361.9734954834,311.76311172431934,1704.0,0.0,31261.5009765625,18.345951277325412,1704.0,0.0,8042.625,4.719850352112676,1704.0,0.0,157.36559104919434,0.09235069897253188,1704.0,0.0,22410.670043945312,13.15180166898199,1704.0,0.0,650.8413543701172,0.3819491516256556,0,0,00,#f3f3f3,0,00,#f3f3f3
928,480291820021,G48002901820021,48,029,182002,1,480291820021,Block Group 1,G5030,S,18008063.0,29639.0,+29.6145468,-098.6622885,19727.3392052,18037703.7826,48,029,182002,1,0.45924676784710516,71195.0,20097.0,0.0,742242.1847045271,36.9329842615578,20110.0,0.0,186084008.64169312,9253.30724225227,20114.0,0.0,311770.5867919922,15.500178323157611,20114.0,0.0,123513.21853637695,6.140659169552399,20114.0,0.0,1813.28883934021,0.09015058364026102,20114.0,0.0,173303.99768066406,8.616088181399228,20114.0,0.0,13140.086929321289,0.6532806467794218,0,0,00,#f3f3f3,0,00,#f3f3f3
929,480291820022,G48002901820022,48,029,182002,2,480291820022,Block Group 2,G5030,S,2709262.0,611.0,+29.5798153,-098.6841839,9011.65630727,2709874.62525,48,029,182002,2,0.4922526817640047,42302.0,3018.0,0.0,117634.83911132812,38.9777465577628,3017.0,0.0,8044189.478729248,2666.2875302383986,3015.0,0.0,64237.412841796875,21.305941241060324,3015.0,0.0,20676.271118164062,6.857801365891895,3015.0,0.0,195.87826919555664,0.06496791681444665,3015.0,0.0,41376.56994628906,13.72357212148891,3015.0,0.0,1988.6899490356445,0.6595986563965653,0,0,00,#f3f3f3,0,00,#f3f3f3
930,480291820023,G48002901820023,48,029,182002,3,480291820023,Block Group 3,G5030,S,2065735.0,670.0,+29.5885390,-098.6552523,7123.89676898,2066404.12168,48,029,182002,3,0.5907473309608541,66597.0,2320.0,0.0,94758.20836257935,40.84405532869799,2311.0,0.0,890396.4334106445,385.28621090897644,2299.0,0.0,56410.00524902344,24.53675739409458,2299.0,0.0,11404.870880126953,4.960796381090454,2299.0,0.0,71.10750961303711,0.030929756247515053,2299.0,0.0,44185.78991699219,19.21956934188438,2299.0,0.0,748.2364978790283,0.32546172156547554,0,0,00,#f3f3f3,0,00,#f3f3f3
931,480291820024,G48002901820024,48,029,182002,4,480291820024,Block Group 4,G5030,S,1710251.0,793.0,+29.5717819,-098.6766418,8398.39373595,1711044.10948,48,029,182002,4,0.39954467842914054,52618.0,1908.0,0.0,76933.69941278893,40.32164539454347,1907.0,0.0,2453555.751953125,1286.6050088899449,1899.0,0.0,41061.50842285156,21.62270059128571,1899.0,0.0,10559.996131896973,5.560819448076342,1899.0,0.0,147.69209253787994,0.07777361376402314,1899.0,0.0,29450.434326171875,15.508390903723999,1899.0,0.0,903.3858122825623,0.4757165941456357,0,0,00,#f3f3f3,0,00,#f3f3f3
932,480291820025,G48002901820025,48,029,182002,5,480291820025,Block Group 5,G5030,S,1576431.0,1458.0,+29.5740352,-098.6676256,5863.22137418,1577886.85897,48,029,182002,5,0.5861746847267633,43517.0,1736.0,0.0,71591.58507906277,41.23939232664906,1750.0,0.0,838170.6541290283,478.9546595023019,1768.0,0.0,46595.69921875,26.3550334947681,1768.0,0.0,8909.419982910156,5.039264696216152,1768.0,0.0,48.9273738861084,0.027673854007979864,1768.0,0.0,37091.212890625,20.97919281143948,1768.0,0.0,546.138427734375,0.30890182564161484,0,0,00,#f3f3f3,0,00,#f3f3f3
933,480291820031,G48002901820031,48,029,182003,1,480291820031,Block Group 1,G5030,S,5939086.0,3937.0,+29.5952357,-098.6387277,10215.3185225,5943024.76301,48,029,182003,1,0.6790232421300382,50731.0,6611.0,0.0,266190.44802856445,40.264778101431624,6616.0,0.0,4082196.175819397,617.0187690174421,6622.0,0.0,139098.01599121094,21.005438838902286,6622.0,0.0,43799.744689941406,6.614277361815374,6622.0,0.0,583.0193481445312,0.08804278890735899,6622.0,0.0,90554.3637084961,13.674775552476003,6622.0,0.0,4160.888126373291,0.6283431178455589,0,0,00,#f3f3f3,0,00,#f3f3f3
934,480291820032,G48002901820032,48,029,182003,2,480291820032,Block Group 2,G5030,S,1877531.0,2399.0,+29.6133448,-098.6431935,6330.93529196,1879926.34586,48,029,182003,2,0.6627620221948212,60511.0,2097.0,0.0,81357.68205074483,38.7971778973509,2095.0,0.0,1896834.6923828125,905.4103543593377,2101.0,0.0,46087.279296875,21.935877818598286,2101.0,0.0,11151.814025878906,5.307860078952359,2101.0,0.0,166.7900161743164,0.07938601436188311,2101.0,0.0,33874.8994140625,16.123226755860305,2101.0,0.0,893.7754211425781,0.42540476970136987,0,0,00,#f3f3f3,0,00,#f3f3f3
935,480291821011,G48002901821011,48,029,182101,1,480291821011,Block Group 1,G5030,S,10289145.0,21223.0,+29.7033471,-098.6458237,14970.7786561,10310361.4534,48,029,182101,1,0.3082685105157015,49460.0,11513.0,0.0,462819.2376653572,40.199707953214386,11537.0,0.0,8001469.17175293,693.5485110299844,11542.0,0.0,229657.8321533203,19.897576863049757,11542.0,0.0,55257.990982055664,4.787557700749928,11542.0,0.0,1363.8749313354492,0.11816625639711048,11542.0,0.0,168792.9053955078,14.624233702608544,11542.0,0.0,4243.0642738342285,0.367619500418838,0,0,00,#f3f3f3,0,00,#f3f3f3
936,480291821013,G48002901821013,48,029,182101,3,480291821013,Block Group 3,G5030,S,6377179.0,28234.0,+29.7318286,-098.6278893,13319.8652938,6405412.91875,48,029,182101,3,0.01189499589827725,86412.0,7159.0,0.0,280989.5817279214,39.24983681071677,7188.0,0.0,23466142.307861328,3264.6274774431454,7167.0,0.0,130849.63586425781,18.257239551312658,7167.0,0.0,40145.653259277344,5.601458526479328,7167.0,0.0,771.037326335907,0.10758159987943448,7167.0,0.0,85938.71322631836,11.99089064131692,7167.0,0.0,3994.2293739318848,0.5573084099249176,0,0,00,#f3f3f3,0,00,#f3f3f3
937,480291821021,G48002901821021,48,029,182102,1,480291821021,Block Group 1,G5030,S,811232.0,1018.0,+29.6689003,-098.6412208,5229.02456627,812252.203265,48,029,182102,1,0.47908366533864544,38361.0,907.0,0.0,37135.960762023926,40.94372741127224,903.0,0.0,174861.49925231934,193.64507115428498,913.0,0.0,17495.73583984375,19.16290891549151,913.0,0.0,3887.19873046875,4.257610876745619,913.0,0.0,72.97220993041992,0.07992575019761218,913.0,0.0,13257.4521484375,14.520758103436473,913.0,0.0,278.11358642578125,0.304615100137767,0,0,00,#f3f3f3,0,00,#f3f3f3
938,480291821022,G48002901821022,48,029,182102,2,480291821022,Block Group 2,G5030,S,10246107.0,36425.0,+29.7165701,-098.6861640,17581.7558046,10282535.7088,48,029,182102,2,0.26116642958748226,51224.0,11480.0,0.0,438967.9289329574,38.23762447151197,11476.0,0.0,32124332.001037598,2799.2621123246427,11489.0,0.0,196243.58813476562,17.08099818389465,11489.0,0.0,53452.825439453125,4.6525220157936396,11489.0,0.0,2138.4933547973633,0.18613398509856066,11489.0,0.0,136122.91796875,11.848108448842371,11489.0,0.0,4529.34733581543,0.39423338287191484,0,0,00,#f3f3f3,0,00,#f3f3f3
939,480291821023,G48002901821023,48,029,182102,3,480291821023,Block Group 3,G5030,S,10546408.0,9768.0,+29.6827724,-098.6564026,16682.5239088,10556183.0201,48,029,182102,3,0.39514679448771717,52877.0,11783.0,0.0,462127.37770514854,39.219840253343676,11784.0,0.0,23333507.344604492,1980.1007590465456,11785.0,0.0,202760.45727539062,17.204960311870227,11785.0,0.0,57295.95007324219,4.861769204348086,11785.0,0.0,1363.8166933059692,0.11572479366194054,11785.0,0.0,138997.5311279297,11.794444728716986,11785.0,0.0,5103.166500091553,0.4330221892313579,0,0,00,#f3f3f3,0,00,#f3f3f3
940,480291821031,G48002901821031,48,029,182103,1,480291821031,Block Group 1,G5030,S,141312667.0,431906.0,+29.6666806,-098.7362806,54158.2231587,141744584.757,48,029,182103,1,0.46769289243633594,64793.0,158144.0,0.0,5635164.495753663,35.63312231734155,158133.0,0.0,4618223426.964902,29204.678510904756,158115.0,0.0,2781301.2329101562,17.590369243336536,158115.0,0.0,1132281.4734191895,7.161126227234541,158115.0,0.0,13322.764649391174,0.08425996679246861,158115.0,0.0,1507318.8919677734,9.533054371614163,158115.0,0.0,128377.98974609375,0.8119279622179664,0,0,00,#f3f3f3,0,00,#f3f3f3
941,480291821051,G48002901821051,48,029,182105,1,480291821051,Block Group 1,G5030,S,37127515.0,85051.0,+29.5999558,-098.7919613,49905.2942065,37212568.4648,48,029,182105,1,0.6627783669141039,38023.0,41454.0,0.0,1539626.2951120732,37.14059668818626,41485.0,0.0,765305376.622097,18447.76127810286,41483.0,0.0,692223.2309570312,16.686913457489364,41483.0,0.0,237565.60595703125,5.7268183582921015,41483.0,0.0,4432.983283996582,0.10686264937436014,41483.0,0.0,426577.66796875,10.283192343098378,41483.0,0.0,23646.957321166992,0.5700397107530071,0,0,00,#f3f3f3,0,00,#f3f3f3
942,480291821061,G48002901821061,48,029,182106,1,480291821061,Block Group 1,G5030,S,15159978.0,23039.0,+29.5958350,-098.7281964,34414.3559559,15183016.1834,48,029,182106,1,0.5700689202494257,57501.0,16908.0,0.0,623682.0183018249,36.886800230767975,16895.0,0.0,38279591.87927437,2265.7349440233425,16927.0,0.0,303965.95703125,17.957461867504577,16927.0,0.0,108954.54345703125,6.43673087121352,16927.0,0.0,2072.980255126953,0.1224658979811516,16927.0,0.0,182016.6875,10.753038784190938,16927.0,0.0,10921.753723144531,0.6452267810683837,0,0,00,#f3f3f3,0,00,#f3f3f3
943,480291821062,G48002901821062,48,029,182106,2,480291821062,Block Group 2,G5030,S,13332685.0,11636.0,+29.5512987,-098.7225007,18625.32302,13344324.6754,48,029,182106,2,0.5980629539951574,46331.0,14855.0,0.0,575968.2645939037,38.77268694674545,14849.0,0.0,24386680.930927277,1642.3113294448972,14850.0,0.0,265820.9214477539,17.9003987506905,14850.0,0.0,84882.63491821289,5.716002351394807,14850.0,0.0,1572.1125379800797,0.10586616417374274,14850.0,0.0,171218.62854766846,11.52987397627397,14850.0,0.0,8147.533313035965,0.5486554419552838,0,0,00,#f3f3f3,0,00,#f3f3f3
944,480291901001,G48002901901001,48,029,190100,1,480291901001,Block Group 1,G5030,S,518486.0,0.0,+29.4479655,-098.5017089,3257.44103615,518486.953387,48,029,190100,1,0.55929203539823,30820.0,560.0,0.0,24315.80267715454,43.421076209204536,590.0,0.0,25355.625874519348,42.975637075456525,579.0,0.0,7639.993896484375,13.195153534515327,579.0,0.0,1956.47705078125,3.3790622638708983,579.0,0.0,85.99195861816406,0.14851806324380668,579.0,0.0,5452.9420166015625,9.41786185941548,579.0,0.0,144.5828399658203,0.2497112952777553,0,2,02,#f3b300,1,12,#b36600
945,480291901002,G48002901901002,48,029,190100,2,480291901002,Block Group 2,G5030,S,295351.0,0.0,+29.4465946,-098.5062462,2645.25789436,295351.221933,48,029,190100,2,0.9177631578947368,21097.0,337.0,0.0,14657.123401641846,43.492947779352654,331.0,0.0,8527.088740348816,25.761597402866514,312.0,0.0,4875.4954833984375,15.626588087815504,312.0,0.0,1176.5098876953125,3.770865024664463,312.0,0.0,8.10341739654541,0.025972491655594263,312.0,0.0,3603.5050048828125,11.549695528470552,312.0,0.0,87.37708854675293,0.2800547709831825,2,2,22,#000000,1,12,#b36600
946,480291901003,G48002901901003,48,029,190100,3,480291901003,Block Group 3,G5030,S,340440.0,0.0,+29.4511412,-098.5087417,2608.57474435,340442.218569,48,029,190100,3,0.8365921787709497,31564.0,386.0,0.0,16727.963912963867,43.33669407503592,377.0,0.0,21028.164905548096,55.77762574415941,371.0,0.0,6302.54931640625,16.988003548264825,371.0,0.0,1233.174560546875,3.323920648374326,371.0,0.0,2.138547420501709,0.005764278761460132,371.0,0.0,4990.6982421875,13.452016825303234,371.0,0.0,76.53823852539062,0.20630252971803403,1,2,12,#b36600,1,12,#b36600
947,480291901004,G48002901901004,48,029,190100,4,480291901004,Block Group 4,G5030,S,497547.0,0.0,+29.4471347,-098.5121022,3248.95918551,497547.484427,48,029,190100,4,0.9409486931268151,19985.0,550.0,0.0,23896.814010620117,43.44875274658203,557.0,0.0,24663.65319442749,44.27944918209603,557.0,0.0,9987.41796875,17.93073243940754,557.0,0.0,2434.3365478515625,4.370442635281082,557.0,0.0,10.899778366088867,0.019568722380769957,557.0,0.0,7358.6337890625,13.211191721835727,557.0,0.0,183.5471649169922,0.32952812372889084,2,2,22,#000000,2,22,#000000
948,480291902001,G48002901902001,48,029,190200,1,480291902001,Block Group 1,G5030,S,582363.0,0.0,+29.4539860,-098.4791313,4577.04315111,582364.348647,48,029,190200,1,0.6336633663366337,64949.0,645.0,0.0,27732.264266967773,42.99575855343841,644.0,0.0,128502.38514709473,199.53786513524025,653.0,0.0,14322.334930419922,21.933131593292376,653.0,0.0,3113.3906784057617,4.767826460039451,653.0,0.0,13.262902021408081,0.020310722850548364,653.0,0.0,10976.261810302734,16.808976738595305,653.0,0.0,219.41935920715332,0.33601739541677383,0,1,01,#f3e6b3,0,01,#f3e6b3
949,480291902002,G48002901902002,48,029,190200,2,480291902002,Block Group 2,G5030,S,287151.0,0.0,+29.4499725,-098.4892952,2518.04954051,287151.357662,48,029,190200,2,0.8646907216494846,37255.0,308.0,0.0,13301.169128417969,43.185614053305095,319.0,0.0,38018.60290145874,119.18057335880482,320.0,0.0,7520.15625,23.50048828125,320.0,0.0,1455.249755859375,4.547655487060547,320.0,0.0,1.8266760110855103,0.005708362534642219,320.0,0.0,5973.8994140625,18.668435668945314,320.0,0.0,89.18070983886719,0.27868971824645994,1,2,12,#b36600,0,02,#f3b300
950,480291902003,G48002901902003,48,029,190200,3,480291902003,Block Group 3,G5030,S,446310.0,0.0,+29.4549518,-098.4874410,3043.62257863,446312.604976,48,029,190200,3,0.7112375533428166,57812.0,488.0,0.0,20898.24333190918,42.82426912276471,497.0,0.0,113459.3962097168,228.28852356079838,500.0,0.0,12380.06982421875,24.7601396484375,500.0,0.0,2530.2490234375,5.060498046875,500.0,0.0,6.334636926651001,0.012669273853302002,500.0,0.0,9675.09765625,19.3501953125,500.0,0.0,168.38839721679688,0.33677679443359376,1,1,11,#b3b3b3,0,01,#f3e6b3
951,480291902004,G48002901902004,48,029,190200,4,480291902004,Block Group 4,G5030,S,477200.0,0.0,+29.4499863,-098.4955719,2761.83675573,477200.920676,48,029,190200,4,0.6472772277227723,48873.0,546.0,0.0,23625.584747314453,43.270301735008154,528.0,0.0,46729.62908935547,88.50308539650656,519.0,0.0,10393.4921875,20.02599650770713,519.0,0.0,2702.99365234375,5.208080254997592,519.0,0.0,34.7144660949707,0.06688721790938479,519.0,0.0,7453.6416015625,14.361544511681117,519.0,0.0,202.14306640625,0.3894856770833333,0,2,02,#f3b300,0,02,#f3b300
952,480291902005,G48002901902005,48,029,190200,5,480291902005,Block Group 5,G5030,S,461354.0,0.0,+29.4558047,-098.4955470,2723.84467172,461355.262124,48,029,190200,5,0.5990180032733224,77496.0,525.0,0.0,22510.94060897827,42.877982112339566,504.0,0.0,115771.41060638428,229.70517977457197,513.0,0.0,12358.708984375,24.09105065180312,513.0,0.0,2636.26513671875,5.138918395163255,513.0,0.0,0.0,0.0,513.0,0.0,9541.34130859375,18.599105864705166,513.0,0.0,181.10306549072266,0.3530274181105705,0,1,01,#f3e6b3,0,01,#f3e6b3
953,480291904001,G48002901904001,48,029,190400,1,480291904001,Block Group 1,G5030,S,271887.0,0.0,+29.4670092,-098.4929838,2862.0991382,271886.939845,48,029,190400,1,0.6787234042553192,61921.0,301.0,0.0,12784.91321182251,42.474794723662825,299.0,0.0,75479.55126953125,252.43997080110785,296.0,0.0,5790.181640625,19.561424461570947,296.0,0.0,1282.8798828125,4.334053658150338,296.0,0.0,1.91578209400177,0.006472236804060034,296.0,0.0,4411.85888671875,14.904928671347129,296.0,0.0,93.52732849121094,0.3159707043621991,0,1,01,#f3e6b3,0,01,#f3e6b3
954,480291904002,G48002901904002,48,029,190400,2,480291904002,Block Group 2,G5030,S,1403888.0,0.0,+29.4619227,-098.4877677,6340.98837243,1403890.10347,48,029,190400,2,0.5097791798107256,39434.0,1582.0,0.0,67068.8592453003,42.39498055960828,1561.0,0.0,458134.95140075684,293.4881174892741,1543.0,0.0,35734.47216796875,23.159087600757452,1543.0,0.0,10403.766357421875,6.742557587441267,1543.0,0.0,54.61730194091797,0.03539682562599998,1543.0,0.0,24312.046875,15.756349238496435,1543.0,0.0,964.0403137207031,0.6247830937917713,0,0,00,#f3f3f3,0,00,#f3f3f3
955,480291904003,G48002901904003,48,029,190400,3,480291904003,Block Group 3,G5030,S,411340.0,0.0,+29.4644028,-098.4928473,3159.81056134,411342.006525,48,029,190400,3,0.41374663072776285,43540.0,445.0,0.0,18893.149059295654,42.45651473999023,448.0,0.0,130788.8292388916,291.93935097966875,472.0,0.0,12035.4052734375,25.4987399860964,472.0,0.0,2778.2840576171875,5.8861950373245495,472.0,0.0,0.0,0.0,472.0,0.0,9041.856201171875,19.156475002482786,472.0,0.0,215.2651824951172,0.4560703018964347,0,1,01,#f3e6b3,0,01,#f3e6b3
956,480291905011,G48002901905011,48,029,190501,1,480291905011,Block Group 1,G5030,S,265617.0,0.0,+29.4650918,-098.5204577,3003.36304233,265619.191353,48,029,190501,1,0.8159922928709056,19672.0,300.0,0.0,12993.438201904297,43.311460673014324,303.0,0.0,12765.379304885864,42.12996470259361,301.0,0.0,5227.7562255859375,17.367960882345308,301.0,0.0,1082.9563293457031,3.59786155928805,301.0,0.0,1.5593575239181519,0.005180589780458976,301.0,0.0,4071.3324584960938,13.526021456797654,301.0,0.0,71.90799045562744,0.2388969782578985,1,2,12,#b36600,2,22,#000000
957,480291905012,G48002901905012,48,029,190501,2,480291905012,Block Group 2,G5030,S,360148.0,0.0,+29.4618132,-098.5198990,2816.09508603,360149.136501,48,029,190501,2,0.8763250883392226,15950.0,386.0,0.0,16715.14196395874,43.30347659056668,387.0,0.0,18380.91562652588,47.49590601169478,409.0,0.0,8780.1572265625,21.4673770820599,409.0,0.0,1697.904296875,4.15135524908313,409.0,0.0,1.514804482460022,0.003703678441222548,409.0,0.0,6979.498046875,17.064787400672373,409.0,0.0,101.23997497558594,0.2475305011628018,1,2,12,#b36600,2,22,#000000
958,480291905013,G48002901905013,48,029,190501,3,480291905013,Block Group 3,G5030,S,483740.0,27139.0,+29.4567233,-098.5198558,3145.29960618,510881.023405,48,029,190501,3,0.8761061946902655,25950.0,573.0,0.0,24802.545337677002,43.28541943748168,572.0,0.0,38146.113887786865,66.68901029333368,564.0,0.0,12446.014892578125,22.067402291805188,564.0,0.0,2791.3439331054688,4.949191370754377,564.0,0.0,48.58595848083496,0.08614531645538114,564.0,0.0,9412.910888671875,16.689558313248007,564.0,0.0,193.17369079589844,0.3425065439643589,1,2,12,#b36600,1,12,#b36600
959,480291905031,G48002901905031,48,029,190503,1,480291905031,Block Group 1,G5030,S,462142.0,0.0,+29.4554469,-098.5039248,2944.08381165,462143.253103,48,029,190503,1,0.8925233644859814,38625.0,499.0,0.0,21519.803813934326,43.125859346561775,517.0,0.0,55003.738021850586,106.39020893974968,533.0,0.0,12051.9677734375,22.611571807575046,533.0,0.0,2299.24072265625,4.3137724627697,533.0,0.0,4.161780834197998,0.007808219201121947,533.0,0.0,9609.9111328125,18.02985203154315,533.0,0.0,138.65428924560547,0.260139379447665,2,1,21,#376387,0,01,#f3e6b3
960,480291905032,G48002901905032,48,029,190503,2,480291905032,Block Group 2,G5030,S,413259.0,0.0,+29.4600817,-098.5032239,2916.11316087,413257.314063,48,029,190503,2,0.6006749156355455,36808.0,446.0,0.0,19172.689113616943,42.98809218299763,463.0,0.0,70304.96538543701,151.84657750634344,448.0,0.0,9309.572265625,20.78029523577009,448.0,0.0,1968.1658935546875,4.393227440970285,448.0,0.0,15.58309268951416,0.03478368903909411,448.0,0.0,7192.97265625,16.055742536272323,448.0,0.0,132.85154724121094,0.29654363223484587,0,1,01,#f3e6b3,0,01,#f3e6b3
961,480291905033,G48002901905033,48,029,190503,3,480291905033,Block Group 3,G5030,S,375565.0,0.0,+29.4644183,-098.5035762,2568.73542106,375564.276729,48,029,190503,3,0.8117647058823529,27932.0,405.0,0.0,17429.745094299316,43.03640764024522,420.0,0.0,48383.13314628601,115.19793606258574,446.0,0.0,7635.339111328125,17.119594420018217,446.0,0.0,1676.8384399414062,3.7597274438148123,446.0,0.0,1.7742605805397034,0.003978162736636106,446.0,0.0,5836.103515625,13.085433891535875,446.0,0.0,120.62263107299805,0.2704543297600853,1,1,11,#b3b3b3,1,11,#b3b3b3
962,480291905041,G48002901905041,48,029,190504,1,480291905041,Block Group 1,G5030,S,551997.0,0.0,+29.4563427,-098.5121712,3465.17043287,551994.03838,48,029,190504,1,0.8144963144963144,24068.0,607.0,0.0,26259.251377105713,43.260710670684865,594.0,0.0,39556.977546691895,66.5942382940941,618.0,0.0,15066.8828125,24.38006927588997,618.0,0.0,3212.7386474609375,5.198606225664947,618.0,0.0,2.628631353378296,0.004253448791874265,618.0,0.0,11635.42724609375,18.827552178145226,618.0,0.0,216.0879364013672,0.3496568550183935,1,2,12,#b36600,1,12,#b36600
963,480291905042,G48002901905042,48,029,190504,2,480291905042,Block Group 2,G5030,S,613680.0,0.0,+29.4628251,-098.5116123,3304.51677451,613681.60319,48,029,190504,2,0.8962432915921288,20935.0,697.0,0.0,30166.901916503906,43.281064442616795,677.0,0.0,28180.74067592621,41.62590941791168,677.0,0.0,13809.7041015625,20.39838124307607,677.0,0.0,2781.147216796875,4.108046110482829,677.0,0.0,2.685335159301758,0.003966521653326082,677.0,0.0,10847.938232421875,16.023542440800405,677.0,0.0,177.9338836669922,0.2628270068936369,2,2,22,#000000,1,12,#b36600
964,480291906011,G48002901906011,48,029,190601,1,480291906011,Block Group 1,G5030,S,392625.0,0.0,+29.4761989,-098.5228621,2953.84938349,392623.224198,48,029,190601,1,0.9236739974126779,13764.0,448.0,0.0,19400.236755371094,43.30409990038191,439.0,0.0,20612.073734283447,46.952331968755004,437.0,0.0,8461.5693359375,19.362858892305493,437.0,0.0,1900.0909423828125,4.348034193095681,437.0,0.0,6.561452388763428,0.015014765191678324,437.0,0.0,6420.0341796875,14.691153729262014,437.0,0.0,134.8826904296875,0.3086560421731979,2,2,22,#000000,2,22,#000000
965,480291906012,G48002901906012,48,029,190601,2,480291906012,Block Group 2,G5030,S,451075.0,0.0,+29.4713264,-098.5210521,2889.32846939,451077.395956,48,029,190601,2,0.9220238095238096,17725.0,518.0,0.0,22430.100540161133,43.30135239413346,505.0,0.0,23623.26021385193,46.778733096736495,495.0,0.0,9205.880981445312,18.597739356455175,495.0,0.0,1818.0567169189453,3.672841852361506,495.0,0.0,0.6237429976463318,0.0012600868639319833,495.0,0.0,7271.813720703125,14.690532769097222,495.0,0.0,115.38673114776611,0.23310450736922447,2,2,22,#000000,2,22,#000000
966,480291906013,G48002901906013,48,029,190601,3,480291906013,Block Group 3,G5030,S,308679.0,0.0,+29.4680874,-098.5210972,3977.35942134,308679.289932,48,029,190601,3,1.0,13404.0,334.0,0.0,14464.170738220215,43.30590041383298,330.0,0.0,14837.077247619629,44.960840144301905,330.0,0.0,5600.104637145996,16.970014051957563,330.0,0.0,1240.5563850402832,3.759261772849343,330.0,0.0,9.445250630378723,0.028621971607208252,330.0,0.0,4262.64395904541,12.917102906198213,330.0,0.0,87.45916652679443,0.2650277773539225,2,2,22,#000000,2,22,#000000
967,480291906031,G48002901906031,48,029,190603,1,480291906031,Block Group 1,G5030,S,572577.0,0.0,+29.4773048,-098.5036049,3059.99122747,572580.352905,48,029,190603,1,0.9461034231609614,22276.0,614.0,0.0,26513.883804694517,43.18222118028423,610.0,0.0,29507.66523361206,48.373221694446,633.0,0.0,16268.890625,25.70124901263823,633.0,0.0,2877.923828125,4.546483140797788,633.0,0.0,20.130125045776367,0.03180114541196898,633.0,0.0,13222.349609375,20.88838800849131,633.0,0.0,148.48760986328125,0.23457758272240323,2,2,22,#000000,1,12,#b36600
968,480291906032,G48002901906032,48,029,190603,2,480291906032,Block Group 2,G5030,S,713519.0,0.0,+29.4703225,-098.5035776,3375.79552364,713518.859159,48,029,190603,2,0.9405144694533762,21769.0,786.0,0.0,33936.89484024048,43.17671099267236,812.0,0.0,31566.768949508667,38.87533121860673,785.0,0.0,15041.693115234375,19.16139250348328,785.0,0.0,3087.5552978515625,3.93319146223129,785.0,0.0,72.73825454711914,0.092660196875311,785.0,0.0,11685.353881835938,14.885801123357883,785.0,0.0,196.04578018188477,0.2497398473654583,2,2,22,#000000,1,12,#b36600
969,480291906041,G48002901906041,48,029,190604,1,480291906041,Block Group 1,G5030,S,502037.0,0.0,+29.4780449,-098.5181554,3180.55388838,502035.179042,48,029,190604,1,0.9268965517241379,15023.0,548.0,0.0,23742.68047215874,43.32605925576412,543.0,0.0,19939.38337135315,36.72077968941648,557.0,0.0,12069.357421875,21.668505245736085,557.0,0.0,2501.874267578125,4.4916952739284115,557.0,0.0,6.415642261505127,0.011518208728016385,557.0,0.0,9399.1513671875,16.874598504824956,557.0,0.0,161.9159393310547,0.29069288928376064,2,2,22,#000000,2,22,#000000
970,480291906042,G48002901906042,48,029,190604,2,480291906042,Block Group 2,G5030,S,439778.0,0.0,+29.4776039,-098.5110612,2868.15539182,439778.963001,48,029,190604,2,0.9295546558704454,17520.0,486.0,0.0,21042.209284402416,43.29672692263871,480.0,0.0,18551.471242904663,38.64889842271805,496.0,0.0,10412.86328125,20.993675970262096,496.0,0.0,1997.39892578125,4.027013963268649,496.0,0.0,0.7128491401672363,0.0014371958471113635,496.0,0.0,8292.794921875,16.719344600554436,496.0,0.0,121.95703887939453,0.24588112677297286,2,2,22,#000000,2,22,#000000
971,480291906043,G48002901906043,48,029,190604,3,480291906043,Block Group 3,G5030,S,701329.0,0.0,+29.4704185,-098.5121002,3510.14422374,701332.188889,48,029,190604,3,0.9885814668423364,17119.0,793.0,0.0,34375.26692199707,43.34838199495217,777.0,0.0,14051.989683151245,18.08492880714446,753.0,0.0,12999.536499023438,17.263660689274154,753.0,0.0,3296.036651611328,4.377206708647182,753.0,0.0,45.990922927856445,0.061076922878959425,753.0,0.0,9437.201904296875,12.53280465378071,753.0,0.0,220.30699920654297,0.29257237610430675,2,2,22,#000000,2,22,#000000
972,480291907001,G48002901907001,48,029,190700,1,480291907001,Block Group 1,G5030,S,524459.0,0.0,+29.4834208,-098.4952639,2892.37881101,524459.332002,48,029,190700,1,0.5140562248995983,46695.0,595.0,0.0,25491.703692417923,42.84319948305533,597.0,0.0,111319.0064239502,186.46399736005057,585.0,0.0,14040.52685546875,24.00090060763889,585.0,0.0,2687.7025146484375,4.594363272903312,585.0,0.0,13.357820510864258,0.022833881215152577,585.0,0.0,11176.26025390625,19.104718382745727,585.0,0.0,163.2065658569336,0.2789855826614249,0,1,01,#f3e6b3,0,01,#f3e6b3
973,480291907002,G48002901907002,48,029,190700,2,480291907002,Block Group 2,G5030,S,338539.0,0.0,+29.4701688,-098.4956647,2558.55984575,338537.773312,48,029,190700,2,0.6148346738159071,43760.0,386.0,0.0,16500.785270690918,42.74814836966559,388.0,0.0,51562.68976211548,132.8935303147306,384.0,0.0,6751.88330078125,17.58302942911784,384.0,0.0,1469.813232421875,3.827638626098633,384.0,0.0,12.063399314880371,0.03141510238250097,384.0,0.0,5168.8798828125,13.460624694824219,384.0,0.0,101.12721252441406,0.26335211594899494,0,1,01,#f3e6b3,0,01,#f3e6b3
974,480291907003,G48002901907003,48,029,190700,3,480291907003,Block Group 3,G5030,S,603196.0,0.0,+29.4763621,-098.4958126,3163.70378528,603193.879168,48,029,190700,3,0.9576470588235294,85165.0,667.0,0.0,28550.185964942553,42.803877008909375,668.0,0.0,93077.0587272644,139.33691426237186,675.0,0.0,14915.963623046875,22.09772388599537,675.0,0.0,2840.3678588867188,4.207952383535879,675.0,0.0,22.208872079849243,0.03290203271088777,675.0,0.0,11886.359008789062,17.609420753761572,675.0,0.0,167.02878761291504,0.2474500557228371,2,1,21,#376387,0,01,#f3e6b3
975,480291908001,G48002901908001,48,029,190800,1,480291908001,Block Group 1,G5030,S,654749.0,0.0,+29.4701987,-098.4848754,4309.89731184,654754.534729,48,029,190800,1,0.22875297855440824,111359.0,744.0,0.0,31016.82280731201,41.68927796681722,740.0,0.0,456614.64376831055,617.0468159031224,727.0,0.0,14556.890625,20.023233321870702,727.0,0.0,3904.3369140625,5.370477185780605,727.0,0.0,79.5534439086914,0.10942702050714086,727.0,0.0,10227.4140625,14.067969824621732,727.0,0.0,345.5871887207031,0.4753606447327416,0,0,00,#f3f3f3,0,00,#f3f3f3
976,480291908002,G48002901908002,48,029,190800,2,480291908002,Block Group 2,G5030,S,943315.0,0.0,+29.4782063,-098.4878489,4211.99846154,943315.841297,48,029,190800,2,0.1705029838022165,152063.0,1053.0,0.0,44155.750088176224,41.93328593369062,1045.0,0.0,886321.3443603516,848.1543965170829,1041.0,0.0,25623.79461669922,24.614596173582342,1041.0,0.0,6018.897705078125,5.781842175867555,1041.0,0.0,27.38646349310875,0.026307841972246636,1041.0,0.0,19104.68701171875,18.352244968029538,1041.0,0.0,472.8212900161743,0.45419912585607525,0,0,00,#f3f3f3,0,00,#f3f3f3
977,480291909011,G48002901909011,48,029,190901,1,480291909011,Block Group 1,G5030,S,1140102.0,0.0,+29.5135555,-098.5028612,5071.92725259,1140101.40191,48,029,190901,1,0.8729889923793396,35758.0,1305.0,0.0,56337.81823464856,43.17074194225943,1260.0,0.0,206040.78266906738,163.52443068973602,1240.0,0.0,24422.948486328125,19.695926198651712,1240.0,0.0,4695.868469238281,3.786990700998614,1240.0,0.0,213.59455490112305,0.1722536733073573,1240.0,0.0,19211.60595703125,15.493230610509073,1240.0,0.0,301.8818359375,0.24345309349798386,1,2,12,#b36600,0,02,#f3b300
978,480291909012,G48002901909012,48,029,190901,2,480291909012,Block Group 2,G5030,S,702314.0,0.0,+29.5162391,-098.4955098,3384.44335593,702310.709479,48,029,190901,2,0.9328478964401294,13750.0,788.0,0.0,34241.22523880005,43.45333152131986,788.0,0.0,32656.113534927368,41.4417684453393,768.0,0.0,9120.744140625,11.875968933105469,768.0,0.0,2823.463134765625,3.6763842900594077,768.0,0.0,209.9836082458496,0.2734161565701167,768.0,0.0,5867.952392578125,7.640563011169434,768.0,0.0,219.3461456298828,0.2856069604555766,2,2,22,#000000,2,22,#000000
979,480291909013,G48002901909013,48,029,190901,3,480291909013,Block Group 3,G5030,S,1055943.0,0.0,+29.4928992,-098.4955384,4770.09300923,1055945.62645,48,029,190901,3,0.8426966292134832,22627.0,1154.0,0.0,49712.72359650188,43.078616634750325,1203.0,0.0,211796.98497772217,176.0573441211323,1207.0,0.0,24473.732696533203,20.276497677326596,1207.0,0.0,4615.148155212402,3.8236521584195544,1207.0,0.0,285.3926912546158,0.23644796292843065,1207.0,0.0,19293.425888061523,15.984611340564642,1207.0,0.0,279.76649165153503,0.2317866542266239,1,1,11,#b3b3b3,1,11,#b3b3b3
980,480291909014,G48002901909014,48,029,190901,4,480291909014,Block Group 4,G5030,S,551280.0,0.0,+29.5032115,-098.5029594,3411.4345162,551280.392738,48,029,190901,4,0.6288167938931297,22277.0,629.0,0.0,27118.924380788456,43.11434718726304,600.0,0.0,96989.48309326172,161.64913848876952,611.0,0.0,14272.8603515625,23.359836909267592,611.0,0.0,2800.7220764160156,4.583833185623593,611.0,0.0,28.63785743713379,0.04687047043720751,611.0,0.0,11260.294311523438,18.429286925570274,611.0,0.0,183.20603370666504,0.29984620901254505,0,1,01,#f3e6b3,1,11,#b3b3b3
981,480291909015,G48002901909015,48,029,190901,5,480291909015,Block Group 5,G5030,S,1013250.0,0.0,+29.5056406,-098.4954287,4208.96016779,1013252.80239,48,029,190901,5,0.3341935483870968,20292.0,1109.0,0.0,47940.678703064135,43.22874544911103,1142.0,0.0,136509.77581214905,119.53570561484155,1148.0,0.0,30719.88671875,26.759483204486063,1148.0,0.0,5352.410385131836,4.6623783842611815,1148.0,0.0,71.0094985961914,0.06185496393396464,1148.0,0.0,25010.744018554688,21.7863623855006,1148.0,0.0,285.7223377227783,0.24888705376548634,0,2,02,#f3b300,2,22,#000000
982,480291909021,G48002901909021,48,029,190902,1,480291909021,Block Group 1,G5030,S,858630.0,0.0,+29.5156279,-098.4874695,3746.53713223,858630.790975,48,029,190902,1,0.5888056412516527,26874.0,959.0,0.0,41702.26435089111,43.485155736069984,979.0,0.0,50491.60402870178,51.5746721437199,978.0,0.0,24634.55517578125,25.18870672370271,978.0,0.0,4421.84912109375,4.521318119727761,978.0,0.0,77.36795043945312,0.0791083337826719,978.0,0.0,19895.75244140625,20.343305154812118,978.0,0.0,239.58680725097656,0.24497628553269588,0,2,02,#f3b300,1,12,#b36600
983,480291909022,G48002901909022,48,029,190902,2,480291909022,Block Group 2,G5030,S,720480.0,0.0,+29.5076593,-098.4867919,3398.23420555,720479.391962,48,029,190902,2,0.8073248407643312,30363.0,790.0,0.0,34221.151659580835,43.317913493140296,784.0,0.0,37707.78255844116,48.09666142658312,784.0,0.0,24655.2919921875,31.448076520647323,784.0,0.0,3958.629150390625,5.049271875498246,784.0,0.0,0.0,0.0,784.0,0.0,20528.48876953125,26.184296899912308,784.0,0.0,168.17394256591797,0.2145075798034668,1,2,12,#b36600,1,12,#b36600
984,480291909023,G48002901909023,48,029,190902,3,480291909023,Block Group 3,G5030,S,3073849.0,3154.0,+29.4879505,-098.4850888,11540.8849986,3077002.38509,48,029,190902,3,0.5278195488721804,88575.0,3406.0,0.0,143684.11494861124,42.18558865197042,3392.0,0.0,2762922.823699951,814.5409267983347,3404.0,0.0,63412.2490234375,18.628745306532757,3404.0,0.0,18374.587158203125,5.397939823208908,3404.0,0.0,933.2081489562988,0.27415045504004076,3404.0,0.0,42482.4384765625,12.480152313913777,3404.0,0.0,1622.0117797851562,0.4765016979392351,0,0,00,#f3f3f3,0,00,#f3f3f3
985,480291910031,G48002901910031,48,029,191003,1,480291910031,Block Group 1,G5030,S,596371.0,0.0,+29.5052327,-098.5208820,5163.90006344,596368.265736,48,029,191003,1,0.7297297297297297,18847.0,663.0,0.0,28610.608775272565,43.153256071301,661.0,0.0,32101.374061584473,48.56486242297197,663.0,0.0,16677.18896484375,25.15413116869344,663.0,0.0,3913.683609008789,5.9029918687915375,663.0,0.0,6.075418829917908,0.009163527646935003,663.0,0.0,12494.189147949219,18.844930841552365,663.0,0.0,263.24102210998535,0.3970452822171725,1,2,12,#b36600,2,22,#000000
986,480291910032,G48002901910032,48,029,191003,2,480291910032,Block Group 2,G5030,S,180076.0,0.0,+29.5107166,-098.5228067,1888.45696509,180075.664166,48,029,191003,2,0.9338747099767981,15906.0,202.0,0.0,8701.75471496582,43.07799363844465,201.0,0.0,13752.030967712402,68.4180645159821,200.0,0.0,3592.783100128174,17.96391550064087,200.0,0.0,1260.747592329979,6.303737961649895,200.0,0.0,57.466312408447266,0.2873315620422363,200.0,0.0,2186.2576261758804,10.931288130879402,200.0,0.0,88.31197741627693,0.44155988708138466,2,1,21,#376387,2,21,#376387
987,480291910033,G48002901910033,48,029,191003,3,480291910033,Block Group 3,G5030,S,419177.0,0.0,+29.5014109,-098.5235952,3383.91493932,419177.614716,48,029,191003,3,0.8126036484245439,21302.0,489.0,0.0,21124.28095341665,43.19893855504428,476.0,0.0,18523.58657836914,38.91509785371668,464.0,0.0,10412.46533203125,22.440658043170796,464.0,0.0,2254.36376953125,4.858542606748384,464.0,0.0,33.23563873767853,0.07162853176223821,464.0,0.0,7978.48095703125,17.195002062567347,464.0,0.0,146.38516235351562,0.3154852636929216,1,2,12,#b36600,1,12,#b36600
988,480291910034,G48002901910034,48,029,191003,4,480291910034,Block Group 4,G5030,S,493200.0,0.0,+29.4952786,-098.5219782,3002.06648677,493201.157024,48,029,191003,4,0.9029883066262452,18535.0,548.0,0.0,23696.066456164102,43.24099718278121,541.0,0.0,20790.644876480103,38.43002749811479,564.0,0.0,12872.83984375,22.824184120124112,564.0,0.0,2292.406005859375,4.064549655779033,564.0,0.0,2.605044364929199,0.0046188729874631195,564.0,0.0,10454.732421875,18.536759613253547,564.0,0.0,123.09599304199219,0.2182553068120429,2,2,22,#000000,2,22,#000000
989,480291910035,G48002901910035,48,029,191003,5,480291910035,Block Group 5,G5030,S,336457.0,0.0,+29.4955046,-098.5162234,2503.03069851,336456.218019,48,029,191003,5,0.920585967617579,16568.0,375.0,0.0,16208.179524496038,43.221812065322766,371.0,0.0,14824.299890518188,39.95768164560159,377.0,0.0,9352.9287109375,24.808829471982758,377.0,0.0,1632.922119140625,4.331358406208555,377.0,0.0,2.2197914123535156,0.005888040881574312,377.0,0.0,7632.603515625,20.24563266744032,377.0,0.0,85.18318939208984,0.22595010448830197,2,2,22,#000000,2,22,#000000
990,480291910036,G48002901910036,48,029,191003,6,480291910036,Block Group 6,G5030,S,540909.0,0.0,+29.5053217,-098.5157373,3587.57700597,540909.926324,48,029,191003,6,0.7728093947606143,23743.0,599.0,0.0,25803.8000351592,43.07813027572488,605.0,0.0,59156.28273773193,97.77897973178833,603.0,0.0,12216.881225585938,20.260167869960096,603.0,0.0,2472.4478454589844,4.100245183182396,603.0,0.0,31.712493896484375,0.05259120049168221,603.0,0.0,9557.108459472656,15.849267760319496,603.0,0.0,155.6122341156006,0.2580634064935333,1,1,11,#b3b3b3,1,11,#b3b3b3
991,480291910041,G48002901910041,48,029,191004,1,480291910041,Block Group 1,G5030,S,374843.0,0.0,+29.4999019,-098.5101094,3286.29107318,374841.530498,48,029,191004,1,0.9521791767554479,15581.0,417.0,0.0,18001.195782740964,43.168335210409985,435.0,0.0,36846.31555175781,84.70417368220187,425.0,0.0,7460.65576171875,17.554484145220588,425.0,0.0,1647.4302978515625,3.876306583180147,425.0,0.0,34.9753532409668,0.08229494880227482,425.0,0.0,5672.180419921875,13.346306870404412,425.0,0.0,106.06966018676758,0.2495756710276884,2,2,22,#000000,2,22,#000000
992,480291910042,G48002901910042,48,029,191004,2,480291910042,Block Group 2,G5030,S,944053.0,0.0,+29.4949379,-098.5034982,4487.78934554,944053.182537,48,029,191004,2,0.8710257948410318,11961.0,1073.0,0.0,46388.30266458181,43.23234171908836,1036.0,0.0,84113.42037010193,81.1905602028011,1022.0,0.0,20248.246948242188,19.81237470473795,1022.0,0.0,5314.074035644531,5.1996810524897565,1022.0,0.0,189.512797832489,0.185433265980909,1022.0,0.0,14354.991088867188,14.04597953900899,1022.0,0.0,389.6700439453125,0.38128184339071675,1,2,12,#b36600,2,22,#000000
993,480291910043,G48002901910043,48,029,191004,3,480291910043,Block Group 3,G5030,S,333492.0,0.0,+29.4953526,-098.5114973,2589.5761079,333491.643214,48,029,191004,3,0.9248826291079812,18979.0,368.0,0.0,15914.152340482866,43.244979186094746,373.0,0.0,14353.453426361084,38.4811083816651,373.0,0.0,9859.7646484375,26.433685384550937,373.0,0.0,1682.796142578125,4.511517808520442,373.0,0.0,0.8100558519363403,0.0021717315065317437,373.0,0.0,8093.087890625,21.697286570040216,373.0,0.0,83.07042694091797,0.2227089194126487,2,2,22,#000000,2,22,#000000
994,480291910051,G48002901910051,48,029,191005,1,480291910051,Block Group 1,G5030,S,436307.0,0.0,+29.4879967,-098.5044851,3276.51377287,436303.899407,48,029,191005,1,0.853551912568306,17322.0,480.0,0.0,20771.330170222183,43.273604521296214,473.0,0.0,20242.190645217896,42.795329059657284,473.0,0.0,10076.40673828125,21.30318549319503,473.0,0.0,1918.9987487792969,4.057079807144391,473.0,0.0,1.0692737102508545,0.002260620951904555,473.0,0.0,8047.6734619140625,17.014108798972646,473.0,0.0,108.66455268859863,0.22973478369682587,1,2,12,#b36600,2,22,#000000
995,480291910052,G48002901910052,48,029,191005,2,480291910052,Block Group 2,G5030,S,436611.0,0.0,+29.4827817,-098.5035266,2695.64150781,436611.535982,48,029,191005,2,0.9415584415584416,20698.0,477.0,0.0,20605.073118472974,43.19721827772112,480.0,0.0,27828.93685913086,57.97695178985596,483.0,0.0,11572.929443359375,23.960516445878625,483.0,0.0,2035.50927734375,4.2143049220367494,483.0,0.0,0.490083783864975,0.0010146662191821427,483.0,0.0,9429.55908203125,19.52289665016822,483.0,0.0,107.36983108520508,0.22229778692589042,2,2,22,#000000,2,22,#000000
996,480291910061,G48002901910061,48,029,191006,1,480291910061,Block Group 1,G5030,S,358291.0,0.0,+29.4908205,-098.5135439,3276.82063159,358292.930862,48,029,191006,1,0.8848484848484849,26710.0,388.0,0.0,16795.406443786145,43.28713000975811,397.0,0.0,11877.48564338684,29.918099857397586,417.0,0.0,9671.24609375,23.192436675659472,417.0,0.0,1688.800048828125,4.049880213017087,417.0,0.0,5.3828208446502686,0.01290844327254261,417.0,0.0,7890.102294921875,18.921108620915767,417.0,0.0,86.96114349365234,0.20853991245480177,2,2,22,#000000,1,12,#b36600
997,480291910062,G48002901910062,48,029,191006,2,480291910062,Block Group 2,G5030,S,493555.0,0.0,+29.4884810,-098.5227380,2983.7350035,493556.739068,48,029,191006,2,0.9017857142857143,26641.0,550.0,0.0,23820.565683467106,43.31011942448565,544.0,0.0,14209.006782531738,26.119497762006873,545.0,0.0,12804.11181640625,23.493783149369268,545.0,0.0,2271.3697814941406,4.167650975218606,545.0,0.0,5.516718626022339,0.010122419497288695,545.0,0.0,10406.375,19.09426605504587,545.0,0.0,120.85023498535156,0.22174355043183772,2,2,22,#000000,1,12,#b36600
998,480291910063,G48002901910063,48,029,191006,3,480291910063,Block Group 3,G5030,S,584876.0,0.0,+29.4836527,-098.5123318,3270.7772042,584874.322593,48,029,191006,3,0.9637681159420289,14302.0,655.0,0.0,28359.291825755015,43.29662874161071,673.0,0.0,24983.288465499878,37.12227112258525,658.0,0.0,14223.3701171875,21.61606400788374,658.0,0.0,2565.3614807128906,3.898725654578861,658.0,0.0,5.603203773498535,0.008515507254557044,658.0,0.0,11511.009155273438,17.493934886433795,658.0,0.0,141.39711380004883,0.21488923069916235,2,2,22,#000000,2,22,#000000
999,480291910064,G48002901910064,48,029,191006,4,480291910064,Block Group 4,G5030,S,381614.0,0.0,+29.4828317,-098.5215937,2640.78141619,381612.864539,48,029,191006,4,0.9719484457922669,14909.0,448.0,0.0,19410.852274457495,43.327795255485476,448.0,0.0,12873.962060928345,28.73652245742934,422.0,0.0,9316.79052734375,22.077702671430686,422.0,0.0,1699.0963134765625,4.026294581698015,422.0,0.0,2.138547420501709,0.005067647915880827,422.0,0.0,7520.9376220703125,17.82212706651733,422.0,0.0,94.61752700805664,0.22421214930819108,2,2,22,#000000,2,22,#000000
1000,480291910065,G48002901910065,48,029,191006,5,480291910065,Block Group 5,G5030,S,409635.0,0.0,+29.4877767,-098.5144648,3253.10113353,409633.955176,48,029,191006,5,0.9768270944741533,25483.0,463.0,0.0,20049.843372159863,43.30419734807746,456.0,0.0,11966.635486602783,26.242621681146453,451.0,0.0,9058.1796875,20.08465562638581,451.0,0.0,1659.9879150390625,3.6806827384458147,451.0,0.0,3.341480255126953,0.007409047128884597,451.0,0.0,7298.56298828125,16.18306649286308,451.0,0.0,96.28790283203125,0.21349867590250832,2,2,22,#000000,1,12,#b36600
1001,480291911011,G48002901911011,48,029,191101,1,480291911011,Block Group 1,G5030,S,3035883.0,3969.0,+29.5312513,-098.5274611,7800.2477489,3039853.36271,48,029,191101,1,0.3743633276740238,52579.0,3377.0,0.0,140146.17343902588,41.50019941931474,3382.0,0.0,3180940.136367798,940.5500107533405,3382.0,0.0,67946.04302978516,20.09049172968219,3382.0,0.0,22018.352577209473,6.510453157069625,3382.0,0.0,416.0601224899292,0.12302191676224991,3382.0,0.0,43400.59931945801,12.83282061486044,3382.0,0.0,2111.027819633484,0.6241950974670266,0,0,00,#f3f3f3,0,00,#f3f3f3
1002,480291911012,G48002901911012,48,029,191101,2,480291911012,Block Group 2,G5030,S,1014426.0,0.0,+29.5240073,-098.5135463,4419.306392,1014423.40079,48,029,191101,2,0.4916129032258064,50193.0,1134.0,0.0,47980.736598968506,42.31105520191226,1135.0,0.0,729296.1890258789,642.5517083928448,1123.0,0.0,27958.945556640625,24.896656773500112,1123.0,0.0,6088.5947265625,5.421722819735084,1123.0,0.0,28.45392417907715,0.02533742135269559,1123.0,0.0,21400.5615234375,19.05659975372885,1123.0,0.0,441.33522033691406,0.39299663431604104,0,0,00,#f3f3f3,0,00,#f3f3f3
1003,480291911021,G48002901911021,48,029,191102,1,480291911021,Block Group 1,G5030,S,891560.0,0.0,+29.5169488,-098.5119517,3870.90458907,891559.356057,48,029,191102,1,0.4236842105263158,113396.0,980.0,0.0,41875.86215591431,42.73047158766766,993.0,0.0,431492.38592529297,434.53412479888516,1002.0,0.0,26658.4794921875,26.60526895427894,1002.0,0.0,5595.751953125,5.5845827875499,1002.0,0.0,14.157155990600586,0.014128898194212161,1002.0,0.0,20669.298828125,20.62804274263972,1002.0,0.0,379.27032470703125,0.37851329811080964,0,1,01,#f3e6b3,0,01,#f3e6b3
1004,480291911022,G48002901911022,48,029,191102,2,480291911022,Block Group 2,G5030,S,633510.0,0.0,+29.5085159,-098.5103817,3417.13191291,633509.996995,48,029,191102,2,0.6601941747572815,43247.0,698.0,0.0,29965.29443975827,42.93022126039867,705.0,0.0,180715.3966369629,256.33389593895447,710.0,0.0,19285.90234375,27.163242737676057,710.0,0.0,3823.76220703125,5.385580573283451,710.0,0.0,13.018549919128418,0.018335985801589322,710.0,0.0,15204.36474609375,21.41459823393486,710.0,0.0,244.75753784179688,0.34472892653774206,0,1,01,#f3e6b3,0,01,#f3e6b3
1005,480291911023,G48002901911023,48,029,191102,3,480291911023,Block Group 3,G5030,S,819726.0,0.0,+29.5144992,-098.5199258,3982.93070062,819726.768804,48,029,191102,3,0.7462121212121212,39832.0,914.0,0.0,39114.178649902344,42.79450618151241,911.0,0.0,249237.8191986084,273.58706827509155,910.0,0.0,26064.351318359375,28.642144305889424,910.0,0.0,4970.8663330078125,5.462490475832761,910.0,0.0,8.699999809265137,0.00956043935084081,910.0,0.0,20786.366821289062,22.842161342075894,910.0,0.0,298.4206199645996,0.32793474721384575,1,1,11,#b3b3b3,0,01,#f3e6b3
1006,480291912011,G48002901912011,48,029,191201,1,480291912011,Block Group 1,G5030,S,701191.0,0.0,+29.5437183,-098.5041372,4123.51768489,701189.175123,48,029,191201,1,0.6733021077283372,39456.0,781.0,0.0,33131.91629191999,42.42242803062739,780.0,0.0,235446.08416748047,301.8539540608724,780.0,0.0,18811.3173828125,24.117073567708335,780.0,0.0,4666.58984375,5.982807491987179,780.0,0.0,1.6201117038726807,0.0020770662870162574,780.0,0.0,13756.041015625,17.635950020032052,780.0,0.0,387.06689453125,0.4962396083733974,0,0,00,#f3f3f3,0,00,#f3f3f3
1007,480291912012,G48002901912012,48,029,191201,2,480291912012,Block Group 2,G5030,S,614989.0,0.0,+29.5407876,-098.4972622,3529.25091353,614990.3337,48,029,191201,2,0.5005847953216374,42862.0,684.0,0.0,29313.495532989502,42.85598762132968,684.0,0.0,153648.80346679688,224.63275360642817,686.0,0.0,18147.416618347168,26.45396008505418,686.0,0.0,3831.764633178711,5.585662730581212,686.0,0.0,7.913769483566284,0.011536107118901288,686.0,0.0,14042.977699279785,20.47081297271106,686.0,0.0,264.7608542442322,0.38594876711987197,0,1,01,#f3e6b3,0,01,#f3e6b3
1008,480291912013,G48002901912013,48,029,191201,3,480291912013,Block Group 3,G5030,S,339672.0,0.0,+29.5356851,-098.4993038,2768.6030322,339672.602902,48,029,191201,3,0.6933085501858736,39805.0,379.0,0.0,16261.674278259277,42.90679229092158,379.0,0.0,65635.52438354492,173.18080312280983,378.0,0.0,9969.2880859375,26.37377800512566,378.0,0.0,1847.4537353515625,4.887443744316303,378.0,0.0,6.510228157043457,0.01722282581228428,378.0,0.0,8009.424072265625,21.18895257213128,378.0,0.0,105.89941787719727,0.2801571901513155,1,1,11,#b3b3b3,0,01,#f3e6b3
1009,480291912021,G48002901912021,48,029,191202,1,480291912021,Block Group 1,G5030,S,838075.0,0.0,+29.5333296,-098.5094256,6217.1487206,838073.278899,48,029,191202,1,0.5355129650507329,47081.0,936.0,0.0,39588.19389343262,42.29507894597502,932.0,0.0,396266.14478302,425.17826693457084,930.0,0.0,23606.520874023438,25.383355778519824,930.0,0.0,5396.64501953125,5.80284410702285,930.0,0.0,0.0,0.0,930.0,0.0,17792.797241210938,19.132040044312838,930.0,0.0,417.080265045166,0.4484734032743721,0,0,00,#f3f3f3,0,00,#f3f3f3
1010,480291912022,G48002901912022,48,029,191202,2,480291912022,Block Group 2,G5030,S,803110.0,0.0,+29.5263776,-098.5019046,4267.36394334,803110.975068,48,029,191202,2,0.9288164665523156,22760.0,896.0,0.0,38577.266929626465,43.05498541252954,884.0,0.0,128861.21531677246,145.7706055619598,900.0,0.0,17652.5009765625,19.613889973958333,900.0,0.0,4439.4305419921875,4.932700602213542,900.0,0.0,118.4153938293457,0.1315726598103841,900.0,0.0,12735.966796875,14.15107421875,900.0,0.0,358.6893997192383,0.3985437774658203,2,1,21,#376387,1,11,#b3b3b3
1011,480291912023,G48002901912023,48,029,191202,3,480291912023,Block Group 3,G5030,S,449005.0,0.0,+29.5287815,-098.5080585,2938.35326387,449004.982549,48,029,191202,3,0.4989648033126294,42397.0,498.0,0.0,21133.700523376465,42.437149645334266,499.0,0.0,211025.72596740723,422.8972464276698,502.0,0.0,13825.048828125,27.539937904631476,502.0,0.0,2783.7481689453125,5.5453150775803035,502.0,0.0,0.0,0.0,502.0,0.0,10857.36376953125,21.628214680341134,502.0,0.0,183.936674118042,0.36640771736661754,0,1,01,#f3e6b3,0,01,#f3e6b3
1012,480291912024,G48002901912024,48,029,191202,4,480291912024,Block Group 4,G5030,S,971416.0,0.0,+29.5390694,-098.5105098,4809.05826712,971417.06513,48,029,191202,4,0.42495921696574224,36798.0,1078.0,0.0,45636.82152308073,42.33471384330309,1082.0,0.0,338222.758392334,312.59034971565063,1080.0,0.0,26902.476196289062,24.90970018174913,1080.0,0.0,5403.899963378906,5.003611077202691,1080.0,0.0,46.69733810424805,0.043238276022451894,1080.0,0.0,21088.78515625,19.526652922453703,1080.0,0.0,363.09560203552246,0.33619963151437265,0,0,00,#f3f3f3,0,00,#f3f3f3
1013,480291913031,G48002901913031,48,029,191303,1,480291913031,Block Group 1,G5030,S,2327414.0,1287.0,+29.5541485,-098.4847276,6424.74027329,2328699.74674,48,029,191303,1,0.5387303436225975,39239.0,2590.0,0.0,110793.72228267138,42.77749895083837,2597.0,0.0,2555932.0690460205,984.1863954740164,2586.0,0.0,54252.98791503906,20.979500353843413,2586.0,0.0,14979.950161457062,5.792710812628408,2586.0,0.0,401.3293058872223,0.15519308038949045,2586.0,0.0,37655.37224006653,14.5612421655323,2586.0,0.0,1216.337234556675,0.4703546924039733,0,1,01,#f3e6b3,0,01,#f3e6b3
1014,480291913041,G48002901913041,48,029,191304,1,480291913041,Block Group 1,G5030,S,1708201.0,0.0,+29.5258188,-098.4887930,6114.29380142,1708203.7978,48,029,191304,1,0.7293064876957495,26471.0,1893.0,0.0,82351.09717178345,43.5029567732612,1898.0,0.0,379225.0130376816,199.80243047296184,1901.0,0.0,44410.96144104004,23.361894498179925,1901.0,0.0,9488.13620185852,4.991128985722526,1901.0,0.0,220.80668711662292,0.11615291273888634,1901.0,0.0,34108.378326416016,17.942334732465028,1901.0,0.0,593.6399974822998,0.31227774722898466,1,2,12,#b36600,1,12,#b36600
1015,480291913042,G48002901913042,48,029,191304,2,480291913042,Block Group 2,G5030,S,1126796.0,0.0,+29.5334380,-098.4922310,5247.18817095,1126795.50848,48,029,191304,2,0.8955613577023499,15723.0,1255.0,0.0,54485.9674911499,43.415113538764864,1258.0,0.0,74884.08016014099,59.526295834770266,1254.0,0.0,17371.8349609375,13.853137927382376,1254.0,0.0,4638.454742431641,3.69892722681949,1254.0,0.0,502.5512390136719,0.4007585638067559,1254.0,0.0,11872.033447265625,9.467331297659989,1254.0,0.0,358.79584312438965,0.2861210870210444,2,2,22,#000000,2,22,#000000
1016,480291914051,G48002901914051,48,029,191405,1,480291914051,Block Group 1,G5030,S,1729525.0,5290.0,+29.5533908,-098.5253508,5622.0698915,1734816.12477,48,029,191405,1,0.7554257095158597,34674.0,1931.0,0.0,79339.73884419983,41.08738417617806,1932.0,0.0,420668.7515563965,217.73744904575386,1928.0,0.0,42206.615234375,21.89139794314056,1928.0,0.0,14812.4140625,7.6827873768153525,1928.0,0.0,152.75652885437012,0.07923056475849072,1928.0,0.0,25806.1728515625,13.384944425084285,1928.0,0.0,1435.2706909179688,0.7444350056628468,1,0,10,#b4d3e1,0,00,#f3f3f3
1017,480291914052,G48002901914052,48,029,191405,2,480291914052,Block Group 2,G5030,S,1564924.0,0.0,+29.5634776,-098.5284495,6172.72594546,1564920.41691,48,029,191405,2,0.5021786492374727,45638.0,1748.0,0.0,71656.63965523282,40.99350094692953,1740.0,0.0,802578.3526916504,461.25192683428185,1740.0,0.0,40364.66320800781,23.198082303452765,1740.0,0.0,10665.767845153809,6.129751635145867,1740.0,0.0,21.564783573150635,0.012393553777672778,1740.0,0.0,28762.402740478516,16.530116517516387,1740.0,0.0,914.9269037246704,0.5258200596118795,0,0,00,#f3f3f3,0,00,#f3f3f3
1018,480291914053,G48002901914053,48,029,191405,3,480291914053,Block Group 3,G5030,S,1038067.0,0.0,+29.5728498,-098.5346624,7609.39816759,1038067.65029,48,029,191405,3,0.41024555461473333,44765.0,1156.0,0.0,47854.21034240723,41.39637572872597,1156.0,0.0,472287.0454406738,408.5528074746313,1156.0,0.0,30121.119506835938,26.056331753318286,1156.0,0.0,6620.326568603516,5.726926097407885,1156.0,0.0,13.03541898727417,0.011276314002832327,1156.0,0.0,23005.492797851562,19.900945326861212,1156.0,0.0,482.2665824890137,0.4171856249904963,0,0,00,#f3f3f3,0,00,#f3f3f3
1019,480291914054,G48002901914054,48,029,191405,4,480291914054,Block Group 4,G5030,S,3905543.0,767.0,+29.5881542,-098.5494711,9731.5144577,3906309.13144,48,029,191405,4,0.3021045485403937,86831.0,4352.0,0.0,175903.4791946411,40.41899797670982,4353.0,0.0,5601733.006408691,1286.8672194828146,4356.0,0.0,82831.48510742188,19.015492448903093,4356.0,0.0,27883.466064453125,6.401163008368486,4356.0,0.0,576.4473648071289,0.13233410578676053,4356.0,0.0,51652.62890625,11.857811961949036,4356.0,0.0,2718.939254760742,0.6241825653720712,0,0,00,#f3f3f3,0,00,#f3f3f3
1020,480291914055,G48002901914055,48,029,191405,5,480291914055,Block Group 5,G5030,S,573681.0,0.0,+29.5725246,-098.5395960,3208.22879389,573680.637428,48,029,191405,5,0.4958791208791209,59203.0,634.0,0.0,26335.31332397461,41.538349091442605,639.0,0.0,233627.55465698242,365.6143265367487,643.0,0.0,16388.5556640625,25.487644889677295,643.0,0.0,3620.950927734375,5.63133892338161,643.0,0.0,29.306629180908203,0.0455779614011014,643.0,0.0,12478.3212890625,19.406409469770608,643.0,0.0,259.9742202758789,0.4043144949858148,0,0,00,#f3f3f3,0,00,#f3f3f3
1021,480291914061,G48002901914061,48,029,191406,1,480291914061,Block Group 1,G5030,S,1278047.0,0.0,+29.5922229,-098.5207134,6802.35040229,1278047.74611,48,029,191406,1,0.5473083197389885,67823.0,1424.0,0.0,59140.74671173096,41.53142325262005,1422.0,0.0,790696.1812438965,556.0451344893787,1423.0,0.0,36639.2307434082,25.74787824554336,1423.0,0.0,8557.090766906738,6.013415858683583,1423.0,0.0,11.721031427383423,0.00823684569738821,1423.0,0.0,27411.231903076172,19.262987985295975,1423.0,0.0,659.1839380264282,0.46323537457935926,0,0,00,#f3f3f3,0,00,#f3f3f3
1022,480291914062,G48002901914062,48,029,191406,2,480291914062,Block Group 2,G5030,S,1265729.0,0.0,+29.6009759,-098.5280301,4603.25638339,1265729.28802,48,029,191406,2,0.2970414201183432,71571.0,1411.0,0.0,58876.954040527344,41.72711129732625,1407.0,0.0,691853.1468505859,491.72220813829847,1411.0,0.0,29885.760498046875,21.180553152407423,1411.0,0.0,10367.8984375,7.347908176824947,1411.0,0.0,103.33858871459961,0.07323783750148803,1411.0,0.0,18583.48162841797,13.170433471593174,1411.0,0.0,831.0429286956787,0.5889744356454137,0,0,00,#f3f3f3,0,00,#f3f3f3
1023,480291914063,G48002901914063,48,029,191406,3,480291914063,Block Group 3,G5030,S,2182688.0,0.0,+29.5999024,-098.5149435,7583.59645604,2182687.76376,48,029,191406,3,0.23188976377952752,70325.0,2422.0,0.0,101227.27751159668,41.79491226738096,2430.0,0.0,1276818.1457061768,525.4395661342292,2447.0,0.0,54797.10546875,22.39358621526359,2447.0,0.0,13278.659606933594,5.426505764991252,2447.0,0.0,109.5620985031128,0.04477404924524429,2447.0,0.0,40365.66613769531,16.49598125774226,2447.0,0.0,1043.2147636413574,0.42632397369896097,0,0,00,#f3f3f3,0,00,#f3f3f3
1024,480291914081,G48002901914081,48,029,191408,1,480291914081,Block Group 1,G5030,S,476163.0,0.0,+29.5485319,-098.5135428,2928.5963437,476163.480151,48,029,191408,1,0.7933425797503467,28280.0,532.0,0.0,22524.857786767618,42.33995824580379,530.0,0.0,63788.54726409912,120.35574955490401,529.0,0.0,3685.216411590576,6.966382630606004,529.0,0.0,1343.5791997909546,2.539847258584035,529.0,0.0,3.2402234077453613,0.0061251860259836696,529.0,0.0,2198.8137855529785,4.156547798776897,529.0,0.0,139.5837403535843,0.26386340331490415,1,0,10,#b4d3e1,1,10,#b4d3e1
1025,480291914082,G48002901914082,48,029,191408,2,480291914082,Block Group 2,G5030,S,249596.0,0.0,+29.5519916,-098.5177180,2238.50959918,249595.466563,48,029,191408,2,0.6956181533646322,25632.0,280.0,0.0,11730.717846881904,41.89542088172109,276.0,0.0,37782.48812866211,136.8930729299352,279.0,0.0,3859.4248046875,13.833063816084229,279.0,0.0,1066.8883972167969,3.8239727498809923,279.0,0.0,0.0,0.0,279.0,0.0,2697.7440185546875,9.669333399837589,279.0,0.0,94.79240989685059,0.3397577415657727,1,0,10,#b4d3e1,1,10,#b4d3e1
1026,480291914091,G48002901914091,48,029,191409,1,480291914091,Block Group 1,G5030,S,240780.0,0.0,+29.5473620,-098.5215776,1994.17033597,240780.390113,48,029,191409,1,0.4305396096440872,40011.0,266.0,0.0,11177.825457316661,42.02190021547617,269.0,0.0,38223.38254547119,142.09435890509738,272.0,0.0,5486.652244567871,20.171515605028937,272.0,0.0,1271.0250492095947,4.672886210329392,272.0,0.0,0.7128491401672363,0.002620768897673663,272.0,0.0,4117.838266372681,15.139111273428973,272.0,0.0,97.07609415054321,0.3568974049652324,0,0,00,#f3f3f3,0,00,#f3f3f3
1027,480291914092,G48002901914092,48,029,191409,2,480291914092,Block Group 2,G5030,S,909846.0,0.0,+29.5415026,-098.5229189,4208.13182924,909846.270351,48,029,191409,2,0.8023287300297861,31579.0,1014.0,0.0,42712.08814620972,42.12237489764272,1015.0,0.0,184430.33586883545,181.70476440279356,1012.0,0.0,14902.833354949951,14.72611991595845,1012.0,0.0,3493.678198814392,3.4522511845992017,1012.0,0.0,75.51126480102539,0.07461587430931363,1012.0,0.0,11061.417789459229,10.930254732667223,1012.0,0.0,272.2273713350296,0.26899937878955493,1,0,10,#b4d3e1,1,10,#b4d3e1
1028,480291914093,G48002901914093,48,029,191409,3,480291914093,Block Group 3,G5030,S,454819.0,0.0,+29.5440737,-098.5164080,2826.99309233,454819.127344,48,029,191409,3,0.8915618060695781,19501.0,504.0,0.0,21344.47471018762,42.350148234499244,506.0,0.0,67805.91361236572,134.00378184262001,505.0,0.0,8123.69873046875,16.08653213954208,505.0,0.0,2024.9359741210938,4.009774206180384,505.0,0.0,0.0,0.0,505.0,0.0,5932.90869140625,11.748334042388613,505.0,0.0,165.8549575805664,0.32842565857537903,2,0,20,#509dc2,2,20,#509dc2
1029,480291914101,G48002901914101,48,029,191410,1,480291914101,Block Group 1,G5030,S,572613.0,0.0,+29.5541310,-098.5080970,4762.86406783,572612.64067,48,029,191410,1,0.7578008915304606,23422.0,635.0,0.0,26721.357853342597,42.08087850920094,633.0,0.0,85154.50187683105,134.52527942627339,643.0,0.0,12315.43994140625,19.15309477668157,643.0,0.0,4520.3775634765625,7.0301361795903,643.0,0.0,86.66349792480469,0.13477993456423745,643.0,0.0,7286.1982421875,11.331568028285382,643.0,0.0,422.20167541503906,0.6566122479238554,1,0,10,#b4d3e1,1,10,#b4d3e1
1030,480291914102,G48002901914102,48,029,191410,2,480291914102,Block Group 2,G5030,S,731406.0,0.0,+29.5577726,-098.5081654,4357.84342497,731406.186277,48,029,191410,2,0.595102754700481,41426.0,814.0,0.0,34124.96223022346,41.92255802238754,810.0,0.0,132463.9639892578,163.5357580114294,813.0,0.0,13814.7958984375,16.992368878766914,813.0,0.0,3507.642578125,4.314443515528906,813.0,0.0,36.503787994384766,0.044900108234175604,813.0,0.0,9982.291015625,12.278340732626075,813.0,0.0,288.3584899902344,0.3546844895328836,0,0,00,#f3f3f3,0,00,#f3f3f3
1031,480291914103,G48002901914103,48,029,191410,3,480291914103,Block Group 3,G5030,S,259314.0,0.0,+29.5499503,-098.5087102,2202.40475668,259314.021533,48,029,191410,3,0.8211764705882353,24203.0,287.0,0.0,12158.219313709425,42.363133497245386,292.0,0.0,40754.923667907715,139.57165639694423,285.0,0.0,1859.067626953125,6.523044305098685,285.0,0.0,769.1544799804688,2.6987876490542764,285.0,0.0,0.0,0.0,285.0,0.0,1006.4613037109375,3.53144317091557,285.0,0.0,83.45162963867188,0.2928127355742873,1,0,10,#b4d3e1,1,10,#b4d3e1
1032,480291914111,G48002901914111,48,029,191411,1,480291914111,Block Group 1,G5030,S,829204.0,0.0,+29.5646438,-098.5157703,4260.24644018,829203.683381,48,029,191411,1,0.6846621380050053,41750.0,920.0,0.0,37991.72492349327,41.295353177710076,927.0,0.0,350185.4359283447,377.76206680511837,926.0,0.0,20288.473419189453,21.909798508843902,926.0,0.0,5340.366241455078,5.767134170037881,926.0,0.0,11.460622310638428,0.012376481976931348,926.0,0.0,14482.986938476562,15.640374663581602,926.0,0.0,453.6581516265869,0.4899116108278476,1,0,10,#b4d3e1,0,00,#f3f3f3
1033,480291914112,G48002901914112,48,029,191411,2,480291914112,Block Group 2,G5030,S,1171651.0,65209.0,+29.5717388,-098.5093066,6016.83491341,1236859.14493,48,029,191411,2,0.46473029045643155,44433.0,1376.0,0.0,57080.86249755555,41.48318495461886,1377.0,0.0,579577.3054504395,420.8985515253736,1373.0,0.0,28811.2568359375,20.98416375523489,1373.0,0.0,7202.224792480469,5.245611647837195,1373.0,0.0,29.828973054885864,0.021725399165976593,1373.0,0.0,20979.72137451172,15.280204934094478,1373.0,0.0,599.4828510284424,0.43662261546135644,0,0,00,#f3f3f3,0,00,#f3f3f3
1034,480291914121,G48002901914121,48,029,191412,1,480291914121,Block Group 1,G5030,S,2043415.0,0.0,+29.5918428,-098.5368018,7077.62051526,2043416.46722,48,029,191412,1,0.3324299909665763,78134.0,2274.0,0.0,93259.93293762207,41.01140410625421,2275.0,0.0,1708038.379058838,750.7861006852035,2280.0,0.0,57870.2919921875,25.381707014117325,2280.0,0.0,15310.254150390625,6.715023750171326,2280.0,0.0,88.83148765563965,0.03896117879633318,2280.0,0.0,41224.0,18.080701754385966,2280.0,0.0,1247.2057189941406,0.5470200521904126,0,0,00,#f3f3f3,0,00,#f3f3f3
1035,480291914131,G48002901914131,48,029,191413,1,480291914131,Block Group 1,G5030,S,835089.0,0.0,+29.5785937,-098.5313519,4159.98649817,835089.108048,48,029,191413,1,0.48537431829449673,43105.0,932.0,0.0,38507.434200286865,41.316989485286335,927.0,0.0,397065.84951782227,428.33424974953857,927.0,0.0,22257.66064453125,24.010421407261326,927.0,0.0,8490.20263671875,9.158794645867044,927.0,0.0,1.1474202871322632,0.0012377780875213195,927.0,0.0,12898.9091796875,13.914680884236786,927.0,0.0,867.4005432128906,0.9357071663569478,0,0,00,#f3f3f3,0,00,#f3f3f3
1036,480291914132,G48002901914132,48,029,191413,2,480291914132,Block Group 2,G5030,S,499014.0,6622.0,+29.5821475,-098.5244335,3650.82645668,505635.065156,48,029,191413,2,0.1852861035422343,60325.0,564.0,0.0,23364.043952941895,41.42560984564166,559.0,0.0,238473.97109985352,426.60817728059664,566.0,0.0,14077.66492843628,24.87219952020544,566.0,0.0,4118.022635936737,7.275658367379394,566.0,0.0,8.210439682006836,0.014506077176690522,566.0,0.0,9605.699249267578,16.97120008704519,566.0,0.0,345.7317695915699,0.6108335151794522,0,0,00,#f3f3f3,0,00,#f3f3f3
1037,480291914133,G48002901914133,48,029,191413,3,480291914133,Block Group 3,G5030,S,617738.0,0.0,+29.5684161,-098.5229124,3320.89931927,617737.971036,48,029,191413,3,0.70335339638865,47916.0,687.0,0.0,28168.823703801798,41.00265459068675,688.0,0.0,342906.62173461914,498.41078740496965,692.0,0.0,15659.7470703125,22.62969229813945,692.0,0.0,4390.4954833984375,6.344646652309881,692.0,0.0,14.356191158294678,0.02074594098019462,692.0,0.0,10866.210693359375,15.702616608900831,692.0,0.0,388.6849822998047,0.5616835004332438,1,0,10,#b4d3e1,0,00,#f3f3f3
1038,480291914134,G48002901914134,48,029,191413,4,480291914134,Block Group 4,G5030,S,735866.0,152.0,+29.5850113,-098.5212811,5331.78072544,736017.945754,48,029,191413,4,0.5143377332726445,43199.0,820.0,0.0,33913.93939590454,41.358462677932366,828.0,0.0,405314.81900024414,489.5106509664784,818.0,0.0,18639.93310546875,22.78720428541412,818.0,0.0,4989.777893066406,6.09997297440881,818.0,0.0,26.79340648651123,0.0327547756558817,818.0,0.0,13208.018920898438,16.146722397186355,818.0,0.0,415.34058380126953,0.5077513249404273,0,0,00,#f3f3f3,0,00,#f3f3f3
1039,480291914135,G48002901914135,48,029,191413,5,480291914135,Block Group 5,G5030,S,994680.0,0.0,+29.5768148,-098.5211348,4791.66151904,994680.018992,48,029,191413,5,0.4458438287153652,58495.0,1106.0,0.0,45405.90734161229,41.054165769993034,1110.0,0.0,595167.8794555664,536.1872787887986,1106.0,0.0,19827.14501953125,17.92689423104091,1106.0,0.0,6037.955131530762,5.459272270823473,1106.0,0.0,119.57787322998047,0.10811742606689012,1106.0,0.0,13087.810363769531,11.833463258381132,1106.0,0.0,581.801296710968,0.5260409554348716,0,0,00,#f3f3f3,0,00,#f3f3f3
1040,480291915031,G48002901915031,48,029,191503,1,480291915031,Block Group 1,G5030,S,2326555.0,6957.0,+29.5634468,-098.5671706,6384.7777938,2333511.13157,48,029,191503,1,0.7050062060405462,54950.0,2599.0,0.0,109491.68527136503,42.128389869705664,2597.0,0.0,1170287.0249176025,450.6303522978831,2597.0,0.0,44428.78125,17.107732479784367,2597.0,0.0,12386.12646484375,4.769397945646419,2597.0,0.0,174.39296340942383,0.06715169942603921,2597.0,0.0,30789.5791015625,11.855825607070658,2597.0,0.0,1078.6840209960938,0.41535772853141845,1,0,10,#b4d3e1,0,00,#f3f3f3
1041,480291915032,G48002901915032,48,029,191503,2,480291915032,Block Group 2,G5030,S,2682619.0,8368.0,+29.5830050,-098.5788729,10300.2240797,2690987.20485,48,029,191503,2,0.5743119266055046,46596.0,2996.0,0.0,127081.11626139705,42.41692799112051,2998.0,0.0,875331.6680221558,291.9718705877771,2998.0,0.0,60268.732666015625,20.102979541699675,2998.0,0.0,20402.24053955078,6.805283702318473,2998.0,0.0,657.3345813751221,0.21925769892432356,2998.0,0.0,37563.54235839844,12.529533808671927,2998.0,0.0,1645.6161651611328,0.5489046581591503,0,0,00,#f3f3f3,0,00,#f3f3f3
1042,480291915033,G48002901915033,48,029,191503,3,480291915033,Block Group 3,G5030,S,615121.0,0.0,+29.5771428,-098.5718475,3938.24103384,615122.738979,48,029,191503,3,0.31999999999999995,47558.0,686.0,0.0,28942.75425368266,42.190603868342066,684.0,0.0,301456.0464782715,440.72521414951973,682.0,0.0,19486.183979034424,28.572117271311473,682.0,0.0,4183.720370650291,6.134487346994562,682.0,0.0,0.0,0.0,682.0,0.0,15008.968319535255,22.007284926004772,682.0,0.0,293.49432757496834,0.43034358881960166,0,0,00,#f3f3f3,0,00,#f3f3f3
1043,480291915041,G48002901915041,48,029,191504,1,480291915041,Block Group 1,G5030,S,2811747.0,11744.0,+29.5915711,-098.5637061,7103.5641934,2823490.90856,48,029,191504,1,0.29229661627069836,83719.0,3147.0,0.0,129556.89255905151,41.16838022213267,3143.0,0.0,3017095.2766418457,959.9412270575392,3147.0,0.0,73058.17712402344,23.21518179981679,3147.0,0.0,20716.105346679688,6.582810723444451,3147.0,0.0,221.9527324438095,0.07052835476447712,3147.0,0.0,50241.37145996094,15.964846348891305,3147.0,0.0,1878.7445154190063,0.5969953973368307,0,0,00,#f3f3f3,0,00,#f3f3f3
1044,480291915042,G48002901915042,48,029,191504,2,480291915042,Block Group 2,G5030,S,2328397.0,0.0,+29.5747875,-098.5557607,6169.84983841,2328397.14962,48,029,191504,2,0.4929078014184397,127973.0,2593.0,0.0,106596.2706402149,41.10924436568257,2592.0,0.0,3335839.3986816406,1286.9750766518675,2593.0,0.0,67749.5341796875,26.127857377434438,2593.0,0.0,16624.43408203125,6.411274231404262,2593.0,0.0,92.97672700881958,0.03585681720355557,2593.0,0.0,49685.21337890625,19.161285529852005,2593.0,0.0,1346.9095153808594,0.5194406152645042,0,0,00,#f3f3f3,0,00,#f3f3f3
1045,480291915051,G48002901915051,48,029,191505,1,480291915051,Block Group 1,G5030,S,559075.0,0.0,+29.5588448,-098.5606702,3396.85506016,559075.348829,48,029,191505,1,0.45629202689721426,49215.0,621.0,0.0,25888.19574550891,41.68791585428166,621.0,0.0,321403.5669555664,517.5580788334403,622.0,0.0,14299.739379882812,22.989934694345358,622.0,0.0,3765.5667114257812,6.053965773996433,622.0,0.0,6.4280314445495605,0.010334455698632734,622.0,0.0,10206.15087890625,16.408602699206188,622.0,0.0,321.5936622619629,0.5170316113536381,0,0,00,#f3f3f3,0,00,#f3f3f3
1046,480291915052,G48002901915052,48,029,191505,2,480291915052,Block Group 2,G5030,S,1871918.0,1480.0,+29.5528449,-098.5480146,5713.06566511,1873400.27498,48,029,191505,2,0.37845849802371545,94886.0,2083.0,0.0,85862.61569655189,41.22065083847907,2089.0,0.0,1518441.4772644043,726.874809604789,2082.0,0.0,51152.73828125,24.569038559678194,2082.0,0.0,12977.11083984375,6.233002324612752,2082.0,0.0,70.05663108825684,0.03364871810194853,2082.0,0.0,37022.091796875,17.781984532600866,2082.0,0.0,1083.4779968261719,0.5204024960740499,0,0,00,#f3f3f3,0,00,#f3f3f3
1047,480291915061,G48002901915061,48,029,191506,1,480291915061,Block Group 1,G5030,S,1396446.0,1624.0,+29.5658357,-098.5458278,6441.87548237,1398072.42143,48,029,191506,1,0.4203152364273205,49780.0,1555.0,0.0,64191.91516168693,41.280974380506066,1564.0,0.0,918779.5227355957,587.4549378104832,1555.0,0.0,38969.65185546875,25.060869360430065,1555.0,0.0,12481.641235351562,8.026778929486536,1555.0,0.0,41.24022674560547,0.026521046138653033,1555.0,0.0,25258.47412109375,16.243391717745176,1555.0,0.0,1188.2949523925781,0.7641768182588927,0,0,00,#f3f3f3,0,00,#f3f3f3
1048,480291915062,G48002901915062,48,029,191506,2,480291915062,Block Group 2,G5030,S,1728508.0,1297.0,+29.5536357,-098.5353699,6658.94944085,1729805.3355,48,029,191506,2,0.7045262861962327,47926.0,1926.0,0.0,79460.73086547852,41.256869608244294,1923.0,0.0,961399.5989227295,499.9477893513934,1923.0,0.0,42206.70788574219,21.948366035227348,1923.0,0.0,12696.587493896484,6.602489596410028,1923.0,0.0,51.174183428287506,0.026611639848303434,1923.0,0.0,28315.60679626465,14.724704522238508,1923.0,0.0,1143.3389282226562,0.5945600250767843,1,0,10,#b4d3e1,0,00,#f3f3f3
1049,480291915063,G48002901915063,48,029,191506,3,480291915063,Block Group 3,G5030,S,649069.0,0.0,+29.5651322,-098.5522815,3689.92749867,649066.702341,48,029,191506,3,0.48484848484848486,65110.0,725.0,0.0,29966.24965692525,41.332758147483105,718.0,0.0,496787.12493896484,691.9040737311489,724.0,0.0,20106.4853515625,27.771388607130525,724.0,0.0,4736.534362792969,6.542174534244432,724.0,0.0,0.0,0.0,724.0,0.0,14999.9169921875,20.71811739252417,724.0,0.0,370.03348541259766,0.5110959743267923,0,0,00,#f3f3f3,0,00,#f3f3f3
1050,480291917011,G48002901917011,48,029,191701,1,480291917011,Block Group 1,G5030,S,4599098.0,11092.0,+29.5819992,-098.4856635,9888.8544942,4610187.33995,48,029,191701,1,0.35822401614530774,98164.0,5138.0,0.0,215409.58043580325,41.924791832581406,5140.0,0.0,14169619.476501465,2756.735306712347,5128.0,0.0,95661.6455078125,18.654767064706025,5128.0,0.0,26442.5390625,5.15650137724259,5128.0,0.0,1591.7593536376953,0.31040549017895774,5128.0,0.0,65241.599609375,12.722620828661272,5128.0,0.0,2385.7516174316406,0.46524017500617015,0,0,00,#f3f3f3,0,00,#f3f3f3
1051,480291917012,G48002901917012,48,029,191701,2,480291917012,Block Group 2,G5030,S,1576891.0,9751.0,+29.5871562,-098.4956990,6540.84109649,1586640.37112,48,029,191701,2,0.2975517890772128,66140.0,1770.0,0.0,73211.93368148804,41.36267439632093,1766.0,0.0,4267513.401855469,2416.4855050144215,1767.0,0.0,34958.86975097656,19.78430659364831,1767.0,0.0,10044.457397460938,5.684469381698324,1767.0,0.0,567.8209915161133,0.32134747680594977,1767.0,0.0,23384.911499023438,13.234245330516943,1767.0,0.0,961.6806106567383,0.5442448277627269,0,0,00,#f3f3f3,0,00,#f3f3f3
1052,480291917021,G48002901917021,48,029,191702,1,480291917021,Block Group 1,G5030,S,3097368.0,0.0,+29.5976064,-098.5042353,12305.2303411,3097365.31894,48,029,191702,1,0.4503761223004126,47219.0,3446.0,0.0,143515.60466003418,41.64701237958044,3449.0,0.0,2221453.663543701,644.0863043037696,3439.0,0.0,65681.57189941406,19.09903224757606,3439.0,0.0,16686.118682861328,4.852026368962294,3439.0,0.0,260.2835156917572,0.07568581439132224,3439.0,0.0,47353.75109863281,13.769628118241586,3439.0,0.0,1381.4180908203125,0.4016917972725538,0,0,00,#f3f3f3,0,00,#f3f3f3
1053,480291917022,G48002901917022,48,029,191702,2,480291917022,Block Group 2,G5030,S,2455560.0,8483.0,+29.6045799,-098.4799617,6679.5676761,2464046.60884,48,029,191702,2,0.13418530351437696,44235.0,2740.0,0.0,115641.05167388916,42.20476338463108,2744.0,0.0,1858465.379776001,677.2833016676389,2751.0,0.0,66063.06640625,24.014200801981097,2751.0,0.0,17123.13720703125,6.224331954573337,2751.0,0.0,87.81562805175781,0.031921347892314725,2751.0,0.0,47510.259765625,17.270178031852055,2751.0,0.0,1341.8533630371094,0.4877693068110176,0,0,00,#f3f3f3,0,00,#f3f3f3
1054,480291917023,G48002901917023,48,029,191702,3,480291917023,Block Group 3,G5030,S,786757.0,0.0,+29.5848693,-098.5084827,4409.14661185,786756.873578,48,029,191702,3,0.2565256525652565,46187.0,882.0,0.0,36497.869327545166,41.380804226241686,874.0,0.0,615560.16015625,704.3022427417048,875.0,0.0,23860.20623779297,27.26880712890625,875.0,0.0,5303.417541503906,6.061048618861607,875.0,0.0,2.0494412779808044,0.0023422186034066338,875.0,0.0,18161.497985839844,20.75599769810268,875.0,0.0,393.2381172180176,0.4494149911063058,0,0,00,#f3f3f3,0,00,#f3f3f3
1055,480291917024,G48002901917024,48,029,191702,4,480291917024,Block Group 4,G5030,S,1756605.0,8645.0,+29.5944578,-098.4957923,8659.85548514,1765251.33229,48,029,191702,4,0.08797909407665505,87712.0,1962.0,0.0,81536.91580200195,41.55806106116307,1958.0,0.0,2555215.242248535,1305.0128918531846,1973.0,0.0,42093.26171875,21.33464861568677,1973.0,0.0,10831.5712890625,5.489899284877091,1973.0,0.0,178.24945545196533,0.0903443768129576,1973.0,0.0,30143.859375,15.278185187531678,1973.0,0.0,939.5828247070312,0.4762203875859256,0,0,00,#f3f3f3,0,00,#f3f3f3
1056,480291918041,G48002901918041,48,029,191804,1,480291918041,Block Group 1,G5030,S,18435289.0,60827.0,+29.7255442,-098.4828247,21533.2595177,18496116.9291,48,029,191804,1,0.46255707762557075,53771.0,20643.0,0.0,780990.4726054139,37.833186678555144,20637.0,0.0,71365826.2970953,3458.1492608952512,20685.0,0.0,376709.20861816406,18.21170938448944,20685.0,0.0,121829.66854858398,5.88975917566275,20685.0,0.0,6581.4341678619385,0.3181742406508068,20685.0,0.0,237066.9224243164,11.460813266826996,20685.0,0.0,11231.207027435303,0.5429638398566741,0,0,00,#f3f3f3,0,00,#f3f3f3
1057,480291918042,G48002901918042,48,029,191804,2,480291918042,Block Group 2,G5030,S,7134564.0,4574.0,+29.6876289,-098.5129872,13113.7790106,7139140.65787,48,029,191804,2,0.2822014051522248,59858.0,7963.0,0.0,317045.7126254976,39.81485779549135,7966.0,0.0,7878341.072219849,988.9958664599358,7970.0,0.0,169900.13830566406,21.317457754788464,7970.0,0.0,47459.665466308594,5.9547886406911665,7970.0,0.0,602.4028930664062,0.07558380088662563,7970.0,0.0,117686.08569335938,14.766133713094025,7970.0,0.0,4151.989795684814,0.5209522955689855,0,0,00,#f3f3f3,0,00,#f3f3f3
1058,480291918043,G48002901918043,48,029,191804,3,480291918043,Block Group 3,G5030,S,4292329.0,18006.0,+29.6983386,-098.4987519,9714.10213938,4310333.66683,48,029,191804,3,0.45242718446601937,54144.0,4844.0,0.0,199046.26549392132,41.091301712205066,4837.0,0.0,3825781.166656494,790.9409068961121,4799.0,0.0,116077.556640625,24.18786343834653,4799.0,0.0,26157.261596679688,5.450565033690287,4799.0,0.0,78.59209442138672,0.016376764830461913,4799.0,0.0,87840.857421875,18.30399196121588,4799.0,0.0,2000.8479232788086,0.41693017780346087,0,0,00,#f3f3f3,0,00,#f3f3f3
1059,480291918061,G48002901918061,48,029,191806,1,480291918061,Block Group 1,G5030,S,654781.0,0.0,+29.6109730,-098.5460448,3389.37224,654781.405003,48,029,191806,1,0.3061420345489443,106528.0,730.0,0.0,29577.26279067993,40.51679834339717,735.0,0.0,400325.1033935547,544.6600046170812,729.0,0.0,20336.238525390625,27.89607479477452,729.0,0.0,3662.3276023864746,5.0237690019018855,729.0,0.0,14.695032119750977,0.020157794402950586,729.0,0.0,16455.98797607422,22.57337170929248,729.0,0.0,203.22825741767883,0.2787767591463359,0,0,00,#f3f3f3,0,00,#f3f3f3
1060,480291918062,G48002901918062,48,029,191806,2,480291918062,Block Group 2,G5030,S,1276612.0,0.0,+29.6131761,-098.5151235,4809.27640145,1276612.26036,48,029,191806,2,0.27387387387387385,55202.0,1428.0,0.0,60225.44546951109,42.1746817013383,1430.0,0.0,501060.6258392334,350.39204604142196,1412.0,0.0,34562.1123046875,24.47741664637925,1412.0,0.0,7180.195556640625,5.085124331898459,1412.0,0.0,44.65003967285156,0.03162184112808184,1412.0,0.0,26856.7822265625,19.020384013146245,1412.0,0.0,480.4814758300781,0.34028433132441793,0,0,00,#f3f3f3,0,00,#f3f3f3
1061,480291918063,G48002901918063,48,029,191806,3,480291918063,Block Group 3,G5030,S,1727025.0,0.0,+29.6120030,-098.5308240,5538.38437765,1727024.17722,48,029,191806,3,0.4616632860040568,66028.0,1912.0,0.0,78615.40984725952,41.11684615442444,1912.0,0.0,915921.3435668945,479.0383596061164,1923.0,0.0,44330.0634765625,23.0525551100169,1923.0,0.0,9644.603393554688,5.015394380423654,1923.0,0.0,88.78683471679688,0.046171000892770084,1923.0,0.0,33911.0478515625,17.634450260822934,1923.0,0.0,685.6258697509766,0.3565397138590622,0,0,00,#f3f3f3,0,00,#f3f3f3
1062,480291918064,G48002901918064,48,029,191806,4,480291918064,Block Group 4,G5030,S,4443679.0,0.0,+29.6223385,-098.5366630,11642.8604697,4443679.51938,48,029,191806,4,0.4679245283018868,105650.0,4952.0,0.0,191594.65291368382,38.69035801972613,4954.0,0.0,61177688.397613525,12349.149858218314,5018.0,0.0,77488.8427734375,15.442176718500896,5018.0,0.0,27328.38751220703,5.446071644521131,5018.0,0.0,324.14752197265625,0.06459695535525234,5018.0,0.0,47025.700927734375,9.371403134263526,5018.0,0.0,2810.608242034912,0.5601052694370092,0,0,00,#f3f3f3,0,00,#f3f3f3
1063,480291918065,G48002901918065,48,029,191806,5,480291918065,Block Group 5,G5030,S,2415607.0,0.0,+29.6142140,-098.5522408,11353.4388587,2415605.80568,48,029,191806,5,0.4145833333333333,81915.0,2702.0,0.0,108977.20330810547,40.33205155740395,2702.0,0.0,2296663.7073669434,849.9865682335097,2679.0,0.0,62406.9248046875,23.294858083123366,2679.0,0.0,15575.368896484375,5.813874168153928,2679.0,0.0,164.69921493530273,0.061477870449907705,2679.0,0.0,45407.9541015625,16.949590930034528,2679.0,0.0,1258.9025573730469,0.4699151016696704,0,0,00,#f3f3f3,0,00,#f3f3f3
1064,480291918071,G48002901918071,48,029,191807,1,480291918071,Block Group 1,G5030,S,4669438.0,53872.0,+29.6632500,-098.6208744,11922.1800575,4723315.16221,48,029,191807,1,0.6012084592145015,79500.0,5276.0,0.0,215248.09660720825,40.79759223032757,5258.0,0.0,4045346.118621826,769.3697448881373,5255.0,0.0,110360.92562866211,21.001127617252543,5255.0,0.0,24024.59087371826,4.571758491668556,5255.0,0.0,487.4295835494995,0.09275539173158887,5255.0,0.0,84113.39274597168,16.006354471164926,5255.0,0.0,1735.515606880188,0.33025986810279506,0,0,00,#f3f3f3,0,00,#f3f3f3
1065,480291918072,G48002901918072,48,029,191807,2,480291918072,Block Group 2,G5030,S,17087606.0,178396.0,+29.6108182,-098.5827567,21027.718611,17266004.7476,48,029,191807,2,0.6487654320987655,51235.0,19250.0,0.0,778677.6597424452,40.45078751908807,19249.0,0.0,17768851.532320023,923.105175973818,19238.0,0.0,275359.876953125,14.313331788809908,19238.0,0.0,93896.49755859375,4.880782698752144,19238.0,0.0,2049.5804443359375,0.10653812477055502,19238.0,0.0,170190.0,8.846553695810375,19238.0,0.0,9223.799011230469,0.4794572726494682,0,0,00,#f3f3f3,0,00,#f3f3f3
1066,480291918073,G48002901918073,48,029,191807,3,480291918073,Block Group 3,G5030,S,5817478.0,27375.0,+29.6428884,-098.6059405,13590.3381304,5844852.97573,48,029,191807,3,0.47148936170212763,126802.0,6522.0,0.0,261021.09055502346,40.021633019782804,6495.0,0.0,10626778.596618652,1636.1475899335878,6514.0,0.0,126507.96484375,19.420934117861528,6514.0,0.0,32207.8095703125,4.944398153256448,6514.0,0.0,977.2214317321777,0.1500186416536963,6514.0,0.0,90563.2236328125,13.902859016397375,6514.0,0.0,2759.7122192382812,0.4236586151732087,0,0,00,#f3f3f3,0,00,#f3f3f3
1067,480291918081,G48002901918081,48,029,191808,1,480291918081,Block Group 1,G5030,S,3714401.0,0.0,+29.6582044,-098.4708155,9641.27361279,3714401.65472,48,029,191808,1,0.44986690328305234,54427.0,4137.0,0.0,171886.15544128418,41.54850264473874,4139.0,0.0,2393270.5420074463,578.2243396973777,4139.0,0.0,82919.71816253662,20.033756502183287,4139.0,0.0,18891.162667274475,4.564185230073562,4139.0,0.0,500.43634033203125,0.12090754779705998,4139.0,0.0,62126.82334899902,15.010104698960866,4139.0,0.0,1401.2957001328468,0.3385589997904921,0,0,00,#f3f3f3,0,00,#f3f3f3
1068,480291918082,G48002901918082,48,029,191808,2,480291918082,Block Group 2,G5030,S,2828647.0,0.0,+29.6554090,-098.4591364,9498.19412125,2828646.45736,48,029,191808,2,0.625197680548234,55770.0,3159.0,0.0,131088.8943862915,41.49695928657534,3151.0,0.0,1969142.5629425049,624.9262338757553,3162.0,0.0,61028.025390625,19.30045078767394,3162.0,0.0,14885.965087890625,4.7077688450001975,3162.0,0.0,330.9590148925781,0.10466762014313033,3162.0,0.0,44628.60546875,14.114043475253004,3162.0,0.0,1182.4967956542969,0.3739711561209035,0,0,00,#f3f3f3,0,00,#f3f3f3
1069,480291918091,G48002901918091,48,029,191809,1,480291918091,Block Group 1,G5030,S,2748887.0,118.0,+29.6712348,-098.4859588,10340.2543167,2749001.42355,48,029,191809,1,0.46816479400749067,54645.0,3064.0,0.0,128181.91156768799,41.83482753514621,3072.0,0.0,1402736.7234039307,456.62002714971703,3064.0,0.0,63340.7177734375,20.672558020051405,3064.0,0.0,13900.602416992188,4.536750136094056,3064.0,0.0,272.8638801574707,0.08905479117410924,3064.0,0.0,48162.86083984375,15.71894936026232,3064.0,0.0,1004.3916473388672,0.32780406244741095,0,0,00,#f3f3f3,0,00,#f3f3f3
1070,480291918092,G48002901918092,48,029,191809,2,480291918092,Block Group 2,G5030,S,1126502.0,0.0,+29.7012087,-098.4855666,4749.05832763,1126500.91174,48,029,191809,2,0.527027027027027,42034.0,1262.0,0.0,52006.951599771215,41.20994580013567,1263.0,0.0,694490.6867675781,549.8738612569898,1254.0,0.0,30412.99560546875,24.252787564169658,1254.0,0.0,6554.160827636719,5.22660353081078,1254.0,0.0,12.26648473739624,0.009781885755499395,1254.0,0.0,23368.5380859375,18.635197835675836,1254.0,0.0,478.0292625427246,0.38120355864651084,0,0,00,#f3f3f3,0,00,#f3f3f3
1071,480291918093,G48002901918093,48,029,191809,3,480291918093,Block Group 3,G5030,S,1516238.0,1368.0,+29.6687950,-098.4968590,5652.57851737,1517611.25321,48,029,191809,3,0.6294363256784969,54418.0,1693.0,0.0,70988.00973510742,41.93030699061277,1695.0,0.0,485460.05879211426,286.40711433163085,1695.0,0.0,41141.560546875,24.272307107300886,1695.0,0.0,7326.544921875,4.322445381637168,1695.0,0.0,53.33026885986328,0.031463285463046185,1695.0,0.0,33360.7578125,19.681863016224188,1695.0,0.0,400.9275817871094,0.23653544648207042,0,0,00,#f3f3f3,0,00,#f3f3f3
1072,480291918094,G48002901918094,48,029,191809,4,480291918094,Block Group 4,G5030,S,2353071.0,0.0,+29.6858907,-098.4835081,8072.36835694,2353068.11476,48,029,191809,4,0.2835526315789474,40848.0,2622.0,0.0,109666.82744396996,41.82563975742561,2622.0,0.0,1569283.8567199707,598.506428954985,2625.0,0.0,59122.61747741699,22.522901896158853,2625.0,0.0,13556.273483276367,5.164294660295759,2625.0,0.0,173.83323001861572,0.06622218286423456,2625.0,0.0,44360.12104797363,16.899093732561383,2625.0,0.0,1032.392113685608,0.3932922337849935,0,0,00,#f3f3f3,0,00,#f3f3f3
1073,480291918101,G48002901918101,48,029,191810,1,480291918101,Block Group 1,G5030,S,2790952.0,0.0,+29.6757187,-098.4609730,6992.2788014,2790950.57743,48,029,191810,1,0.4617771509167842,36823.0,3118.0,0.0,130190.27032470703,41.75441639663471,3117.0,0.0,956612.3727111816,306.9016274338087,3113.0,0.0,68473.73999023438,21.996061673702016,3113.0,0.0,14864.262329101562,4.7748995596214465,3113.0,0.0,150.05584239959717,0.048202968968710944,3113.0,0.0,52419.418701171875,16.838875265394112,3113.0,0.0,1040.0033836364746,0.3340839651900015,0,0,00,#f3f3f3,0,00,#f3f3f3
1074,480291918102,G48002901918102,48,029,191810,2,480291918102,Block Group 2,G5030,S,1520631.0,0.0,+29.6755604,-098.4723584,6750.0918017,1520629.11329,48,029,191810,2,0.6342141863699583,39320.0,1693.0,0.0,71470.78673553467,42.21546765241268,1691.0,0.0,360774.3319244385,213.34969362769868,1700.0,0.0,35898.4580078125,21.116740004595588,1700.0,0.0,7172.755126953125,4.219267721737133,1700.0,0.0,36.12920665740967,0.021252474504358628,1700.0,0.0,28206.203125,16.591884191176472,1700.0,0.0,483.3724822998047,0.28433675429400274,0,0,00,#f3f3f3,0,00,#f3f3f3
1075,480291918111,G48002901918111,48,029,191811,1,480291918111,Block Group 1,G5030,S,2267176.0,1094.0,+29.6655450,-098.5105276,6341.26705664,2268271.35919,48,029,191811,1,0.5083932853717026,51886.0,2525.0,0.0,100922.23206329346,39.969200817145925,2531.0,0.0,2121237.2455444336,838.1024281092191,2537.0,0.0,50207.6728515625,19.790174557178755,2537.0,0.0,12689.6015625,5.001813781040599,2537.0,0.0,297.0899887084961,0.11710287296353808,2537.0,0.0,36180.9765625,14.261323043949547,2537.0,0.0,1040.0045623779297,0.4099347900583089,0,0,00,#f3f3f3,0,00,#f3f3f3
1076,480291918112,G48002901918112,48,029,191811,2,480291918112,Block Group 2,G5030,S,3825662.0,1203.0,+29.6493355,-098.5130195,8875.79040258,3826864.99716,48,029,191811,2,0.42806484295846003,48492.0,4274.0,0.0,171866.29765162323,40.21204905278971,4273.0,0.0,2478306.4158935547,579.992140391658,4260.0,0.0,95195.033203125,22.346251925616198,4260.0,0.0,22065.035278320312,5.17958574608458,4260.0,0.0,342.1569766998291,0.08031853913141528,4260.0,0.0,71112.3828125,16.693047608568076,4260.0,0.0,1675.4611282348633,0.3933007343274327,0,0,00,#f3f3f3,0,00,#f3f3f3
1077,480291918121,G48002901918121,48,029,191812,1,480291918121,Block Group 1,G5030,S,2493423.0,0.0,+29.6585169,-098.4872595,7492.50425966,2493424.18863,48,029,191812,1,0.44195912070960275,65831.0,2784.0,0.0,117430.13040161133,42.18036293161327,2783.0,0.0,650624.7951965332,233.78540970051498,2782.0,0.0,67132.24267578125,24.130928352185926,2782.0,0.0,20072.0322265625,7.214964854982926,2782.0,0.0,97.73485952615738,0.03513115008129309,2782.0,0.0,45258.615234375,16.268373556569014,2782.0,0.0,1703.8591613769531,0.6124583613863958,0,0,00,#f3f3f3,0,00,#f3f3f3
1078,480291918122,G48002901918122,48,029,191812,2,480291918122,Block Group 2,G5030,S,1150416.0,0.0,+29.6478991,-098.4888477,4740.5669023,1150415.68633,48,029,191812,2,0.6453396524486572,53496.0,1279.0,0.0,54014.37392425537,42.23172316204486,1295.0,0.0,328754.4167175293,253.86441445369059,1287.0,0.0,28275.69970703125,21.970240642603923,1287.0,0.0,5800.48583984375,4.506982004540598,1287.0,0.0,52.66220951080322,0.040918577708471814,1287.0,0.0,22036.177734375,17.122127221736598,1287.0,0.0,386.37474060058594,0.30021347366012896,0,0,00,#f3f3f3,0,00,#f3f3f3
1079,480291918131,G48002901918131,48,029,191813,1,480291918131,Block Group 1,G5030,S,932318.0,0.0,+29.6409538,-098.5022315,5903.17723948,932319.517685,48,029,191813,1,0.519453642384106,34845.0,1036.0,0.0,43664.72867162019,42.14742149770289,1040.0,0.0,190597.37160301208,183.2667034644347,1038.0,0.0,19608.345443725586,18.890506207828118,1038.0,0.0,4110.917915344238,3.9604218837613088,1038.0,0.0,4.2244415283203125,0.004069789526320147,1038.0,0.0,15211.547653198242,14.654670186125474,1038.0,0.0,281.656246304512,0.2713451313145588,0,0,00,#f3f3f3,0,00,#f3f3f3
1080,480291918132,G48002901918132,48,029,191813,2,480291918132,Block Group 2,G5030,S,756446.0,0.0,+29.6397490,-098.4963488,4153.15746505,756444.555496,48,029,191813,2,0.3872624550590652,36075.0,855.0,0.0,36481.61017318788,42.66854991016126,841.0,0.0,70325.22858047485,83.62096145121862,844.0,0.0,13824.8359375,16.380137366706162,844.0,0.0,2876.5927963256836,3.4082853037034164,844.0,0.0,10.939804315567017,0.01296185345446329,844.0,0.0,10742.794189453125,12.728429134423134,844.0,0.0,194.5090093612671,0.23046091156548235,0,1,01,#f3e6b3,0,01,#f3e6b3
1081,480291918133,G48002901918133,48,029,191813,3,480291918133,Block Group 3,G5030,S,1139089.0,0.0,+29.6521594,-098.4992066,4831.07643082,1139086.97862,48,029,191813,3,0.6876839007986548,43130.0,1275.0,0.0,53777.59241485596,42.178503854788985,1268.0,0.0,279968.7292480469,220.79552779814424,1269.0,0.0,28488.37060546875,22.449464622118793,1269.0,0.0,6271.419342041016,4.9420168179992245,1269.0,0.0,37.79005813598633,0.02977939963434699,1269.0,0.0,21736.30438232422,17.128687456520268,1269.0,0.0,442.85683703422546,0.34898095904982307,1,0,10,#b4d3e1,0,00,#f3f3f3
1082,480291918141,G48002901918141,48,029,191814,1,480291918141,Block Group 1,G5030,S,7314367.0,40425.0,+29.7029227,-098.4664333,11539.2593364,7354787.43404,48,029,191814,1,0.6040508339952343,32734.0,8204.0,0.0,322522.14049258246,39.312791381348426,8193.0,0.0,17985165.887802124,2195.186853143186,8222.0,0.0,140828.51171875,17.1282548916018,8222.0,0.0,40805.49645996094,4.96296478471916,8222.0,0.0,1056.2327604293823,0.12846421313906378,8222.0,0.0,95312.11572265625,11.592327380522532,8222.0,0.0,3654.672805786133,0.44449924662930346,0,0,00,#f3f3f3,1,10,#b4d3e1
1083,480291918142,G48002901918142,48,029,191814,2,480291918142,Block Group 2,G5030,S,1689099.0,1530.0,+29.6888345,-098.4671290,7027.36739853,1690629.38476,48,029,191814,2,0.5290322580645161,48605.0,1895.0,0.0,77744.81896606265,41.02628969185364,1897.0,0.0,592158.3435974121,312.1551626765483,1876.0,0.0,40907.1005859375,21.80549071745069,1876.0,0.0,15314.2734375,8.163258761993603,1876.0,0.0,55.35469055175781,0.029506764686438067,1876.0,0.0,23969.71630859375,12.777034279634195,1876.0,0.0,1567.7562255859375,0.8356909518048707,0,0,00,#f3f3f3,0,00,#f3f3f3
1084,480291918151,G48002901918151,48,029,191815,1,480291918151,Block Group 1,G5030,S,1685034.0,0.0,+29.6289715,-098.5121880,5547.37254711,1685034.94855,48,029,191815,1,0.493866424352567,49355.0,1882.0,0.0,77957.47026782788,41.42267283093936,1873.0,0.0,512481.3585128784,273.6152474708374,1880.0,0.0,45887.53857421875,24.408265199052526,1880.0,0.0,9017.078247070312,4.796318216526762,1880.0,0.0,43.2564582824707,0.02300875440556952,1880.0,0.0,36252.751220703125,19.28337830888464,1880.0,0.0,574.4534378051758,0.30556033925807224,0,0,00,#f3f3f3,0,00,#f3f3f3
1085,480291918152,G48002901918152,48,029,191815,2,480291918152,Block Group 2,G5030,S,864258.0,0.0,+29.6306999,-098.5015123,4484.37720886,864255.625278,48,029,191815,2,0.6150793650793651,45661.0,961.0,0.0,41044.51488894788,42.71021320389998,963.0,0.0,92390.92545890808,95.94073256376748,967.0,0.0,17058.359375,17.640495734229575,967.0,0.0,3429.1240234375,3.546146870152534,967.0,0.0,14.751116752624512,0.015254515773138067,967.0,0.0,13393.34765625,13.850411226732161,967.0,0.0,221.13696670532227,0.22868352296310474,0,1,01,#f3e6b3,0,01,#f3e6b3
1086,480291918161,G48002901918161,48,029,191816,1,480291918161,Block Group 1,G5030,S,1695568.0,6515.0,+29.6177113,-098.4965825,7268.88212147,1702081.9046,48,029,191816,1,0.35092180546726004,68824.0,1901.0,0.0,81526.27166161498,42.88599245745133,1899.0,0.0,322143.9672546387,169.63873999717677,1900.0,0.0,37524.341796875,19.74965357730263,1900.0,0.0,12493.05126953125,6.575290141858552,1900.0,0.0,28.00839614868164,0.014741261130885074,1900.0,0.0,23866.3515625,12.561237664473683,1900.0,0.0,1136.9290924072266,0.5983837328459087,0,1,01,#f3e6b3,0,01,#f3e6b3
1087,480291918162,G48002901918162,48,029,191816,2,480291918162,Block Group 2,G5030,S,1201430.0,10073.0,+29.6170163,-098.5077416,5680.35285105,1211504.07057,48,029,191816,2,0.6035928143712574,56350.0,1350.0,0.0,57559.175043178984,42.63642595791036,1350.0,0.0,253369.81198883057,187.68134221394857,1351.0,0.0,30151.18145751953,22.317676874551836,1351.0,0.0,5620.532089233398,4.1602754176413015,1351.0,0.0,2.571927309036255,0.0019037211761926387,1351.0,0.0,24180.23892211914,17.89803029024363,1351.0,0.0,347.8393979072571,0.2574680961563709,0,1,01,#f3e6b3,0,01,#f3e6b3
1088,480291918181,G48002901918181,48,029,191818,1,480291918181,Block Group 1,G5030,S,4221514.0,1139.0,+29.6208455,-098.4718050,11668.5531044,4222651.41824,48,029,191818,1,0.6909620991253644,46987.0,4711.0,0.0,199484.81814285816,42.34447423962177,4709.0,0.0,2034343.2200927734,432.0117265009075,4710.0,0.0,69131.63011169434,14.677628473820453,4710.0,0.0,20787.474815368652,4.413476606235383,4710.0,0.0,706.0642285346985,0.14990747951904426,4710.0,0.0,45953.7145690918,9.75662729704709,4710.0,0.0,1684.3807835578918,0.3576180007553911,1,0,10,#b4d3e1,0,00,#f3f3f3
1089,480291918182,G48002901918182,48,029,191818,2,480291918182,Block Group 2,G5030,S,2462973.0,0.0,+29.6223180,-098.4848175,6652.6927317,2462973.76711,48,029,191818,2,0.13888888888888884,58205.0,2746.0,0.0,117025.6410752061,42.61676659694323,2745.0,0.0,443001.7149620056,161.38495991329896,2742.0,0.0,61188.029205322266,22.315109119373545,2742.0,0.0,21063.677841186523,7.6818664628689,2742.0,0.0,95.55609440803528,0.03484904974764233,2742.0,0.0,38161.668212890625,13.917457408056391,2742.0,0.0,1867.1276168823242,0.6809364029476018,0,1,01,#f3e6b3,0,01,#f3e6b3
1090,480291918191,G48002901918191,48,029,191819,1,480291918191,Block Group 1,G5030,S,1150233.0,246.0,+29.6354893,-098.4636549,5103.52301817,1150476.32102,48,029,191819,1,0.5532460867333846,41220.0,1285.0,0.0,53881.72564227562,41.93130400177091,1285.0,0.0,416390.2342224121,324.03909278008723,1282.0,0.0,30595.080810546875,23.86511763693204,1282.0,0.0,11241.602600097656,8.768800780107377,1282.0,0.0,12.005980014801025,0.009365039013105324,1282.0,0.0,18194.900024414062,14.192589722631874,1282.0,0.0,1146.5723571777344,0.8943622130871562,0,0,00,#f3f3f3,0,00,#f3f3f3
1091,480291918192,G48002901918192,48,029,191819,2,480291918192,Block Group 2,G5030,S,1629385.0,0.0,+29.6383745,-098.4854183,7085.50135754,1629384.02588,48,029,191819,2,0.5013953488372094,42657.0,1811.0,0.0,76784.9220155079,42.399183884874596,1821.0,0.0,302706.2430973053,166.23077600071682,1811.0,0.0,39095.80017089844,21.587962546051042,1811.0,0.0,9613.91748046875,5.3086236777850635,1811.0,0.0,62.48833084106445,0.03450487622366894,1811.0,0.0,28644.894409179688,15.817169745543726,1811.0,0.0,774.4983806610107,0.42766337971342394,0,0,00,#f3f3f3,0,00,#f3f3f3
1092,480291918193,G48002901918193,48,029,191819,3,480291918193,Block Group 3,G5030,S,1299816.0,0.0,+29.6322288,-098.4854760,6077.21792421,1299813.78866,48,029,191819,3,0.592896174863388,50955.0,1450.0,0.0,61665.669699289625,42.528048068475606,1449.0,0.0,246953.96487045288,170.4306175779523,1455.0,0.0,34670.7734375,23.828710266323025,1455.0,0.0,8662.013671875,5.953274001288659,1455.0,0.0,26.277973175048828,0.0180604626632638,1455.0,0.0,25322.49609375,17.403777384020618,1455.0,0.0,659.9819641113281,0.45359585162290594,0,1,01,#f3e6b3,0,01,#f3e6b3
1093,480291918194,G48002901918194,48,029,191819,4,480291918194,Block Group 4,G5030,S,2134402.0,0.0,+29.6440262,-098.4623893,6947.72983775,2134401.79137,48,029,191819,4,0.6273972602739726,42161.0,2378.0,0.0,99514.28313064575,41.84789029884178,2378.0,0.0,981859.4094238281,412.89293920261906,2375.0,0.0,46366.6064453125,19.52278166118421,2375.0,0.0,10163.60302734375,4.279411800986842,2375.0,0.0,170.0280990600586,0.07159077855160362,2375.0,0.0,35325.748046875,14.873999177631578,2375.0,0.0,707.2303619384766,0.29778120502672695,0,0,00,#f3f3f3,0,00,#f3f3f3
1094,480291919001,G48002901919001,48,029,191900,1,480291919001,Block Group 1,G5030,S,1032024.0,0.0,+29.4273096,-098.4770405,4177.49362781,1032024.95118,48,029,191900,1,0.5590500641848524,59657.0,1130.0,0.0,49351.337231838144,43.67374976268862,1143.0,0.0,23579.68429374695,20.629645051397155,1139.0,0.0,17916.48876953125,15.73001647895632,1139.0,0.0,4157.30908203125,3.649964075532265,1139.0,0.0,141.66256713867188,0.12437451021832474,1139.0,0.0,13338.6923828125,11.710880055147058,1139.0,0.0,278.8241424560547,0.24479731558916126,0,2,02,#f3b300,0,02,#f3b300
1095,480291919002,G48002901919002,48,029,191900,2,480291919002,Block Group 2,G5030,S,438171.0,0.0,+29.4281985,-098.4642739,2751.77191971,438172.734907,48,029,191900,2,0.8811619718309859,25266.0,474.0,0.0,20621.339988708496,43.50493668503902,463.0,0.0,7983.256618499756,17.24245489956751,485.0,0.0,11616.3828125,23.951304768041236,485.0,0.0,1980.3966064453125,4.083291972052191,485.0,0.0,8.5784912109375,0.01768761074420103,485.0,0.0,9530.60107421875,19.65072386436856,485.0,0.0,96.80619812011719,0.19960040849508698,1,2,12,#b36600,1,12,#b36600
1096,480291919003,G48002901919003,48,029,191900,3,480291919003,Block Group 3,G5030,S,773183.0,0.0,+29.4226508,-098.4674040,3760.38915573,773184.061526,48,029,191900,3,0.8931623931623932,26895.0,859.0,0.0,37376.6641001546,43.51183247980745,859.0,0.0,16053.471971988678,18.68855875668065,868.0,0.0,15369.767547607422,17.707105469593802,868.0,0.0,3193.600875854492,3.679263681860014,868.0,0.0,178.62589025497437,0.20579019614628383,868.0,0.0,11795.801025390625,13.589632517731134,868.0,0.0,201.74018001556396,0.2324195622299124,2,2,22,#000000,1,12,#b36600
1097,480291919004,G48002901919004,48,029,191900,4,480291919004,Block Group 4,G5030,S,690639.0,0.0,+29.4344010,-098.4678784,4243.98044374,690641.790092,48,029,191900,4,0.844551282051282,26462.0,755.0,0.0,32907.65538406372,43.5862985219387,755.0,0.0,13327.433814048767,17.652230217283137,775.0,0.0,13022.830078125,16.803651713709677,775.0,0.0,3235.650390625,4.175032762096774,775.0,0.0,75.83647155761719,0.09785351168724798,775.0,0.0,9470.7353515625,12.220303679435483,775.0,0.0,240.6066131591797,0.31046014601184474,1,2,12,#b36600,1,12,#b36600
1098,480291919005,G48002901919005,48,029,191900,5,480291919005,Block Group 5,G5030,S,407265.0,0.0,+29.4295423,-098.4702733,2575.80724182,407264.638845,48,029,191900,5,0.5373665480427046,34883.0,474.0,0.0,20654.282341003418,43.57443531857261,464.0,0.0,7870.86180973053,16.9630642451089,454.0,0.0,10955.97802734375,24.132110192387113,454.0,0.0,1950.184326171875,4.295560189805892,454.0,0.0,28.45321226119995,0.06267227370308359,454.0,0.0,8876.60009765625,19.5519825939565,454.0,0.0,100.74024963378906,0.22189482298191424,0,2,02,#f3b300,0,02,#f3b300
1099,480291920001,G48002901920001,48,029,192000,1,480291920001,Block Group 1,G5030,S,3677379.0,25083.0,+29.4617995,-098.4702398,12611.0485288,3702464.85741,48,029,192000,1,0.5412935323383085,73526.0,4132.0,0.0,175194.88833999634,42.39953735237085,4121.0,0.0,1505391.991054535,365.297741095495,4108.0,0.0,81411.89936828613,19.817891764431874,4108.0,0.0,27920.556896209717,6.796630208424955,4108.0,0.0,728.374582529068,0.1773063735465112,4108.0,0.0,50200.587341308594,12.22020139759216,4108.0,0.0,2562.380143880844,0.6237536864364275,0,0,00,#f3f3f3,0,00,#f3f3f3
1100,480291920002,G48002901920002,48,029,192000,2,480291920002,Block Group 2,G5030,S,354869.0,0.0,+29.4502987,-098.4717861,3752.56860869,354870.169565,48,029,192000,2,0.5011914217633042,44075.0,382.0,0.0,16450.309619903564,43.06363774843865,390.0,0.0,50205.91605377197,128.7331180865948,397.0,0.0,5761.13671875,14.51167939231738,397.0,0.0,1454.2919921875,3.663204010547859,397.0,0.0,5.608445644378662,0.014127067114303934,397.0,0.0,4183.7275390625,10.53835652156801,397.0,0.0,117.50875091552734,0.29599181590812934,0,1,01,#f3e6b3,0,01,#f3e6b3
1101,480291920003,G48002901920003,48,029,192000,3,480291920003,Block Group 3,G5030,S,377024.0,0.0,+29.4556155,-098.4661881,2826.7073217,377023.738952,48,029,192000,3,0.7081232492997198,34420.0,418.0,0.0,17925.57032394409,42.88413953096673,423.0,0.0,80203.22402572632,189.6057305572726,423.0,0.0,6720.21435546875,15.887031573212175,423.0,0.0,1479.20263671875,3.49693294732565,423.0,0.0,8.100558519363403,0.0191502565469584,423.0,0.0,5125.444091796875,12.116889105902779,423.0,0.0,107.4674072265625,0.25406006436539597,1,1,11,#b3b3b3,0,01,#f3e6b3
1102,480291920004,G48002901920004,48,029,192000,4,480291920004,Block Group 4,G5030,S,497741.0,2551.0,+29.4589575,-098.4629506,4488.73921827,500292.285208,48,029,192000,4,0.2408963585434174,77042.0,554.0,0.0,23736.33857345581,42.84537648638233,555.0,0.0,124849.28216934204,224.95366156638207,555.0,0.0,12061.109512329102,21.731728851043425,555.0,0.0,2727.696792602539,4.914768995680251,555.0,0.0,34.15934371948242,0.06154836706213049,555.0,0.0,9103.554595947266,16.402801073778857,555.0,0.0,195.69798707962036,0.3526089857290457,0,1,01,#f3e6b3,0,01,#f3e6b3
1103,480291920005,G48002901920005,48,029,192000,5,480291920005,Block Group 5,G5030,S,155135.0,0.0,+29.4561595,-098.4585554,1617.87922695,155135.114577,48,029,192000,5,0.40963855421686746,15441.0,169.0,0.0,7298.750301361084,43.18787160568689,168.0,0.0,9884.259925842285,58.83488051096598,167.0,0.0,1964.9570922851562,11.76621013344405,167.0,0.0,469.6665344238281,2.812374457627713,167.0,0.0,11.818715572357178,0.0707707519302825,167.0,0.0,1449.4869995117188,8.679562871327658,167.0,0.0,33.98489809036255,0.20350238377462604,0,2,02,#f3b300,2,22,#000000
1104,480291921001,G48002901921001,48,029,192100,1,480291921001,Block Group 1,G5030,S,1285328.0,17144.0,+29.4162394,-098.4972922,4960.25466748,1302471.90472,48,029,192100,1,0.5773195876288659,78347.0,1439.0,0.0,62627.93173295575,43.52184276091435,1449.0,0.0,166050.27429580688,114.59646259199923,1447.0,0.0,28508.732147216797,19.701957254469107,1447.0,0.0,6819.279525756836,4.712701814621172,1447.0,0.0,123.05115747451782,0.0850388095884712,1447.0,0.0,21088.94921875,14.574256543711126,1447.0,0.0,477.4514808654785,0.32995955830371704,0,2,02,#f3b300,0,02,#f3b300
1105,480291921002,G48002901921002,48,029,192100,2,480291921002,Block Group 2,G5030,S,1623283.0,46248.0,+29.4027131,-098.4896798,6024.76026855,1669529.63795,48,029,192100,2,0.527689369828135,60871.0,1852.0,0.0,80546.04499104741,43.49138498436685,1848.0,0.0,102117.47224807739,55.258372428613306,1856.0,0.0,29217.05037689209,15.741945246170307,1856.0,0.0,7224.73415851593,3.8926369388555657,1856.0,0.0,212.02758026123047,0.11423899798557677,1856.0,0.0,21252.74257183075,11.450831127063982,1856.0,0.0,527.5461063981056,0.2842382038782897,0,2,02,#f3b300,0,02,#f3b300
1106,480291922001,G48002901922001,48,029,192200,1,480291922001,Block Group 1,G5030,S,5507478.0,8056.0,+29.3442418,-098.4389913,10134.722866,5515538.94622,48,029,192200,1,0.8501238645747317,29832.0,6096.0,0.0,258778.46985536415,42.45053639359648,6095.0,0.0,2319622.4320487976,380.5779215830677,6124.0,0.0,96871.36328125,15.81831536271228,6124.0,0.0,26832.765625,4.381575053069889,6124.0,0.0,1427.0650787353516,0.23302826236697446,6124.0,0.0,66315.169921875,10.828734474506042,6124.0,0.0,2296.362030029297,0.3749774706122301,1,1,11,#b3b3b3,1,11,#b3b3b3
1107,480291922002,G48002901922002,48,029,192200,2,480291922002,Block Group 2,G5030,S,9330913.0,115506.0,+29.3370350,-098.4730657,13510.6697568,9446418.24891,48,029,192200,2,0.7386934673366834,19372.0,10478.0,0.0,428479.17759930843,40.89322175981184,10494.0,0.0,36305044.92501831,3459.600240615429,10463.0,0.0,180849.07421875,17.28462909478639,10463.0,0.0,60160.3271484375,5.7498162236870405,10463.0,0.0,2233.161605834961,0.2134341590208316,10463.0,0.0,112740.701171875,10.775179314907293,10463.0,0.0,5714.876220703125,0.5461986257003847,1,0,10,#b4d3e1,2,20,#509dc2
1108,480291923001,G48002901923001,48,029,192300,1,480291923001,Block Group 1,G5030,S,2976557.0,2851.0,+29.5532926,-098.4917855,7645.57487417,2979407.60958,48,029,192300,1,0.7794245858761988,26355.0,3318.0,0.0,141280.27839426484,42.57995129423292,3313.0,0.0,1727964.964351654,521.5710728498805,3316.0,0.0,54729.75109863281,16.504750029744514,3316.0,0.0,17450.8798828125,5.262629638966375,3316.0,0.0,1106.087890625,0.3335608837831725,3316.0,0.0,34542.50915527344,10.416920734400916,3316.0,0.0,1630.2719421386719,0.4916381007655826,1,1,11,#b3b3b3,1,11,#b3b3b3
1109,480291923002,G48002901923002,48,029,192300,2,480291923002,Block Group 2,G5030,S,2162540.0,67873.0,+29.5664569,-098.5015613,8401.05585606,2230414.1054,48,029,192300,2,0.50439453125,53605.0,2488.0,0.0,103682.47032020679,41.67301861744646,2484.0,0.0,1501399.3749694824,604.4280897622715,2485.0,0.0,54181.19482421875,21.8032977159834,2485.0,0.0,13002.802612304688,5.23251614177251,2485.0,0.0,82.14476013183594,0.03305624150174485,2485.0,0.0,40051.3701171875,16.117251556212274,2485.0,0.0,1044.8762550354004,0.4204733420665595,0,0,00,#f3f3f3,0,00,#f3f3f3
1110,480291923003,G48002901923003,48,029,192300,3,480291923003,Block Group 3,G5030,S,735132.0,0.0,+29.5684661,-098.4952639,3474.34077244,735129.671958,48,029,192300,3,0.22857142857142854,80142.0,819.0,0.0,34256.664695576634,41.82742942072849,819.0,0.0,628101.6768493652,766.9129143459893,819.0,0.0,22766.67578125,27.798138927045176,819.0,0.0,5283.327880859375,6.45094979347909,819.0,0.0,0.345941498875618,0.0004223949925221221,819.0,0.0,17073.34375,20.846573565323567,819.0,0.0,409.6582946777344,0.5001932779947916,0,0,00,#f3f3f3,0,00,#f3f3f3
1111,480291923004,G48002901923004,48,029,192300,4,480291923004,Block Group 4,G5030,S,251415.0,0.0,+29.5671253,-098.4903043,2260.54040422,251414.542573,48,029,192300,4,0.7166666666666667,31532.0,277.0,0.0,11693.848089385658,42.21605808442476,281.0,0.0,170617.51080322266,607.1797537481233,279.0,0.0,3339.20703125,11.968483982974911,279.0,0.0,1027.2615966796875,3.681941206737231,279.0,0.0,7.346968173980713,0.026333219261579617,279.0,0.0,2207.951171875,7.913803483422939,279.0,0.0,96.6473159790039,0.3464061504623796,1,0,10,#b4d3e1,1,10,#b4d3e1
1112,480299800011,G48002909800011,48,029,980001,1,480299800011,Block Group 1,G5030,S,126393382.0,211514.0,+29.6858707,-098.5638545,55430.4380541,126604891.746,48,029,980001,1,,-666666666.0,139711.0,1357.0,5039588.926621594,36.07152569677115,139583.0,1488.0,4660632947.235285,33389.68891079347,139594.0,1413.0,2738828.2140960693,19.619956546098468,139594.0,1413.0,1143196.1178131104,8.18943591997586,139594.0,1413.0,19832.562071084976,0.1420731698431521,139594.0,1413.0,1446321.3578109741,10.360913490629784,139594.0,1413.0,129478.13847589493,0.9275336939689022,0,0,00,#f3f3f3,2,20,#509dc2
1113,480299800021,G48002909800021,48,029,980002,1,480299800021,Block Group 1,G5030,S,1557844.0,0.0,+29.3764255,-098.5460439,5525.43362413,1557844.08988,48,029,980002,1,,-666666666.0,1728.0,0.0,75372.72535705566,43.61847532237017,1726.0,0.0,99481.99007344246,57.63730595216828,1726.0,0.0,21045.205295562744,12.193050576803444,1726.0,0.0,6011.744993209839,3.483050401627948,1726.0,0.0,490.74897533655167,0.2843273321764494,1726.0,0.0,14118.737464904785,8.180033293687593,1726.0,0.0,423.9749457836151,0.24564017716316056,0,2,02,#f3b300,2,22,#000000
1114,480299800031,G48002909800031,48,029,980003,1,480299800031,Block Group 1,G5030,S,16145483.0,4426.0,+29.3724905,-098.6660170,16591.5432785,16149910.7591,48,029,980003,1,0.42978003384094754,25199.0,17924.0,0.0,699901.0421509088,39.04826166876305,17920.0,0.0,562738448.7310114,31402.815219364475,17909.0,0.0,347739.7385253906,19.417038278261803,17909.0,0.0,135615.3972015381,7.572471785221849,17909.0,0.0,3583.657308578491,0.20010370811203815,17909.0,0.0,192823.1201171875,10.766827858461527,17909.0,0.0,15717.539798736572,0.8776335808105742,0,0,00,#f3f3f3,1,10,#b4d3e1
1115,480299800041,G48002909800041,48,029,980004,1,480299800041,Block Group 1,G5030,S,9788993.0,0.0,+29.5369298,-098.4680109,15223.8962817,9788993.41221,48,029,980004,1,,-666666666.0,10888.0,0.0,469163.0041529683,43.08991588473258,10889.0,0.0,368101145.01873285,33804.86224802396,10903.0,0.0,183827.609375,16.860277847840045,10903.0,0.0,74436.6064453125,6.827167425966477,10903.0,0.0,1411.1112213134766,0.12942412375616588,10903.0,0.0,99631.091796875,9.137952104638632,10903.0,0.0,8348.79345703125,0.7657336014886957,0,1,01,#f3e6b3,2,21,#376387
1116,480299800051,G48002909800051,48,029,980005,1,480299800051,Block Group 1,G5030,S,39656004.0,1780.0,+29.5782334,-098.7484151,46436.8384196,39657789.1368,48,029,980005,1,1.0,,44165.0,0.0,1572037.909264706,35.59465434766684,44165.0,0.0,55281681.6165359,1251.7079501083642,44141.0,0.0,868598.7182617188,19.67782148709179,44141.0,0.0,357091.72802734375,8.089796969423977,44141.0,0.0,5686.114809036255,0.12881708182950669,44141.0,0.0,468134.23291015625,10.605428805649085,44141.0,0.0,37686.67697143555,0.8537794107844305,2,0,20,#509dc2,2,20,#509dc2
1117,480299801001,G48002909801001,48,029,980100,1,480299801001,Block Group 1,G5030,S,14683784.0,42980.0,+29.3897891,-098.5823980,22472.8541322,14726760.3185,48,029,980100,1,0.7649769585253456,15473.0,16329.0,0.0,695740.6901142333,42.60767285897687,16332.0,0.0,83566629.39396268,5116.741941829701,16331.0,0.0,250464.2156677246,15.336734778502517,16331.0,0.0,86378.89350891113,5.289259292689433,16331.0,0.0,2432.9100217819214,0.14897495693968044,16331.0,0.0,152791.0802001953,9.35589248669373,16331.0,0.0,8861.328435897827,0.54260782780588,1,1,11,#b3b3b3,2,21,#376387
1118,480913108011,G48009103108011,48,091,310801,1,480913108011,Block Group 1,G5030,S,55481614.0,89186.0,+29.6504947,-098.3384308,50962.0845137,55570813.6938,48,091,310801,1,0.4045375218150087,62525.0,61991.0,0.0,2283170.310766486,36.83067398116639,61998.0,0.0,672046679.7955103,10839.812248709803,61995.0,0.0,1188929.0498046875,19.177821595365554,61995.0,0.0,381591.2978515625,6.155194739117066,61995.0,0.0,6017.799596786499,0.09706911197332847,61995.0,0.0,764216.7529296875,12.32707077876744,61995.0,0.0,37103.151374816895,0.5984861904156286,0,0,00,#f3f3f3,0,00,#f3f3f3
1119,480913108012,G48009103108012,48,091,310801,2,480913108012,Block Group 2,G5030,S,3703100.0,23479.0,+29.6323233,-098.3036603,8244.87930791,3726581.08251,48,091,310801,2,0.3457823567289118,59888.0,4156.0,0.0,163351.97104263306,39.30509409110516,4153.0,0.0,9151338.635864258,2203.5489130422,4154.0,0.0,81142.08544921875,19.533482293986218,4154.0,0.0,24051.692260742188,5.790007766187334,4154.0,0.0,502.68735122680664,0.12101284333818167,4154.0,0.0,54364.140625,13.087178773471352,4154.0,0.0,2223.5662689208984,0.5352831653637213,0,0,00,#f3f3f3,0,00,#f3f3f3
1120,480913108014,G48009103108014,48,091,310801,4,480913108014,Block Group 4,G5030,S,20793856.0,47056.0,+29.6800089,-098.3067538,23986.0308282,20840912.6003,48,091,310801,4,0.3694852941176471,50249.0,23263.0,0.0,842081.9311484433,36.19833775301738,23263.0,0.0,575528686.177124,24740.088818171516,23257.0,0.0,328728.4580078125,14.134602829591628,23257.0,0.0,122317.30200195312,5.25937575792033,23257.0,0.0,3077.2464270591736,0.13231484830628085,23257.0,0.0,190777.94360351562,8.20303322025694,23257.0,0.0,12555.955102920532,0.5398785356202662,0,0,00,#f3f3f3,0,00,#f3f3f3
1121,481872107072,G48018702107072,48,187,210707,2,481872107072,Block Group 2,G5030,S,835662.0,0.0,+29.5852073,-098.2894699,4474.45998314,835663.822849,48,187,210707,2,0.5419847328244275,43403.0,933.0,0.0,39467.72319793701,42.30195412426261,924.0,0.0,314001.4448776245,339.8284035472127,932.0,0.0,17847.480529785156,19.149657220799522,932.0,0.0,4982.179122924805,5.345685754211164,932.0,0.0,101.77017307281494,0.1091954646704023,932.0,0.0,12310.437194824219,13.208623599596802,932.0,0.0,453.0938262939453,0.48615217413513445,0,0,00,#f3f3f3,0,00,#f3f3f3
1122,481872107073,G48018702107073,48,187,210707,3,481872107073,Block Group 3,G5030,S,3956046.0,5034.0,+29.5841955,-098.2991974,9931.13632645,3961076.10926,48,187,210707,3,0.6234567901234568,37277.0,4411.0,0.0,188013.90253829956,42.62387271328487,4420.0,0.0,731378.593978405,165.47027013086085,4411.0,0.0,77252.65991210938,17.51363861077066,4411.0,0.0,22780.493225097656,5.164473639786365,4411.0,0.0,680.609676361084,0.1542982716756028,4411.0,0.0,51968.50915527344,11.781570880814654,4411.0,0.0,1823.0505561828613,0.4132964307827843,0,1,01,#f3e6b3,0,01,#f3e6b3
1123,481872107093,G48018702107093,48,187,210709,3,481872107093,Block Group 3,G5030,S,2595295.0,0.0,+29.5966704,-098.2842648,6657.83020517,2595292.20537,48,187,210709,3,0.3521531100478469,54240.0,2891.0,0.0,123815.25630950928,42.827829923732025,2894.0,0.0,3513143.7662143707,1213.9404859068316,2890.0,0.0,50060.460693359375,17.32195871742539,2890.0,0.0,12139.281280517578,4.200443349660062,2890.0,0.0,401.6239638328552,0.1389702296999499,2890.0,0.0,36642.74963378906,12.67915212241836,2890.0,0.0,876.8082695007324,0.30339386487914616,0,1,01,#f3e6b3,0,01,#f3e6b3
