{
"type": "FeatureCollection",
"name": "schools_sa",
"crs": { "type": "name", "properties": { "name": "urn:ogc:def:crs:EPSG::4269" } },
"features": [
{ "type": "Feature", "properties": { "NAME": "POR VIDA ACADEMY CHARTER H S", "sector": "charter", "source": "NCES CCD 2022-23 + EDGE 2021-22", "level": "High", "county_fips": "48029" }, "geometry": { "type": "Point", "coordinates": [ -98.490978, 29.385586 ] } },
{ "type": "Feature", "properties": { "NAME": "GEORGE GERVIN ACADEMY", "sector": "charter", "source": "NCES CCD 2022-23 + EDGE 2021-22", "level": "Other", "county_fips": "48029" }, "geometry": { "type": "Point", "coordinates": [ -98.428298, 29.491653 ] } },
{ "type": "Feature", "properties": { "NAME": "RUTH JONES MCCLENDON MIDDLE", "sector": "charter", "source": "NCES CCD 2022-23 + EDGE 2021-22", "level": "Other", "county_fips": "48029" }, "geometry": { "type": "Point", "coordinates": [ -98.428403, 29.492436 ] } },
{ "type": "Feature", "properties": { "NAME": "TEXANS CAN ACADEMY - SAN ANTONIO", "sector": "charter", "source": "NCES CCD 2022-23 + EDGE 2021-22", "level": "High", "county_fips": "48029" }, "geometry": { "type": "Point", "coordinates": [ -98.537824, 29.377928 ] } },
{ "type": "Feature", "properties": { "NAME": "ANNE FRANK INSPIRE ACADEMY", "sector": "charter", "source": "NCES CCD 2022-23 + EDGE 2021-22", "level": "Other", "county_fips": "48029" }, "geometry": { "type": "Point", "coordinates": [ -98.659664, 29.546993 ] } },
{ "type": "Feature", "properties": { "NAME": "JHW INSPIRE ACADEMIES- RISE RECOVERY", "sector": "charter", "source": "NCES CCD 2022-23 + EDGE 2021-22", "level": "High", "county_fips": "48029" }, "geometry": { "type": "Point", "coordinates": [ -98.500085, 29.47648 ] } },
{ "type": "Feature", "properties": { "NAME": "POSITIVE SOLUTIONS CHARTER", "sector": "charter", "source": "NCES CCD 2022-23 + EDGE 2021-22", "level": "High", "county_fips": "48029" }, "geometry": { "type": "Point", "coordinates": [ -98.503311, 29.4388 ] } },
{ "type": "Feature", "properties": { "NAME": "FRANK L MADLA ACCELERATED COLLEGIATE ACADEMY", "sector": "charter", "source": "NCES CCD 2022-23 + EDGE 2021-22", "level": "Other", "county_fips": "48029" }, "geometry": { "type": "Point", "coordinates": [ -98.47777, 29.383782 ] } },
{ "type": "Feature", "properties": { "NAME": "FRANK L MADLA EARLY COLLEGE H S", "sector": "charter", "source": "NCES CCD 2022-23 + EDGE 2021-22", "level": "High", "county_fips": "48029" }, "geometry": { "type": "Point", "coordinates": [ -98.547794, 29.323452 ] } },
{ "type": "Feature", "properties": { "NAME": "IMELDA DAVIS EARLY COLLEGE H S", "sector": "charter", "source": "NCES CCD 2022-23 + EDGE 2021-22", "level": "Secondary", "county_fips": "48029" }, "geometry": { "type": "Point", "coordinates": [ -98.494458, 29.446231 ] } },
{ "type": "Feature", "properties": { "NAME": "LEGACY TRADITIONAL SCHOOL - KELLEY EL", "sector": "charter", "source": "NCES CCD 2022-23 + EDGE 2021-22", "level": "Elementary", "county_fips": "48029" }, "geometry": { "type": "Point", "coordinates": [ -98.494375, 29.503982 ] } },
{ "type": "Feature", "properties": { "NAME": "LEGACY TRADITIONAL SCHOOL - SAENZ J H", "sector": "charter", "source": "NCES CCD 2022-23 + EDGE 2021-22", "level": "Elementary", "county_fips": "48029" }, "geometry": { "type": "Point", "coordinates": [ -98.513986, 29.488307 ] } },
{ "type": "Feature", "properties": { "NAME": "LEGACY TRADITIONAL SCHOOL - WALKER EL", "sector": "charter", "source": "NCES CCD 2022-23 + EDGE 2021-22", "level": "Elementary", "county_fips": "48029" }, "geometry": { "type": "Point", "coordinates": [ -98.396477, 29.489878 ] } },
{ "type": "Feature", "properties": { "NAME": "LEGACY TRADITIONAL SCHOOL - LEE ACADEMY", "sector": "charter", "source": "NCES CCD 2022-23 + EDGE 2021-22", "level": "High", "county_fips": "48029" }, "geometry": { "type": "Point", "coordinates": [ -98.513986, 29.488307 ] } },
{ "type": "Feature", "properties": { "NAME": "SOUTHWEST PREPARATORY SCHOOL", "sector": "charter", "source": "NCES CCD 2022-23 + EDGE 2021-22", "level": "Elementary", "county_fips": "48029" }, "geometry": { "type": "Point", "coordinates": [ -98.443171, 29.488719 ] } },
{ "type": "Feature", "properties": { "NAME": "SOUTHWEST PREPARATORY SOUTHEAST CAMPUS", "sector": "charter", "source": "NCES CCD 2022-23 + EDGE 2021-22", "level": "Other", "county_fips": "48029" }, "geometry": { "type": "Point", "coordinates": [ -98.406115, 29.418782 ] } },
{ "type": "Feature", "properties": { "NAME": "SOUTHWEST PREPARATORY SCHOOL-NORTHWEST", "sector": "charter", "source": "NCES CCD 2022-23 + EDGE 2021-22", "level": "High", "county_fips": "48029" }, "geometry": { "type": "Point", "coordinates": [ -98.616601, 29.452163 ] } },
{ "type": "Feature", "properties": { "NAME": "NEW DIRECTIONS", "sector": "charter", "source": "NCES CCD 2022-23 + EDGE 2021-22", "level": "High", "county_fips": "48029" }, "geometry": { "type": "Point", "coordinates": [ -98.443171, 29.488719 ] } },
{ "type": "Feature", "properties": { "NAME": "SOUTHWEST PREP NORTHWEST EL", "sector": "charter", "source": "NCES CCD 2022-23 + EDGE 2021-22", "level": "Elementary", "county_fips": "48029" }, "geometry": { "type": "Point", "coordinates": [ -98.616601, 29.452163 ] } },
{ "type": "Feature", "properties": { "NAME": "LAUREL RIDGE", "sector": "charter", "source": "NCES CCD 2022-23 + EDGE 2021-22", "level": "High", "county_fips": "48029" }, "geometry": { "type": "Point", "coordinates": [ -98.438191, 29.60322 ] } },
{ "type": "Feature", "properties": { "NAME": "UT - UNIVERSITY CHARTER SCHOOL AT HIGH POINT", "sector": "charter", "source": "NCES CCD 2022-23 + EDGE 2021-22", "level": "Other", "county_fips": "48029" }, "geometry": { "type": "Point", "coordinates": [ -98.5688, 29.4923 ] } },
{ "type": "Feature", "properties": { "NAME": "BEXAR COUNTY ACADEMY", "sector": "charter", "source": "NCES CCD 2022-23 + EDGE 2021-22", "level": "Elementary", "county_fips": "48029" }, "geometry": { "type": "Point", "coordinates": [ -98.572135, 29.468283 ] } },
{ "type": "Feature", "properties": { "NAME": "HERITAGE ACADEMY OF WINDCREST", "sector": "charter", "source": "NCES CCD 2022-23 + EDGE 2021-22", "level": "Elementary", "county_fips": "48029" }, "geometry": { "type": "Point", "coordinates": [ -98.393061, 29.51903 ] } },
{ "type": "Feature", "properties": { "NAME": "HERITAGE ACADEMY", "sector": "charter", "source": "NCES CCD 2022-23 + EDGE 2021-22", "level": "Middle", "county_fips": "48029" }, "geometry": { "type": "Point", "coordinates": [ -98.393061, 29.51903 ] } },
{ "type": "Feature", "properties": { "NAME": "HERITAGE ACADEMY OF SAN ANTONIO", "sector": "charter", "source": "NCES CCD 2022-23 + EDGE 2021-22", "level": "Middle", "county_fips": "48029" }, "geometry": { "type": "Point", "coordinates": [ -98.393061, 29.51903 ] } },
{ "type": "Feature", "properties": { "NAME": "FOUNDERS CLASSICAL ACADEMY OF SCHERTZ", "sector": "charter", "source": "NCES CCD 2022-23 + EDGE 2021-22", "level": "Other", "county_fips": "48029" }, "geometry": { "type": "Point", "coordinates": [ -98.239771, 29.51053 ] } },
{ "type": "Feature", "properties": { "NAME": "JUBILEE SAN ANTONIO", "sector": "charter", "source": "NCES CCD 2022-23 + EDGE 2021-22", "level": "Other", "county_fips": "48029" }, "geometry": { "type": "Point", "coordinates": [ -98.406213, 29.371948 ] } },
{ "type": "Feature", "properties": { "NAME": "JUBILEE HIGHLAND HILLS", "sector": "charter", "source": "NCES CCD 2022-23 + EDGE 2021-22", "level": "Elementary", "county_fips": "48029" }, "geometry": { "type": "Point", "coordinates": [ -98.447201, 29.37242 ] } },
{ "type": "Feature", "properties": { "NAME": "JUBILEE - LAKE VIEW UNIVERSITY PREP", "sector": "charter", "source": "NCES CCD 2022-23 + EDGE 2021-22", "level": "Other", "county_fips": "48029" }, "geometry": { "type": "Point", "coordinates": [ -98.542708, 29.420629 ] } },
{ "type": "Feature", "properties": { "NAME": "JUBILEE HIGHLAND PARK", "sector": "charter", "source": "NCES CCD 2022-23 + EDGE 2021-22", "level": "Elementary", "county_fips": "48029" }, "geometry": { "type": "Point", "coordinates": [ -98.456251, 29.400853 ] } },
{ "type": "Feature", "properties": { "NAME": "JUBILEE ACADEMIES MIDDLE", "sector": "charter", "source": "NCES CCD 2022-23 + EDGE 2021-22", "level": "Middle", "county_fips": "48029" }, "geometry": { "type": "Point", "coordinates": [ -98.624826, 29.429134 ] } },
{ "type": "Feature", "properties": { "NAME": "JUBILEE SENDERO", "sector": "charter", "source": "NCES CCD 2022-23 + EDGE 2021-22", "level": "Elementary", "county_fips": "48029" }, "geometry": { "type": "Point", "coordinates": [ -98.593269, 29.482803 ] } },
{ "type": "Feature", "properties": { "NAME": "JUBILEE WESTWOOD", "sector": "charter", "source": "NCES CCD 2022-23 + EDGE 2021-22", "level": "Elementary", "county_fips": "48029" }, "geometry": { "type": "Point", "coordinates": [ -98.624826, 29.429134 ] } },
{ "type": "Feature", "properties": { "NAME": "PREMIER HIGH SCHOOL-SAN ANTONIO WINDCREST", "sector": "charter", "source": "NCES CCD 2022-23 + EDGE 2021-22", "level": "High", "county_fips": "48029" }, "geometry": { "type": "Point", "coordinates": [ -98.393083, 29.511407 ] } },
{ "type": "Feature", "properties": { "NAME": "PREMIER HIGH SCHOOL-SAN ANTONIO INGRAM", "sector": "charter", "source": "NCES CCD 2022-23 + EDGE 2021-22", "level": "High", "county_fips": "48029" }, "geometry": { "type": "Point", "coordinates": [ -98.613751, 29.47009 ] } },
{ "type": "Feature", "properties": { "NAME": "FOUNDATION SCHOOL OF AUTISM - SAN ANTONIO", "sector": "charter", "source": "NCES CCD 2022-23 + EDGE 2021-22", "level": "Elementary", "county_fips": "48029" }, "geometry": { "type": "Point", "coordinates": [ -98.451381, 29.58717 ] } },
{ "type": "Feature", "properties": { "NAME": "IDEA CARVER COLLEGE PREPARATORY", "sector": "charter", "source": "NCES CCD 2022-23 + EDGE 2021-22", "level": "High", "county_fips": "48029" }, "geometry": { "type": "Point", "coordinates": [ -98.472507, 29.421565 ] } },
{ "type": "Feature", "properties": { "NAME": "IDEA CARVER ACADEMY", "sector": "charter", "source": "NCES CCD 2022-23 + EDGE 2021-22", "level": "Elementary", "county_fips": "48029" }, "geometry": { "type": "Point", "coordinates": [ -98.472507, 29.421565 ] } },
{ "type": "Feature", "properties": { "NAME": "IDEA SOUTH FLORES COLLEGE PREPARATORY", "sector": "charter", "source": "NCES CCD 2022-23 + EDGE 2021-22", "level": "High", "county_fips": "48029" }, "geometry": { "type": "Point", "coordinates": [ -98.488911, 29.350684 ] } },
{ "type": "Feature", "properties": { "NAME": "IDEA SOUTH FLORES ACADEMY", "sector": "charter", "source": "NCES CCD 2022-23 + EDGE 2021-22", "level": "Elementary", "county_fips": "48029" }, "geometry": { "type": "Point", "coordinates": [ -98.488911, 29.350684 ] } },
{ "type": "Feature", "properties": { "NAME": "IDEA WALZEM ACADEMY", "sector": "charter", "source": "NCES CCD 2022-23 + EDGE 2021-22", "level": "Elementary", "county_fips": "48029" }, "geometry": { "type": "Point", "coordinates": [ -98.36166, 29.50325 ] } },
{ "type": "Feature", "properties": { "NAME": "IDEA WALZEM COLLEGE PREPARATORY", "sector": "charter", "source": "NCES CCD 2022-23 + EDGE 2021-22", "level": "High", "county_fips": "48029" }, "geometry": { "type": "Point", "coordinates": [ -98.36166, 29.50325 ] } },
{ "type": "Feature", "properties": { "NAME": "IDEA MONTERREY PARK COLLEGE PREPARATORY", "sector": "charter", "source": "NCES CCD 2022-23 + EDGE 2021-22", "level": "High", "county_fips": "48029" }, "geometry": { "type": "Point", "coordinates": [ -98.578321, 29.431029 ] } },
{ "type": "Feature", "properties": { "NAME": "IDEA MONTERREY PARK ACADEMY", "sector": "charter", "source": "NCES CCD 2022-23 + EDGE 2021-22", "level": "Elementary", "county_fips": "48029" }, "geometry": { "type": "Point", "coordinates": [ -98.578321, 29.431029 ] } },
{ "type": "Feature", "properties": { "NAME": "IDEA EASTSIDE COLLEGE PREPARATORY", "sector": "charter", "source": "NCES CCD 2022-23 + EDGE 2021-22", "level": "High", "county_fips": "48029" }, "geometry": { "type": "Point", "coordinates": [ -98.444285, 29.414588 ] } },
{ "type": "Feature", "properties": { "NAME": "IDEA EASTSIDE ACADEMY", "sector": "charter", "source": "NCES CCD 2022-23 + EDGE 2021-22", "level": "Elementary", "county_fips": "48029" }, "geometry": { "type": "Point", "coordinates": [ -98.444285, 29.414588 ] } },
{ "type": "Feature", "properties": { "NAME": "IDEA MAYS COLLEGE PREPARATORY", "sector": "charter", "source": "NCES CCD 2022-23 + EDGE 2021-22", "level": "High", "county_fips": "48029" }, "geometry": { "type": "Point", "coordinates": [ -98.653388, 29.423004 ] } },
{ "type": "Feature", "properties": { "NAME": "IDEA JUDSON COLLEGE PREPARATORY", "sector": "charter", "source": "NCES CCD 2022-23 + EDGE 2021-22", "level": "High", "county_fips": "48029" }, "geometry": { "type": "Point", "coordinates": [ -98.36323, 29.562837 ] } },
{ "type": "Feature", "properties": { "NAME": "IDEA JUDSON ACADEMY", "sector": "charter", "source": "NCES CCD 2022-23 + EDGE 2021-22", "level": "Elementary", "county_fips": "48029" }, "geometry": { "type": "Point", "coordinates": [ -98.36323, 29.562837 ] } },
{ "type": "Feature", "properties": { "NAME": "IDEA MAYS ACADEMY", "sector": "charter", "source": "NCES CCD 2022-23 + EDGE 2021-22", "level": "Elementary", "county_fips": "48029" }, "geometry": { "type": "Point", "coordinates": [ -98.653388, 29.423004 ] } },
{ "type": "Feature", "properties": { "NAME": "IDEA BRACKENRIDGE ACADEMY", "sector": "charter", "source": "NCES CCD 2022-23 + EDGE 2021-22", "level": "Elementary", "county_fips": "48029" }, "geometry": { "type": "Point", "coordinates": [ -98.606924, 29.353679 ] } },
{ "type": "Feature", "properties": { "NAME": "IDEA EWING HALSELL COLLEGE PREPARATORY", "sector": "charter", "source": "NCES CCD 2022-23 + EDGE 2021-22", "level": "Secondary", "county_fips": "48029" }, "geometry": { "type": "Point", "coordinates": [ -98.539977, 29.344356 ] } },
{ "type": "Feature", "properties": { "NAME": "IDEA BRACKENRIDGE COLLEGE PREPARATORY", "sector": "charter", "source": "NCES CCD 2022-23 + EDGE 2021-22", "level": "Secondary", "county_fips": "48029" }, "geometry": { "type": "Point", "coordinates": [ -98.606924, 29.353679 ] } },
{ "type": "Feature", "properties": { "NAME": "IDEA EWING HALSELL ACADEMY", "sector": "charter", "source": "NCES CCD 2022-23 + EDGE 2021-22", "level": "Elementary", "county_fips": "48029" }, "geometry": { "type": "Point", "coordinates": [ -98.539977, 29.344356 ] } },
{ "type": "Feature", "properties": { "NAME": "IDEA NAJIM ACADEMY", "sector": "charter", "source": "NCES CCD 2022-23 + EDGE 2021-22", "level": "Elementary", "county_fips": "48029" }, "geometry": { "type": "Point", "coordinates": [ -98.404405, 29.415219 ] } },
{ "type": "Feature", "properties": { "NAME": "IDEA NAJIM COLLEGE PREPARATORY", "sector": "charter", "source": "NCES CCD 2022-23 + EDGE 2021-22", "level": "Secondary", "county_fips": "48029" }, "geometry": { "type": "Point", "coordinates": [ -98.404405, 29.415219 ] } },
{ "type": "Feature", "properties": { "NAME": "IDEA INGRAM HILLS COLLEGE PREPARATORY", "sector": "charter", "source": "NCES CCD 2022-23 + EDGE 2021-22", "level": "Middle", "county_fips": "48029" }, "geometry": { "type": "Point", "coordinates": [ -98.595408, 29.468172 ] } },
{ "type": "Feature", "properties": { "NAME": "IDEA INGRAM HILLS ACADEMY", "sector": "charter", "source": "NCES CCD 2022-23 + EDGE 2021-22", "level": "Elementary", "county_fips": "48029" }, "geometry": { "type": "Point", "coordinates": [ -98.595408, 29.468172 ] } },
{ "type": "Feature", "properties": { "NAME": "IDEA BURKE COLLEGE PREPARATORY", "sector": "charter", "source": "NCES CCD 2022-23 + EDGE 2021-22", "level": "Middle", "county_fips": "48029" }, "geometry": { "type": "Point", "coordinates": [ -98.696579, 29.413333 ] } },
{ "type": "Feature", "properties": { "NAME": "IDEA BURKE ACADEMY", "sector": "charter", "source": "NCES CCD 2022-23 + EDGE 2021-22", "level": "Elementary", "county_fips": "48029" }, "geometry": { "type": "Point", "coordinates": [ -98.696579, 29.413333 ] } },
{ "type": "Feature", "properties": { "NAME": "IDEA HIDDEN MEADOW ACADEMY", "sector": "charter", "source": "NCES CCD 2022-23 + EDGE 2021-22", "level": "Elementary", "county_fips": "48029" }, "geometry": { "type": "Point", "coordinates": [ -98.687241, 29.489725 ] } },
{ "type": "Feature", "properties": { "NAME": "IDEA HIDDEN MEADOW COLLEGE PREPARATORY", "sector": "charter", "source": "NCES CCD 2022-23 + EDGE 2021-22", "level": "Middle", "county_fips": "48029" }, "geometry": { "type": "Point", "coordinates": [ -98.687241, 29.489725 ] } },
{ "type": "Feature", "properties": { "NAME": "IDEA CONVERSE COLLEGE PREPARATORY", "sector": "charter", "source": "NCES CCD 2022-23 + EDGE 2021-22", "level": "Middle", "county_fips": "48029" }, "geometry": { "type": "Point", "coordinates": [ -98.312305, 29.477795 ] } },
{ "type": "Feature", "properties": { "NAME": "IDEA CONVERSE ACADEMY", "sector": "charter", "source": "NCES CCD 2022-23 + EDGE 2021-22", "level": "Elementary", "county_fips": "48029" }, "geometry": { "type": "Point", "coordinates": [ -98.312305, 29.477795 ] } },
{ "type": "Feature", "properties": { "NAME": "IDEA AMBER CREEK COLLEGE PREPARATORY", "sector": "charter", "source": "NCES CCD 2022-23 + EDGE 2021-22", "level": "Middle", "county_fips": "48029" }, "geometry": { "type": "Point", "coordinates": [ -98.690016, 29.390055 ] } },
{ "type": "Feature", "properties": { "NAME": "IDEA AMBER CREEK ACADEMY", "sector": "charter", "source": "NCES CCD 2022-23 + EDGE 2021-22", "level": "Elementary", "county_fips": "48029" }, "geometry": { "type": "Point", "coordinates": [ -98.690016, 29.390055 ] } },
{ "type": "Feature", "properties": { "NAME": "LIGHTHOUSE CHARTER SCHOOL", "sector": "charter", "source": "NCES CCD 2022-23 + EDGE 2021-22", "level": "Elementary", "county_fips": "48029" }, "geometry": { "type": "Point", "coordinates": [ -98.648391, 29.41107 ] } },
{ "type": "Feature", "properties": { "NAME": "LIGHTHOUSE CHARTER SCHOOL - B CAMPUS", "sector": "charter", "source": "NCES CCD 2022-23 + EDGE 2021-22", "level": "Middle", "county_fips": "48029" }, "geometry": { "type": "Point", "coordinates": [ -98.648391, 29.41107 ] } },
{ "type": "Feature", "properties": { "NAME": "LIGHTHOUSE HIGH", "sector": "charter", "source": "NCES CCD 2022-23 + EDGE 2021-22", "level": "High", "county_fips": "48029" }, "geometry": { "type": "Point", "coordinates": [ -98.648391, 29.41107 ] } },
{ "type": "Feature", "properties": { "NAME": "SCHOOL OF SCIENCE AND TECHNOLOGY", "sector": "charter", "source": "NCES CCD 2022-23 + EDGE 2021-22", "level": "High", "county_fips": "48029" }, "geometry": { "type": "Point", "coordinates": [ -98.443693, 29.515274 ] } },
{ "type": "Feature", "properties": { "NAME": "SCHOOL OF SCIENCE AND TECHNOLOGY - ALAMO", "sector": "charter", "source": "NCES CCD 2022-23 + EDGE 2021-22", "level": "Elementary", "county_fips": "48029" }, "geometry": { "type": "Point", "coordinates": [ -98.380344, 29.542556 ] } },
{ "type": "Feature", "properties": { "NAME": "KIPP ASPIRE ACADEMY", "sector": "charter", "source": "NCES CCD 2022-23 + EDGE 2021-22", "level": "Middle", "county_fips": "48029" }, "geometry": { "type": "Point", "coordinates": [ -98.506179, 29.40814 ] } },
{ "type": "Feature", "properties": { "NAME": "KIPP UNIVERSITY PREP H S", "sector": "charter", "source": "NCES CCD 2022-23 + EDGE 2021-22", "level": "High", "county_fips": "48029" }, "geometry": { "type": "Point", "coordinates": [ -98.506179, 29.40814 ] } },
{ "type": "Feature", "properties": { "NAME": "KIPP CAMINO ACADEMY", "sector": "charter", "source": "NCES CCD 2022-23 + EDGE 2021-22", "level": "Middle", "county_fips": "48029" }, "geometry": { "type": "Point", "coordinates": [ -98.546953, 29.43269 ] } },
{ "type": "Feature", "properties": { "NAME": "KIPP UN MUNDO PRI", "sector": "charter", "source": "NCES CCD 2022-23 + EDGE 2021-22", "level": "Elementary", "county_fips": "48029" }, "geometry": { "type": "Point", "coordinates": [ -98.546953, 29.43269 ] } },
{ "type": "Feature", "properties": { "NAME": "KIPP ESPERANZA PRI", "sector": "charter", "source": "NCES CCD 2022-23 + EDGE 2021-22", "level": "Elementary", "county_fips": "48029" }, "geometry": { "type": "Point", "coordinates": [ -98.506179, 29.40814 ] } },
{ "type": "Feature", "properties": { "NAME": "KIPP PODER ACADEMY", "sector": "charter", "source": "NCES CCD 2022-23 + EDGE 2021-22", "level": "Middle", "county_fips": "48029" }, "geometry": { "type": "Point", "coordinates": [ -98.496826, 29.47606 ] } },
{ "type": "Feature", "properties": { "NAME": "KIPP SOMOS H S", "sector": "charter", "source": "NCES CCD 2022-23 + EDGE 2021-22", "level": "High", "county_fips": "48029" }, "geometry": { "type": "Point", "coordinates": [ -98.512442, 29.450106 ] } },
{ "type": "Feature", "properties": { "NAME": "HARMONY SCIENCE ACAD (SAN ANTONIO)", "sector": "charter", "source": "NCES CCD 2022-23 + EDGE 2021-22", "level": "High", "county_fips": "48029" }, "geometry": { "type": "Point", "coordinates": [ -98.652973, 29.431342 ] } },
{ "type": "Feature", "properties": { "NAME": "HARMONY SCHOOL OF INNOVATION - SAN ANTONIO", "sector": "charter", "source": "NCES CCD 2022-23 + EDGE 2021-22", "level": "Elementary", "county_fips": "48029" }, "geometry": { "type": "Point", "coordinates": [ -98.347215, 29.510964 ] } },
{ "type": "Feature", "properties": { "NAME": "HARMONY SCHOOL OF EXCELLENCE - SAN ANTONIO", "sector": "charter", "source": "NCES CCD 2022-23 + EDGE 2021-22", "level": "Elementary", "county_fips": "48029" }, "geometry": { "type": "Point", "coordinates": [ -98.651844, 29.411191 ] } },
{ "type": "Feature", "properties": { "NAME": "HARMONY SCHOOL OF SCIENCE- SAN ANTONIO", "sector": "charter", "source": "NCES CCD 2022-23 + EDGE 2021-22", "level": "Elementary", "county_fips": "48029" }, "geometry": { "type": "Point", "coordinates": [ -98.733831, 29.458159 ] } },
{ "type": "Feature", "properties": { "NAME": "BROOKS ACADEMY OF SCIENCE AND ENGINEERING", "sector": "charter", "source": "NCES CCD 2022-23 + EDGE 2021-22", "level": "Other", "county_fips": "48029" }, "geometry": { "type": "Point", "coordinates": [ -98.426639, 29.337993 ] } },
{ "type": "Feature", "properties": { "NAME": "BROOKS COLLEGIATE ACADEMY", "sector": "charter", "source": "NCES CCD 2022-23 + EDGE 2021-22", "level": "Other", "county_fips": "48029" }, "geometry": { "type": "Point", "coordinates": [ -98.534411, 29.521657 ] } },
{ "type": "Feature", "properties": { "NAME": "BROOKS ACADEMY LONESTAR", "sector": "charter", "source": "NCES CCD 2022-23 + EDGE 2021-22", "level": "Elementary", "county_fips": "48029" }, "geometry": { "type": "Point", "coordinates": [ -98.505698, 29.494737 ] } },
{ "type": "Feature", "properties": { "NAME": "BROOKS ACADEMY OAKS", "sector": "charter", "source": "NCES CCD 2022-23 + EDGE 2021-22", "level": "Elementary", "county_fips": "48029" }, "geometry": { "type": "Point", "coordinates": [ -98.606212, 29.532132 ] } },
{ "type": "Feature", "properties": { "NAME": "SCHOOL OF SCIENCE AND TECHNOLOGY DISCOVERY", "sector": "charter", "source": "NCES CCD 2022-23 + EDGE 2021-22", "level": "Elementary", "county_fips": "48029" }, "geometry": { "type": "Point", "coordinates": [ -98.596956, 29.482561 ] } },
{ "type": "Feature", "properties": { "NAME": "SCHOOL OF SCIENCE AND TECHNOLOGY NORTHWEST", "sector": "charter", "source": "NCES CCD 2022-23 + EDGE 2021-22", "level": "Elementary", "county_fips": "48029" }, "geometry": { "type": "Point", "coordinates": [ -98.731285, 29.502511 ] } },
{ "type": "Feature", "properties": { "NAME": "SCHOOL OF SCIENCE AND TECHNOLOGY HILL COUNTRY", "sector": "charter", "source": "NCES CCD 2022-23 + EDGE 2021-22", "level": "Other", "county_fips": "48029" }, "geometry": { "type": "Point", "coordinates": [ -98.684902, 29.527449 ] } },
{ "type": "Feature", "properties": { "NAME": "STEPPING STONES ACADEMY", "sector": "charter", "source": "NCES CCD 2022-23 + EDGE 2021-22", "level": "Other", "county_fips": "48029" }, "geometry": { "type": "Point", "coordinates": [ -98.526463, 29.488863 ] } },
{ "type": "Feature", "properties": { "NAME": "HENRY FORD ACADEMY ALAMEDA SCHOOL FOR ART + DESIGN", "sector": "charter", "source": "NCES CCD 2022-23 + EDGE 2021-22", "level": "High", "county_fips": "48029" }, "geometry": { "type": "Point", "coordinates": [ -98.502919, 29.423029 ] } },
{ "type": "Feature", "properties": { "NAME": "ELEANOR KOLITZ HEBREW LANGUAGE ACADEMY", "sector": "charter", "source": "NCES CCD 2022-23 + EDGE 2021-22", "level": "Elementary", "county_fips": "48029" }, "geometry": { "type": "Point", "coordinates": [ -98.533409, 29.544164 ] } },
{ "type": "Feature", "properties": { "NAME": "BASIS SAN ANTONIO- SHAVANO CAMPUS", "sector": "charter", "source": "NCES CCD 2022-23 + EDGE 2021-22", "level": "High", "county_fips": "48029" }, "geometry": { "type": "Point", "coordinates": [ -98.564849, 29.57149 ] } },
{ "type": "Feature", "properties": { "NAME": "BASIS SAN ANTONIO- PRI NORTH CENTRAL CAMPUS", "sector": "charter", "source": "NCES CCD 2022-23 + EDGE 2021-22", "level": "Elementary", "county_fips": "48029" }, "geometry": { "type": "Point", "coordinates": [ -98.491119, 29.527042 ] } },
{ "type": "Feature", "properties": { "NAME": "BASIS SAN ANTONIO PRI- MEDICAL CENTER CAMPUS", "sector": "charter", "source": "NCES CCD 2022-23 + EDGE 2021-22", "level": "Elementary", "county_fips": "48029" }, "geometry": { "type": "Point", "coordinates": [ -98.590166, 29.520545 ] } },
{ "type": "Feature", "properties": { "NAME": "BASIS SAN ANTONIO - NORTHEAST CAMPUS", "sector": "charter", "source": "NCES CCD 2022-23 + EDGE 2021-22", "level": "Middle", "county_fips": "48029" }, "geometry": { "type": "Point", "coordinates": [ -98.37003, 29.543283 ] } },
{ "type": "Feature", "properties": { "NAME": "BASIS SAN ANTONIO PRI - NORTHEAST CAMPUS", "sector": "charter", "source": "NCES CCD 2022-23 + EDGE 2021-22", "level": "Elementary", "county_fips": "48029" }, "geometry": { "type": "Point", "coordinates": [ -98.37003, 29.543283 ] } },
{ "type": "Feature", "properties": { "NAME": "BASIS SAN ANTONIO - JACK LEWIS JR CAMPUS", "sector": "charter", "source": "NCES CCD 2022-23 + EDGE 2021-22", "level": "Middle", "county_fips": "48029" }, "geometry": { "type": "Point", "coordinates": [ -98.702473, 29.465639 ] } },
{ "type": "Feature", "properties": { "NAME": "BASIS SAN ANTONIO PRI - JACK LEWIS JR CAMPUS", "sector": "charter", "source": "NCES CCD 2022-23 + EDGE 2021-22", "level": "Elementary", "county_fips": "48029" }, "geometry": { "type": "Point", "coordinates": [ -98.702473, 29.465639 ] } },
{ "type": "Feature", "properties": { "NAME": "GREAT HEARTS MONTE VISTA", "sector": "charter", "source": "NCES CCD 2022-23 + EDGE 2021-22", "level": "Elementary", "county_fips": "48029" }, "geometry": { "type": "Point", "coordinates": [ -98.498082, 29.448766 ] } },
{ "type": "Feature", "properties": { "NAME": "GREAT HEARTS MONTE VISTA NORTH", "sector": "charter", "source": "NCES CCD 2022-23 + EDGE 2021-22", "level": "High", "county_fips": "48029" }, "geometry": { "type": "Point", "coordinates": [ -98.488544, 29.457396 ] } },
{ "type": "Feature", "properties": { "NAME": "GREAT HEARTS NORTHERN OAKS", "sector": "charter", "source": "NCES CCD 2022-23 + EDGE 2021-22", "level": "Other", "county_fips": "48029" }, "geometry": { "type": "Point", "coordinates": [ -98.423165, 29.598241 ] } },
{ "type": "Feature", "properties": { "NAME": "GREAT HEARTS WESTERN HILLS", "sector": "charter", "source": "NCES CCD 2022-23 + EDGE 2021-22", "level": "Other", "county_fips": "48029" }, "geometry": { "type": "Point", "coordinates": [ -98.653002, 29.444054 ] } },
{ "type": "Feature", "properties": { "NAME": "GREAT HEARTS FOREST HEIGHTS", "sector": "charter", "source": "NCES CCD 2022-23 + EDGE 2021-22", "level": "Other", "county_fips": "48029" }, "geometry": { "type": "Point", "coordinates": [ -98.587752, 29.543297 ] } },
{ "type": "Feature", "properties": { "NAME": "GREAT HEARTS LIVE OAK", "sector": "charter", "source": "NCES CCD 2022-23 + EDGE 2021-22", "level": "Other", "county_fips": "48029" }, "geometry": { "type": "Point", "coordinates": [ -98.335328, 29.574403 ] } },
{ "type": "Feature", "properties": { "NAME": "GREAT HEARTS ONLINE - TX", "sector": "charter", "source": "NCES CCD 2022-23 + EDGE 2021-22", "level": "Elementary", "county_fips": "48029" }, "geometry": { "type": "Point", "coordinates": [ -98.484314, 29.555836 ] } },
{ "type": "Feature", "properties": { "NAME": "GREAT HEARTS INVICTUS", "sector": "charter", "source": "NCES CCD 2022-23 + EDGE 2021-22", "level": "Elementary", "county_fips": "48029" }, "geometry": { "type": "Point", "coordinates": [ -98.669336, 29.558173 ] } },
{ "type": "Feature", "properties": { "NAME": "COMPASS ROSE LEGACY", "sector": "charter", "source": "NCES CCD 2022-23 + EDGE 2021-22", "level": "High", "county_fips": "48029" }, "geometry": { "type": "Point", "coordinates": [ -98.437368, 29.348203 ] } },
{ "type": "Feature", "properties": { "NAME": "COMPASS ROSE LEGACY EL", "sector": "charter", "source": "NCES CCD 2022-23 + EDGE 2021-22", "level": "Elementary", "county_fips": "48029" }, "geometry": { "type": "Point", "coordinates": [ -98.446451, 29.34448 ] } },
{ "type": "Feature", "properties": { "NAME": "COMPASS ROSE INGENUITY", "sector": "charter", "source": "NCES CCD 2022-23 + EDGE 2021-22", "level": "Elementary", "county_fips": "48029" }, "geometry": { "type": "Point", "coordinates": [ -98.564537, 29.384455 ] } },
{ "type": "Feature", "properties": { "NAME": "COMPASS ROSE JOURNEY", "sector": "charter", "source": "NCES CCD 2022-23 + EDGE 2021-22", "level": "Elementary", "county_fips": "48029" }, "geometry": { "type": "Point", "coordinates": [ -98.392491, 29.514047 ] } },
{ "type": "Feature", "properties": { "NAME": "PROMESA ACADEMY CHARTER SCHOOL", "sector": "charter", "source": "NCES CCD 2022-23 + EDGE 2021-22", "level": "Elementary", "county_fips": "48029" }, "geometry": { "type": "Point", "coordinates": [ -98.527178, 29.409352 ] } },
{ "type": "Feature", "properties": { "NAME": "THE GATHERING PLACE", "sector": "charter", "source": "NCES CCD 2022-23 + EDGE 2021-22", "level": "Elementary", "county_fips": "48029" }, "geometry": { "type": "Point", "coordinates": [ -98.605191, 29.479319 ] } },
{ "type": "Feature", "properties": { "NAME": "SAN ANTONIO PREPARATORY", "sector": "charter", "source": "NCES CCD 2022-23 + EDGE 2021-22", "level": "Middle", "county_fips": "48029" }, "geometry": { "type": "Point", "coordinates": [ -98.360064, 29.468752 ] } },
{ "type": "Feature", "properties": { "NAME": "PRELUDE PREPARATORY CHARTER SCHOOL", "sector": "charter", "source": "NCES CCD 2022-23 + EDGE 2021-22", "level": "Elementary", "county_fips": "48029" }, "geometry": { "type": "Point", "coordinates": [ -98.535776, 29.377081 ] } },
{ "type": "Feature", "properties": { "NAME": "ROYAL ACADEMY OF EXCELLENCE", "sector": "charter", "source": "NCES CCD 2022-23 + EDGE 2021-22", "level": "Elementary", "county_fips": "48029" }, "geometry": { "type": "Point", "coordinates": [ -98.47777, 29.383782 ] } },
{ "type": "Feature", "properties": { "NAME": "ESSENCE PREPARATORY CHARTER SCHOOL", "sector": "charter", "source": "NCES CCD 2022-23 + EDGE 2021-22", "level": "Elementary", "county_fips": "48029" }, "geometry": { "type": "Point", "coordinates": [ -98.463645, 29.424015 ] } },
{ "type": "Feature", "properties": { "NAME": "ALAMO HEIGHTS H S", "sector": "public", "source": "NCES CCD 2022-23 + EDGE 2021-22", "level": "High", "county_fips": "48029" }, "geometry": { "type": "Point", "coordinates": [ -98.465322, 29.491488 ] } },
{ "type": "Feature", "properties": { "NAME": "ALAMO HEIGHTS J H", "sector": "public", "source": "NCES CCD 2022-23 + EDGE 2021-22", "level": "Middle", "county_fips": "48029" }, "geometry": { "type": "Point", "coordinates": [ -98.460056, 29.501139 ] } },
{ "type": "Feature", "properties": { "NAME": "CAMBRIDGE EL", "sector": "public", "source": "NCES CCD 2022-23 + EDGE 2021-22", "level": "Elementary", "county_fips": "48029" }, "geometry": { "type": "Point", "coordinates": [ -98.46659, 29.480061 ] } },
{ "type": "Feature", "properties": { "NAME": "HOWARD EL", "sector": "public", "source": "NCES CCD 2022-23 + EDGE 2021-22", "level": "Elementary", "county_fips": "48029" }, "geometry": { "type": "Point", "coordinates": [ -98.465676, 29.502847 ] } },
{ "type": "Feature", "properties": { "NAME": "WOODRIDGE EL", "sector": "public", "source": "NCES CCD 2022-23 + EDGE 2021-22", "level": "Elementary", "county_fips": "48029" }, "geometry": { "type": "Point", "coordinates": [ -98.454034, 29.503137 ] } },
{ "type": "Feature", "properties": { "NAME": "BEXAR CO J J A E P", "sector": "public", "source": "NCES CCD 2022-23 + EDGE 2021-22", "level": "Secondary", "county_fips": "48029" }, "geometry": { "type": "Point", "coordinates": [ -98.472769, 29.436809 ] } },
{ "type": "Feature", "properties": { "NAME": "JJAEP", "sector": "public", "source": "NCES CCD 2022-23 + EDGE 2021-22", "level": "Secondary", "county_fips": "48029" }, "geometry": { "type": "Point", "coordinates": [ -98.472769, 29.436809 ] } },
{ "type": "Feature", "properties": { "NAME": "EAST CENTRAL H S", "sector": "public", "source": "NCES CCD 2022-23 + EDGE 2021-22", "level": "High", "county_fips": "48029" }, "geometry": { "type": "Point", "coordinates": [ -98.295326, 29.353108 ] } },
{ "type": "Feature", "properties": { "NAME": "HARMONY EL", "sector": "public", "source": "NCES CCD 2022-23 + EDGE 2021-22", "level": "Elementary", "county_fips": "48029" }, "geometry": { "type": "Point", "coordinates": [ -98.385307, 29.314549 ] } },
{ "type": "Feature", "properties": { "NAME": "PECAN VALLEY EL", "sector": "public", "source": "NCES CCD 2022-23 + EDGE 2021-22", "level": "Elementary", "county_fips": "48029" }, "geometry": { "type": "Point", "coordinates": [ -98.416517, 29.373019 ] } },
{ "type": "Feature", "properties": { "NAME": "SINCLAIR EL", "sector": "public", "source": "NCES CCD 2022-23 + EDGE 2021-22", "level": "Elementary", "county_fips": "48029" }, "geometry": { "type": "Point", "coordinates": [ -98.372816, 29.384844 ] } },
{ "type": "Feature", "properties": { "NAME": "BEXAR CO J J A E P", "sector": "public", "source": "NCES CCD 2022-23 + EDGE 2021-22", "level": "Secondary", "county_fips": "48029" }, "geometry": { "type": "Point", "coordinates": [ -98.472769, 29.436809 ] } },
{ "type": "Feature", "properties": { "NAME": "BEXAR COUNTY LRN CTR", "sector": "public", "source": "NCES CCD 2022-23 + EDGE 2021-22", "level": "Secondary", "county_fips": "48029" }, "geometry": { "type": "Point", "coordinates": [ -98.426508, 29.311557 ] } },
{ "type": "Feature", "properties": { "NAME": "EAST CENTRAL HERITAGE MIDDLE", "sector": "public", "source": "NCES CCD 2022-23 + EDGE 2021-22", "level": "Middle", "county_fips": "48029" }, "geometry": { "type": "Point", "coordinates": [ -98.333976, 29.355507 ] } },
{ "type": "Feature", "properties": { "NAME": "HIGHLAND FOREST EL", "sector": "public", "source": "NCES CCD 2022-23 + EDGE 2021-22", "level": "Elementary", "county_fips": "48029" }, "geometry": { "type": "Point", "coordinates": [ -98.420993, 29.353801 ] } },
{ "type": "Feature", "properties": { "NAME": "LEGACY MIDDLE", "sector": "public", "source": "NCES CCD 2022-23 + EDGE 2021-22", "level": "Middle", "county_fips": "48029" }, "geometry": { "type": "Point", "coordinates": [ -98.399072, 29.365762 ] } },
{ "type": "Feature", "properties": { "NAME": "TRADITION EL", "sector": "public", "source": "NCES CCD 2022-23 + EDGE 2021-22", "level": "Elementary", "county_fips": "48029" }, "geometry": { "type": "Point", "coordinates": [ -98.229152, 29.427267 ] } },
{ "type": "Feature", "properties": { "NAME": "OAK CREST EL", "sector": "public", "source": "NCES CCD 2022-23 + EDGE 2021-22", "level": "Elementary", "county_fips": "48029" }, "geometry": { "type": "Point", "coordinates": [ -98.335608, 29.355156 ] } },
{ "type": "Feature", "properties": { "NAME": "EAST CENTRAL CAST LEAD H S", "sector": "charter", "source": "NCES CCD 2022-23 + EDGE 2021-22", "level": "Secondary", "county_fips": "48029" }, "geometry": { "type": "Point", "coordinates": [ -98.294103, 29.351216 ] } },
{ "type": "Feature", "properties": { "NAME": "SALADO EL", "sector": "public", "source": "NCES CCD 2022-23 + EDGE 2021-22", "level": "Elementary", "county_fips": "48029" }, "geometry": { "type": "Point", "coordinates": [ -98.399378, 29.363662 ] } },
{ "type": "Feature", "properties": { "NAME": "ALONSO S PERALES EL", "sector": "public", "source": "NCES CCD 2022-23 + EDGE 2021-22", "level": "Elementary", "county_fips": "48029" }, "geometry": { "type": "Point", "coordinates": [ -98.548266, 29.409185 ] } },
{ "type": "Feature", "properties": { "NAME": "BRENTWOOD MIDDLE", "sector": "charter", "source": "NCES CCD 2022-23 + EDGE 2021-22", "level": "Middle", "county_fips": "48029" }, "geometry": { "type": "Point", "coordinates": [ -98.554366, 29.395615 ] } },
{ "type": "Feature", "properties": { "NAME": "ROY CISNEROS EL", "sector": "charter", "source": "NCES CCD 2022-23 + EDGE 2021-22", "level": "Elementary", "county_fips": "48029" }, "geometry": { "type": "Point", "coordinates": [ -98.549629, 29.439085 ] } },
{ "type": "Feature", "properties": { "NAME": "E T WRENN MIDDLE", "sector": "public", "source": "NCES CCD 2022-23 + EDGE 2021-22", "level": "Middle", "county_fips": "48029" }, "geometry": { "type": "Point", "coordinates": [ -98.588365, 29.423395 ] } },
{ "type": "Feature", "properties": { "NAME": "GUS GARCIA MIDDLE", "sector": "charter", "source": "NCES CCD 2022-23 + EDGE 2021-22", "level": "Middle", "county_fips": "48029" }, "geometry": { "type": "Point", "coordinates": [ -98.55639, 29.439164 ] } },
{ "type": "Feature", "properties": { "NAME": "H B GONZALEZ EL", "sector": "public", "source": "NCES CCD 2022-23 + EDGE 2021-22", "level": "Elementary", "county_fips": "48029" }, "geometry": { "type": "Point", "coordinates": [ -98.584196, 29.410152 ] } },
{ "type": "Feature", "properties": { "NAME": "L B JOHNSON EL", "sector": "public", "source": "NCES CCD 2022-23 + EDGE 2021-22", "level": "Elementary", "county_fips": "48029" }, "geometry": { "type": "Point", "coordinates": [ -98.590309, 29.434971 ] } },
{ "type": "Feature", "properties": { "NAME": "JOHN F KENNEDY H S", "sector": "public", "source": "NCES CCD 2022-23 + EDGE 2021-22", "level": "High", "county_fips": "48029" }, "geometry": { "type": "Point", "coordinates": [ -98.557173, 29.395701 ] } },
{ "type": "Feature", "properties": { "NAME": "LAS PALMAS EL", "sector": "public", "source": "NCES CCD 2022-23 + EDGE 2021-22", "level": "Middle", "county_fips": "48029" }, "geometry": { "type": "Point", "coordinates": [ -98.547319, 29.420806 ] } },
{ "type": "Feature", "properties": { "NAME": "LOMA PARK EL", "sector": "public", "source": "NCES CCD 2022-23 + EDGE 2021-22", "level": "Elementary", "county_fips": "48029" }, "geometry": { "type": "Point", "coordinates": [ -98.574648, 29.442582 ] } },
{ "type": "Feature", "properties": { "NAME": "MEMORIAL H S", "sector": "public", "source": "NCES CCD 2022-23 + EDGE 2021-22", "level": "High", "county_fips": "48029" }, "geometry": { "type": "Point", "coordinates": [ -98.563875, 29.446138 ] } },
{ "type": "Feature", "properties": { "NAME": "STAFFORD EL", "sector": "public", "source": "NCES CCD 2022-23 + EDGE 2021-22", "level": "Elementary", "county_fips": "48029" }, "geometry": { "type": "Point", "coordinates": [ -98.5732, 29.42518 ] } },
{ "type": "Feature", "properties": { "NAME": "ROOSEVELT EL", "sector": "public", "source": "NCES CCD 2022-23 + EDGE 2021-22", "level": "Elementary", "county_fips": "48029" }, "geometry": { "type": "Point", "coordinates": [ -98.562679, 29.436389 ] } },
{ "type": "Feature", "properties": { "NAME": "ALTERNATIVE CENTER", "sector": "public", "source": "NCES CCD 2022-23 + EDGE 2021-22", "level": "Middle", "county_fips": "48029" }, "geometry": { "type": "Point", "coordinates": [ -98.559611, 29.417671 ] } },
{ "type": "Feature", "properties": { "NAME": "BEXAR CO J J A E P", "sector": "public", "source": "NCES CCD 2022-23 + EDGE 2021-22", "level": "High", "county_fips": "48029" }, "geometry": { "type": "Point", "coordinates": [ -98.472769, 29.436809 ] } },
{ "type": "Feature", "properties": { "NAME": "BURLESON CENTER", "sector": "charter", "source": "NCES CCD 2022-23 + EDGE 2021-22", "level": "High", "county_fips": "48029" }, "geometry": { "type": "Point", "coordinates": [ -98.55183, 29.427228 ] } },
{ "type": "Feature", "properties": { "NAME": "EL DAEP", "sector": "public", "source": "NCES CCD 2022-23 + EDGE 2021-22", "level": "Middle", "county_fips": "48029" }, "geometry": { "type": "Point", "coordinates": [ -98.559611, 29.417671 ] } },
{ "type": "Feature", "properties": { "NAME": "STEAM AT THE FINE ARTS ACADEMY", "sector": "public", "source": "NCES CCD 2022-23 + EDGE 2021-22", "level": "High", "county_fips": "48029" }, "geometry": { "type": "Point", "coordinates": [ -98.569266, 29.421823 ] } },
{ "type": "Feature", "properties": { "NAME": "GARDENDALE PRE-K 4 SA EARLY LEARNING", "sector": "charter", "source": "NCES CCD 2022-23 + EDGE 2021-22", "level": "Elementary", "county_fips": "48029" }, "geometry": { "type": "Point", "coordinates": [ -98.5665, 29.412249 ] } },
{ "type": "Feature", "properties": { "NAME": "LEARN4LIFE", "sector": "charter", "source": "NCES CCD 2022-23 + EDGE 2021-22", "level": "High", "county_fips": "48029" }, "geometry": { "type": "Point", "coordinates": [ -98.557173, 29.395701 ] } },
{ "type": "Feature", "properties": { "NAME": "LAS PALMAS LEADERSHIP SCHOOL FOR GIRLS", "sector": "charter", "source": "NCES CCD 2022-23 + EDGE 2021-22", "level": "Elementary", "county_fips": "48029" }, "geometry": { "type": "Point", "coordinates": [ -98.547319, 29.420806 ] } },
{ "type": "Feature", "properties": { "NAME": "WINSTON INT OF EXCELLENCE", "sector": "charter", "source": "NCES CCD 2022-23 + EDGE 2021-22", "level": "Elementary", "county_fips": "48029" }, "geometry": { "type": "Point", "coordinates": [ -98.562119, 29.390139 ] } },
{ "type": "Feature", "properties": { "NAME": "ROBERT G COLE MIDDLE/HIGH SCHOOL", "sector": "public", "source": "NCES CCD 2022-23 + EDGE 2021-22", "level": "High", "county_fips": "48029" }, "geometry": { "type": "Point", "coordinates": [ -98.419704, 29.479051 ] } },
{ "type": "Feature", "properties": { "NAME": "FT SAM HOUSTON EL", "sector": "public", "source": "NCES CCD 2022-23 + EDGE 2021-22", "level": "Elementary", "county_fips": "48029" }, "geometry": { "type": "Point", "coordinates": [ -98.430802, 29.468317 ] } },
{ "type": "Feature", "properties": { "NAME": "A LEAL JR MIDDLE", "sector": "public", "source": "NCES CCD 2022-23 + EDGE 2021-22", "level": "Middle", "county_fips": "48029" }, "geometry": { "type": "Point", "coordinates": [ -98.5213, 29.369 ] } },
{ "type": "Feature", "properties": { "NAME": "BELLAIRE EL", "sector": "public", "source": "NCES CCD 2022-23 + EDGE 2021-22", "level": "Elementary", "county_fips": "48029" }, "geometry": { "type": "Point", "coordinates": [ -98.5016, 29.3436 ] } },
{ "type": "Feature", "properties": { "NAME": "CARROLL BELL EL", "sector": "public", "source": "NCES CCD 2022-23 + EDGE 2021-22", "level": "Elementary", "county_fips": "48029" }, "geometry": { "type": "Point", "coordinates": [ -98.504943, 29.35217 ] } },
{ "type": "Feature", "properties": { "NAME": "COLLIER EL", "sector": "public", "source": "NCES CCD 2022-23 + EDGE 2021-22", "level": "Elementary", "county_fips": "48029" }, "geometry": { "type": "Point", "coordinates": [ -98.524228, 29.36712 ] } },
{ "type": "Feature", "properties": { "NAME": "COLUMBIA HEIGHTS EL", "sector": "public", "source": "NCES CCD 2022-23 + EDGE 2021-22", "level": "Elementary", "county_fips": "48029" }, "geometry": { "type": "Point", "coordinates": [ -98.5315, 29.3697 ] } },
{ "type": "Feature", "properties": { "NAME": "E H GILBERT EL", "sector": "public", "source": "NCES CCD 2022-23 + EDGE 2021-22", "level": "Elementary", "county_fips": "48029" }, "geometry": { "type": "Point", "coordinates": [ -98.485743, 29.370107 ] } },
{ "type": "Feature", "properties": { "NAME": "STONEWALL/FLANDERS EL", "sector": "public", "source": "NCES CCD 2022-23 + EDGE 2021-22", "level": "Elementary", "county_fips": "48029" }, "geometry": { "type": "Point", "coordinates": [ -98.5179, 29.3729 ] } },
{ "type": "Feature", "properties": { "NAME": "GILLETTE EL", "sector": "public", "source": "NCES CCD 2022-23 + EDGE 2021-22", "level": "Elementary", "county_fips": "48029" }, "geometry": { "type": "Point", "coordinates": [ -98.5191, 29.3309 ] } },
{ "type": "Feature", "properties": { "NAME": "H W SCHULZE EL", "sector": "public", "source": "NCES CCD 2022-23 + EDGE 2021-22", "level": "Elementary", "county_fips": "48029" }, "geometry": { "type": "Point", "coordinates": [ -98.4931, 29.3311 ] } },
{ "type": "Feature", "properties": { "NAME": "HARLANDALE H S", "sector": "public", "source": "NCES CCD 2022-23 + EDGE 2021-22", "level": "High", "county_fips": "48029" }, "geometry": { "type": "Point", "coordinates": [ -98.502131, 29.365359 ] } },
{ "type": "Feature", "properties": { "NAME": "HARLANDALE MIDDLE", "sector": "public", "source": "NCES CCD 2022-23 + EDGE 2021-22", "level": "Middle", "county_fips": "48029" }, "geometry": { "type": "Point", "coordinates": [ -98.4982, 29.3642 ] } },
{ "type": "Feature", "properties": { "NAME": "KINGSBOROUGH MIDDLE", "sector": "public", "source": "NCES CCD 2022-23 + EDGE 2021-22", "level": "Middle", "county_fips": "48029" }, "geometry": { "type": "Point", "coordinates": [ -98.4952, 29.3337 ] } },
{ "type": "Feature", "properties": { "NAME": "MCCOLLUM H S", "sector": "public", "source": "NCES CCD 2022-23 + EDGE 2021-22", "level": "High", "county_fips": "48029" }, "geometry": { "type": "Point", "coordinates": [ -98.511885, 29.343507 ] } },
{ "type": "Feature", "properties": { "NAME": "MORRILL EL", "sector": "public", "source": "NCES CCD 2022-23 + EDGE 2021-22", "level": "Elementary", "county_fips": "48029" }, "geometry": { "type": "Point", "coordinates": [ -98.4979, 29.3741 ] } },
{ "type": "Feature", "properties": { "NAME": "RAYBURN EL", "sector": "public", "source": "NCES CCD 2022-23 + EDGE 2021-22", "level": "Elementary", "county_fips": "48029" }, "geometry": { "type": "Point", "coordinates": [ -98.514932, 29.357937 ] } },
{ "type": "Feature", "properties": { "NAME": "JEWEL C WIETZEL CENTER", "sector": "public", "source": "NCES CCD 2022-23 + EDGE 2021-22", "level": "High", "county_fips": "48029" }, "geometry": { "type": "Point", "coordinates": [ -98.4928, 29.3317 ] } },
{ "type": "Feature", "properties": { "NAME": "TERRELL WELLS MIDDLE", "sector": "public", "source": "NCES CCD 2022-23 + EDGE 2021-22", "level": "Middle", "county_fips": "48029" }, "geometry": { "type": "Point", "coordinates": [ -98.509732, 29.34515 ] } },
{ "type": "Feature", "properties": { "NAME": "V M ADAMS EL", "sector": "public", "source": "NCES CCD 2022-23 + EDGE 2021-22", "level": "Elementary", "county_fips": "48029" }, "geometry": { "type": "Point", "coordinates": [ -98.501938, 29.369374 ] } },
{ "type": "Feature", "properties": { "NAME": "VESTAL EL", "sector": "public", "source": "NCES CCD 2022-23 + EDGE 2021-22", "level": "Elementary", "county_fips": "48029" }, "geometry": { "type": "Point", "coordinates": [ -98.521456, 29.348071 ] } },
{ "type": "Feature", "properties": { "NAME": "WRIGHT EL", "sector": "public", "source": "NCES CCD 2022-23 + EDGE 2021-22", "level": "Elementary", "county_fips": "48029" }, "geometry": { "type": "Point", "coordinates": [ -98.4924, 29.3642 ] } },
{ "type": "Feature", "properties": { "NAME": "FRANK M TEJEDA ACADEMY", "sector": "public", "source": "NCES CCD 2022-23 + EDGE 2021-22", "level": "High", "county_fips": "48029" }, "geometry": { "type": "Point", "coordinates": [ -98.4914, 29.3229 ] } },
{ "type": "Feature", "properties": { "NAME": "HAC DAEP H S", "sector": "public", "source": "NCES CCD 2022-23 + EDGE 2021-22", "level": "High", "county_fips": "48029" }, "geometry": { "type": "Point", "coordinates": [ -98.484321, 29.347311 ] } },
{ "type": "Feature", "properties": { "NAME": "BEXAR CO J J A E P", "sector": "public", "source": "NCES CCD 2022-23 + EDGE 2021-22", "level": "Secondary", "county_fips": "48029" }, "geometry": { "type": "Point", "coordinates": [ -98.472769, 29.436809 ] } },
{ "type": "Feature", "properties": { "NAME": "HAC DAEP MIDDLE", "sector": "public", "source": "NCES CCD 2022-23 + EDGE 2021-22", "level": "Middle", "county_fips": "48029" }, "geometry": { "type": "Point", "coordinates": [ -98.484321, 29.347311 ] } },
{ "type": "Feature", "properties": { "NAME": "COLLIER DAEP", "sector": "public", "source": "NCES CCD 2022-23 + EDGE 2021-22", "level": "Elementary", "county_fips": "48029" }, "geometry": { "type": "Point", "coordinates": [ -98.524228, 29.36712 ] } },
{ "type": "Feature", "properties": { "NAME": "FENLEY TRANSITIONAL H S", "sector": "public", "source": "NCES CCD 2022-23 + EDGE 2021-22", "level": "High", "county_fips": "48029" }, "geometry": { "type": "Point", "coordinates": [ -98.4928, 29.3317 ] } },
{ "type": "Feature", "properties": { "NAME": "FENLEY TRANSITIONAL MIDDLE", "sector": "public", "source": "NCES CCD 2022-23 + EDGE 2021-22", "level": "Middle", "county_fips": "48029" }, "geometry": { "type": "Point", "coordinates": [ -98.4928, 29.3317 ] } },
{ "type": "Feature", "properties": { "NAME": "TEJEDA JUNIOR ACADEMY", "sector": "public", "source": "NCES CCD 2022-23 + EDGE 2021-22", "level": "Middle", "county_fips": "48029" }, "geometry": { "type": "Point", "coordinates": [ -98.4914, 29.3229 ] } },
{ "type": "Feature", "properties": { "NAME": "HARLANDALE ISD STEM ECHS-ALAMO COLLEGES AT PAC", "sector": "public", "source": "NCES CCD 2022-23 + EDGE 2021-22", "level": "High", "county_fips": "48029" }, "geometry": { "type": "Point", "coordinates": [ -98.480325, 29.343165 ] } },
{ "type": "Feature", "properties": { "NAME": "CONVERSE EL", "sector": "public", "source": "NCES CCD 2022-23 + EDGE 2021-22", "level": "Elementary", "county_fips": "48029" }, "geometry": { "type": "Point", "coordinates": [ -98.308486, 29.492311 ] } },
{ "type": "Feature", "properties": { "NAME": "CORONADO VILLAGE EL", "sector": "public", "source": "NCES CCD 2022-23 + EDGE 2021-22", "level": "Elementary", "county_fips": "48029" }, "geometry": { "type": "Point", "coordinates": [ -98.318352, 29.550556 ] } },
{ "type": "Feature", "properties": { "NAME": "CRESTVIEW EL", "sector": "public", "source": "NCES CCD 2022-23 + EDGE 2021-22", "level": "Elementary", "county_fips": "48029" }, "geometry": { "type": "Point", "coordinates": [ -98.335276, 29.540698 ] } },
{ "type": "Feature", "properties": { "NAME": "JUDSON H S", "sector": "public", "source": "NCES CCD 2022-23 + EDGE 2021-22", "level": "High", "county_fips": "48029" }, "geometry": { "type": "Point", "coordinates": [ -98.304391, 29.509352 ] } },
{ "type": "Feature", "properties": { "NAME": "HOPKINS EL", "sector": "public", "source": "NCES CCD 2022-23 + EDGE 2021-22", "level": "Elementary", "county_fips": "48029" }, "geometry": { "type": "Point", "coordinates": [ -98.379809, 29.452081 ] } },
{ "type": "Feature", "properties": { "NAME": "KIRBY MIDDLE", "sector": "public", "source": "NCES CCD 2022-23 + EDGE 2021-22", "level": "Middle", "county_fips": "48029" }, "geometry": { "type": "Point", "coordinates": [ -98.387064, 29.469112 ] } },
{ "type": "Feature", "properties": { "NAME": "KITTY HAWK MIDDLE", "sector": "public", "source": "NCES CCD 2022-23 + EDGE 2021-22", "level": "Middle", "county_fips": "48029" }, "geometry": { "type": "Point", "coordinates": [ -98.318458, 29.543111 ] } },
{ "type": "Feature", "properties": { "NAME": "ED FRANZ EL", "sector": "public", "source": "NCES CCD 2022-23 + EDGE 2021-22", "level": "Elementary", "county_fips": "48029" }, "geometry": { "type": "Point", "coordinates": [ -98.33468, 29.552562 ] } },
{ "type": "Feature", "properties": { "NAME": "PARK VILLAGE EL", "sector": "public", "source": "NCES CCD 2022-23 + EDGE 2021-22", "level": "Elementary", "county_fips": "48029" }, "geometry": { "type": "Point", "coordinates": [ -98.37073, 29.491462 ] } },
{ "type": "Feature", "properties": { "NAME": "OLYMPIA EL", "sector": "public", "source": "NCES CCD 2022-23 + EDGE 2021-22", "level": "Elementary", "county_fips": "48029" }, "geometry": { "type": "Point", "coordinates": [ -98.318288, 29.568674 ] } },
{ "type": "Feature", "properties": { "NAME": "WOODLAKE EL", "sector": "public", "source": "NCES CCD 2022-23 + EDGE 2021-22", "level": "Elementary", "county_fips": "48029" }, "geometry": { "type": "Point", "coordinates": [ -98.354638, 29.47884 ] } },
{ "type": "Feature", "properties": { "NAME": "ELOLF EL", "sector": "public", "source": "NCES CCD 2022-23 + EDGE 2021-22", "level": "Elementary", "county_fips": "48029" }, "geometry": { "type": "Point", "coordinates": [ -98.317584, 29.486244 ] } },
{ "type": "Feature", "properties": { "NAME": "JUDSON LEARNING ACAD", "sector": "public", "source": "NCES CCD 2022-23 + EDGE 2021-22", "level": "High", "county_fips": "48029" }, "geometry": { "type": "Point", "coordinates": [ -98.387064, 29.469112 ] } },
{ "type": "Feature", "properties": { "NAME": "SPRING MEADOWS EL", "sector": "public", "source": "NCES CCD 2022-23 + EDGE 2021-22", "level": "Elementary", "county_fips": "48029" }, "geometry": { "type": "Point", "coordinates": [ -98.335918, 29.501891 ] } },
{ "type": "Feature", "properties": { "NAME": "MILLER POINT EL", "sector": "public", "source": "NCES CCD 2022-23 + EDGE 2021-22", "level": "Elementary", "county_fips": "48029" }, "geometry": { "type": "Point", "coordinates": [ -98.347338, 29.52994 ] } },
{ "type": "Feature", "properties": { "NAME": "CANDLEWOOD EL", "sector": "public", "source": "NCES CCD 2022-23 + EDGE 2021-22", "level": "Elementary", "county_fips": "48029" }, "geometry": { "type": "Point", "coordinates": [ -98.368781, 29.4575 ] } },
{ "type": "Feature", "properties": { "NAME": "JUDSON CARE ACADEMY", "sector": "public", "source": "NCES CCD 2022-23 + EDGE 2021-22", "level": "High", "county_fips": "48029" }, "geometry": { "type": "Point", "coordinates": [ -98.309406, 29.509719 ] } },
{ "type": "Feature", "properties": { "NAME": "BEXAR CO J J A E P", "sector": "public", "source": "NCES CCD 2022-23 + EDGE 2021-22", "level": "Secondary", "county_fips": "48029" }, "geometry": { "type": "Point", "coordinates": [ -98.472769, 29.436809 ] } },
{ "type": "Feature", "properties": { "NAME": "WOODLAKE HILLS MIDDLE", "sector": "public", "source": "NCES CCD 2022-23 + EDGE 2021-22", "level": "Middle", "county_fips": "48029" }, "geometry": { "type": "Point", "coordinates": [ -98.350329, 29.490044 ] } },
{ "type": "Feature", "properties": { "NAME": "WILLIAM PASCHALL EL", "sector": "public", "source": "NCES CCD 2022-23 + EDGE 2021-22", "level": "Elementary", "county_fips": "48029" }, "geometry": { "type": "Point", "coordinates": [ -98.362995, 29.473313 ] } },
{ "type": "Feature", "properties": { "NAME": "MARY LOU HARTMAN", "sector": "public", "source": "NCES CCD 2022-23 + EDGE 2021-22", "level": "Elementary", "county_fips": "48029" }, "geometry": { "type": "Point", "coordinates": [ -98.364192, 29.496268 ] } },
{ "type": "Feature", "properties": { "NAME": "KAREN WAGNER H S", "sector": "public", "source": "NCES CCD 2022-23 + EDGE 2021-22", "level": "High", "county_fips": "48029" }, "geometry": { "type": "Point", "coordinates": [ -98.356894, 29.456676 ] } },
{ "type": "Feature", "properties": { "NAME": "HENRY METZGER MIDDLE", "sector": "public", "source": "NCES CCD 2022-23 + EDGE 2021-22", "level": "Middle", "county_fips": "48029" }, "geometry": { "type": "Point", "coordinates": [ -98.341332, 29.469952 ] } },
{ "type": "Feature", "properties": { "NAME": "RICARDO SALINAS EL", "sector": "public", "source": "NCES CCD 2022-23 + EDGE 2021-22", "level": "Elementary", "county_fips": "48029" }, "geometry": { "type": "Point", "coordinates": [ -98.312693, 29.535617 ] } },
{ "type": "Feature", "properties": { "NAME": "JUDSON EARLY COLLEGE ACADEMY", "sector": "public", "source": "NCES CCD 2022-23 + EDGE 2021-22", "level": "High", "county_fips": "48029" }, "geometry": { "type": "Point", "coordinates": [ -98.325762, 29.548526 ] } },
{ "type": "Feature", "properties": { "NAME": "JAMES L MASTERS", "sector": "public", "source": "NCES CCD 2022-23 + EDGE 2021-22", "level": "Elementary", "county_fips": "48029" }, "geometry": { "type": "Point", "coordinates": [ -98.347443, 29.456759 ] } },
{ "type": "Feature", "properties": { "NAME": "ROLLING MEADOWS EL", "sector": "public", "source": "NCES CCD 2022-23 + EDGE 2021-22", "level": "Elementary", "county_fips": "48029" }, "geometry": { "type": "Point", "coordinates": [ -98.342555, 29.595298 ] } },
{ "type": "Feature", "properties": { "NAME": "JUDSON MIDDLE", "sector": "public", "source": "NCES CCD 2022-23 + EDGE 2021-22", "level": "Middle", "county_fips": "48029" }, "geometry": { "type": "Point", "coordinates": [ -98.297977, 29.511235 ] } },
{ "type": "Feature", "properties": { "NAME": "COPPERFIELD EL", "sector": "public", "source": "NCES CCD 2022-23 + EDGE 2021-22", "level": "Elementary", "county_fips": "48029" }, "geometry": { "type": "Point", "coordinates": [ -98.290614, 29.501582 ] } },
{ "type": "Feature", "properties": { "NAME": "VETERANS MEMORIAL H S", "sector": "public", "source": "NCES CCD 2022-23 + EDGE 2021-22", "level": "High", "county_fips": "48029" }, "geometry": { "type": "Point", "coordinates": [ -98.337409, 29.609409 ] } },
{ "type": "Feature", "properties": { "NAME": "WORTHAM OAKS EL", "sector": "public", "source": "NCES CCD 2022-23 + EDGE 2021-22", "level": "Elementary", "county_fips": "48029" }, "geometry": { "type": "Point", "coordinates": [ -98.374043, 29.646262 ] } },
{ "type": "Feature", "properties": { "NAME": "ESCONDIDO EL", "sector": "public", "source": "NCES CCD 2022-23 + EDGE 2021-22", "level": "Elementary", "county_fips": "48029" }, "geometry": { "type": "Point", "coordinates": [ -98.321786, 29.474865 ] } },
{ "type": "Feature", "properties": { "NAME": "LACKLAND EL", "sector": "public", "source": "NCES CCD 2022-23 + EDGE 2021-22", "level": "Elementary", "county_fips": "48029" }, "geometry": { "type": "Point", "coordinates": [ -98.61257, 29.378727 ] } },
{ "type": "Feature", "properties": { "NAME": "VIRGINIA ALLRED STACEY JR/SR H S", "sector": "public", "source": "NCES CCD 2022-23 + EDGE 2021-22", "level": "High", "county_fips": "48029" }, "geometry": { "type": "Point", "coordinates": [ -98.61257, 29.378727 ] } },
{ "type": "Feature", "properties": { "NAME": "LUCKEY RANCH EL", "sector": "public", "source": "NCES CCD 2022-23 + EDGE 2021-22", "level": "Elementary", "county_fips": "48029" }, "geometry": { "type": "Point", "coordinates": [ -98.732145, 29.363647 ] } },
{ "type": "Feature", "properties": { "NAME": "LADERA EL", "sector": "public", "source": "NCES CCD 2022-23 + EDGE 2021-22", "level": "Elementary", "county_fips": "48029" }, "geometry": { "type": "Point", "coordinates": [ -98.78662, 29.399981 ] } },
{ "type": "Feature", "properties": { "NAME": "DRISCOLL MIDDLE", "sector": "public", "source": "NCES CCD 2022-23 + EDGE 2021-22", "level": "Middle", "county_fips": "48029" }, "geometry": { "type": "Point", "coordinates": [ -98.431563, 29.596503 ] } },
{ "type": "Feature", "properties": { "NAME": "SERNA EL", "sector": "public", "source": "NCES CCD 2022-23 + EDGE 2021-22", "level": "Elementary", "county_fips": "48029" }, "geometry": { "type": "Point", "coordinates": [ -98.414469, 29.517758 ] } },
{ "type": "Feature", "properties": { "NAME": "CAMELOT EL", "sector": "public", "source": "NCES CCD 2022-23 + EDGE 2021-22", "level": "Elementary", "county_fips": "48029" }, "geometry": { "type": "Point", "coordinates": [ -98.387246, 29.501181 ] } },
{ "type": "Feature", "properties": { "NAME": "CASTLE HILLS EL", "sector": "public", "source": "NCES CCD 2022-23 + EDGE 2021-22", "level": "Elementary", "county_fips": "48029" }, "geometry": { "type": "Point", "coordinates": [ -98.519627, 29.521224 ] } },
{ "type": "Feature", "properties": { "NAME": "CHURCHILL H S", "sector": "public", "source": "NCES CCD 2022-23 + EDGE 2021-22", "level": "High", "county_fips": "48029" }, "geometry": { "type": "Point", "coordinates": [ -98.512516, 29.549842 ] } },
{ "type": "Feature", "properties": { "NAME": "CLEAR SPRING EL", "sector": "public", "source": "NCES CCD 2022-23 + EDGE 2021-22", "level": "Elementary", "county_fips": "48029" }, "geometry": { "type": "Point", "coordinates": [ -98.407841, 29.530115 ] } },
{ "type": "Feature", "properties": { "NAME": "COKER EL", "sector": "public", "source": "NCES CCD 2022-23 + EDGE 2021-22", "level": "Elementary", "county_fips": "48029" }, "geometry": { "type": "Point", "coordinates": [ -98.476182, 29.56631 ] } },
{ "type": "Feature", "properties": { "NAME": "COLONIAL HILLS EL", "sector": "public", "source": "NCES CCD 2022-23 + EDGE 2021-22", "level": "Elementary", "county_fips": "48029" }, "geometry": { "type": "Point", "coordinates": [ -98.53648, 29.516075 ] } },
{ "type": "Feature", "properties": { "NAME": "DELLVIEW EL", "sector": "public", "source": "NCES CCD 2022-23 + EDGE 2021-22", "level": "Elementary", "county_fips": "48029" }, "geometry": { "type": "Point", "coordinates": [ -98.544645, 29.500928 ] } },
{ "type": "Feature", "properties": { "NAME": "EAST TERRELL HILLS EL", "sector": "public", "source": "NCES CCD 2022-23 + EDGE 2021-22", "level": "Elementary", "county_fips": "48029" }, "geometry": { "type": "Point", "coordinates": [ -98.406195, 29.489925 ] } },
{ "type": "Feature", "properties": { "NAME": "EISENHOWER MIDDLE", "sector": "public", "source": "NCES CCD 2022-23 + EDGE 2021-22", "level": "Middle", "county_fips": "48029" }, "geometry": { "type": "Point", "coordinates": [ -98.507471, 29.540126 ] } },
{ "type": "Feature", "properties": { "NAME": "EL DORADO EL", "sector": "public", "source": "NCES CCD 2022-23 + EDGE 2021-22", "level": "Elementary", "county_fips": "48029" }, "geometry": { "type": "Point", "coordinates": [ -98.394297, 29.551003 ] } },
{ "type": "Feature", "properties": { "NAME": "GARNER MIDDLE", "sector": "public", "source": "NCES CCD 2022-23 + EDGE 2021-22", "level": "Middle", "county_fips": "48029" }, "geometry": { "type": "Point", "coordinates": [ -98.432755, 29.51188 ] } },
{ "type": "Feature", "properties": { "NAME": "HARMONY HILLS EL", "sector": "public", "source": "NCES CCD 2022-23 + EDGE 2021-22", "level": "Elementary", "county_fips": "48029" }, "geometry": { "type": "Point", "coordinates": [ -98.500703, 29.538803 ] } },
{ "type": "Feature", "properties": { "NAME": "HIDDEN FOREST EL", "sector": "public", "source": "NCES CCD 2022-23 + EDGE 2021-22", "level": "Elementary", "county_fips": "48029" }, "geometry": { "type": "Point", "coordinates": [ -98.505183, 29.587782 ] } },
{ "type": "Feature", "properties": { "NAME": "JACKSON MIDDLE", "sector": "public", "source": "NCES CCD 2022-23 + EDGE 2021-22", "level": "Middle", "county_fips": "48029" }, "geometry": { "type": "Point", "coordinates": [ -98.534297, 29.516673 ] } },
{ "type": "Feature", "properties": { "NAME": "KRUEGER MIDDLE", "sector": "public", "source": "NCES CCD 2022-23 + EDGE 2021-22", "level": "Middle", "county_fips": "48029" }, "geometry": { "type": "Point", "coordinates": [ -98.408308, 29.501946 ] } },
{ "type": "Feature", "properties": { "NAME": "LARKSPUR EL", "sector": "public", "source": "NCES CCD 2022-23 + EDGE 2021-22", "level": "Elementary", "county_fips": "48029" }, "geometry": { "type": "Point", "coordinates": [ -98.522312, 29.542958 ] } },
{ "type": "Feature", "properties": { "NAME": "LEGACY OF EDUCATIONAL EXCELLENCE H S", "sector": "public", "source": "NCES CCD 2022-23 + EDGE 2021-22", "level": "High", "county_fips": "48029" }, "geometry": { "type": "Point", "coordinates": [ -98.515972, 29.507518 ] } },
{ "type": "Feature", "properties": { "NAME": "MACARTHUR H S", "sector": "public", "source": "NCES CCD 2022-23 + EDGE 2021-22", "level": "High", "county_fips": "48029" }, "geometry": { "type": "Point", "coordinates": [ -98.441625, 29.529502 ] } },
{ "type": "Feature", "properties": { "NAME": "MADISON H S", "sector": "public", "source": "NCES CCD 2022-23 + EDGE 2021-22", "level": "High", "county_fips": "48029" }, "geometry": { "type": "Point", "coordinates": [ -98.391303, 29.581719 ] } },
{ "type": "Feature", "properties": { "NAME": "MONTGOMERY EL", "sector": "public", "source": "NCES CCD 2022-23 + EDGE 2021-22", "level": "Elementary", "county_fips": "48029" }, "geometry": { "type": "Point", "coordinates": [ -98.349639, 29.511289 ] } },
{ "type": "Feature", "properties": { "NAME": "NIMITZ MIDDLE", "sector": "public", "source": "NCES CCD 2022-23 + EDGE 2021-22", "level": "Middle", "county_fips": "48029" }, "geometry": { "type": "Point", "coordinates": [ -98.507176, 29.501498 ] } },
{ "type": "Feature", "properties": { "NAME": "NORTHWOOD EL", "sector": "public", "source": "NCES CCD 2022-23 + EDGE 2021-22", "level": "Elementary", "county_fips": "48029" }, "geometry": { "type": "Point", "coordinates": [ -98.439678, 29.506007 ] } },
{ "type": "Feature", "properties": { "NAME": "OAK GROVE EL", "sector": "public", "source": "NCES CCD 2022-23 + EDGE 2021-22", "level": "Elementary", "county_fips": "48029" }, "geometry": { "type": "Point", "coordinates": [ -98.435855, 29.526633 ] } },
{ "type": "Feature", "properties": { "NAME": "OLMOS EL", "sector": "public", "source": "NCES CCD 2022-23 + EDGE 2021-22", "level": "Elementary", "county_fips": "48029" }, "geometry": { "type": "Point", "coordinates": [ -98.515259, 29.497128 ] } },
{ "type": "Feature", "properties": { "NAME": "REGENCY PLACE EL", "sector": "public", "source": "NCES CCD 2022-23 + EDGE 2021-22", "level": "Elementary", "county_fips": "48029" }, "geometry": { "type": "Point", "coordinates": [ -98.446806, 29.532803 ] } },
{ "type": "Feature", "properties": { "NAME": "RIDGEVIEW EL", "sector": "public", "source": "NCES CCD 2022-23 + EDGE 2021-22", "level": "Elementary", "county_fips": "48029" }, "geometry": { "type": "Point", "coordinates": [ -98.492623, 29.512782 ] } },
{ "type": "Feature", "properties": { "NAME": "ROOSEVELT H S", "sector": "public", "source": "NCES CCD 2022-23 + EDGE 2021-22", "level": "High", "county_fips": "48029" }, "geometry": { "type": "Point", "coordinates": [ -98.390172, 29.508693 ] } },
{ "type": "Feature", "properties": { "NAME": "WALZEM EL", "sector": "public", "source": "NCES CCD 2022-23 + EDGE 2021-22", "level": "Elementary", "county_fips": "48029" }, "geometry": { "type": "Point", "coordinates": [ -98.401261, 29.509203 ] } },
{ "type": "Feature", "properties": { "NAME": "WHITE MIDDLE", "sector": "public", "source": "NCES CCD 2022-23 + EDGE 2021-22", "level": "Middle", "county_fips": "48029" }, "geometry": { "type": "Point", "coordinates": [ -98.380889, 29.505334 ] } },
{ "type": "Feature", "properties": { "NAME": "WILSHIRE EL", "sector": "public", "source": "NCES CCD 2022-23 + EDGE 2021-22", "level": "Elementary", "county_fips": "48029" }, "geometry": { "type": "Point", "coordinates": [ -98.424285, 29.487805 ] } },
{ "type": "Feature", "properties": { "NAME": "WINDCREST EL", "sector": "public", "source": "NCES CCD 2022-23 + EDGE 2021-22", "level": "Elementary", "county_fips": "48029" }, "geometry": { "type": "Point", "coordinates": [ -98.382756, 29.517999 ] } },
{ "type": "Feature", "properties": { "NAME": "WOODSTONE EL", "sector": "public", "source": "NCES CCD 2022-23 + EDGE 2021-22", "level": "Elementary", "county_fips": "48029" }, "geometry": { "type": "Point", "coordinates": [ -98.375976, 29.564705 ] } },
{ "type": "Feature", "properties": { "NAME": "STAHL EL", "sector": "public", "source": "NCES CCD 2022-23 + EDGE 2021-22", "level": "Elementary", "county_fips": "48029" }, "geometry": { "type": "Point", "coordinates": [ -98.385405, 29.582152 ] } },
{ "type": "Feature", "properties": { "NAME": "THOUSAND OAKS EL", "sector": "public", "source": "NCES CCD 2022-23 + EDGE 2021-22", "level": "Elementary", "county_fips": "48029" }, "geometry": { "type": "Point", "coordinates": [ -98.449935, 29.587406 ] } },
{ "type": "Feature", "properties": { "NAME": "WOOD MIDDLE", "sector": "public", "source": "NCES CCD 2022-23 + EDGE 2021-22", "level": "Middle", "county_fips": "48029" }, "geometry": { "type": "Point", "coordinates": [ -98.367891, 29.575855 ] } },
{ "type": "Feature", "properties": { "NAME": "BRADLEY MIDDLE", "sector": "public", "source": "NCES CCD 2022-23 + EDGE 2021-22", "level": "Middle", "county_fips": "48029" }, "geometry": { "type": "Point", "coordinates": [ -98.467586, 29.577461 ] } },
{ "type": "Feature", "properties": { "NAME": "NORTHERN HILLS EL", "sector": "public", "source": "NCES CCD 2022-23 + EDGE 2021-22", "level": "Elementary", "county_fips": "48029" }, "geometry": { "type": "Point", "coordinates": [ -98.395519, 29.567955 ] } },
{ "type": "Feature", "properties": { "NAME": "ALTER H S", "sector": "public", "source": "NCES CCD 2022-23 + EDGE 2021-22", "level": "High", "county_fips": "48029" }, "geometry": { "type": "Point", "coordinates": [ -98.494909, 29.514665 ] } },
{ "type": "Feature", "properties": { "NAME": "JACKSON-KELLER EL", "sector": "public", "source": "NCES CCD 2022-23 + EDGE 2021-22", "level": "Elementary", "county_fips": "48029" }, "geometry": { "type": "Point", "coordinates": [ -98.5183, 29.510735 ] } },
{ "type": "Feature", "properties": { "NAME": "REDLAND OAKS EL", "sector": "public", "source": "NCES CCD 2022-23 + EDGE 2021-22", "level": "Elementary", "county_fips": "48029" }, "geometry": { "type": "Point", "coordinates": [ -98.43089, 29.59236 ] } },
{ "type": "Feature", "properties": { "NAME": "ENCINO PARK EL", "sector": "public", "source": "NCES CCD 2022-23 + EDGE 2021-22", "level": "Elementary", "county_fips": "48029" }, "geometry": { "type": "Point", "coordinates": [ -98.442759, 29.63515 ] } },
{ "type": "Feature", "properties": { "NAME": "ALTER MIDDLE", "sector": "public", "source": "NCES CCD 2022-23 + EDGE 2021-22", "level": "Middle", "county_fips": "48029" }, "geometry": { "type": "Point", "coordinates": [ -98.494909, 29.514665 ] } },
{ "type": "Feature", "properties": { "NAME": "NORTH EAST J J A E P", "sector": "public", "source": "NCES CCD 2022-23 + EDGE 2021-22", "level": "High", "county_fips": "48029" }, "geometry": { "type": "Point", "coordinates": [ -98.472769, 29.436809 ] } },
{ "type": "Feature", "properties": { "NAME": "STONE OAK EL", "sector": "public", "source": "NCES CCD 2022-23 + EDGE 2021-22", "level": "Elementary", "county_fips": "48029" }, "geometry": { "type": "Point", "coordinates": [ -98.500919, 29.635496 ] } },
{ "type": "Feature", "properties": { "NAME": "INTERNATIONAL SCHOOL OF AMERICA", "sector": "public", "source": "NCES CCD 2022-23 + EDGE 2021-22", "level": "High", "county_fips": "48029" }, "geometry": { "type": "Point", "coordinates": [ -98.515972, 29.507518 ] } },
{ "type": "Feature", "properties": { "NAME": "LONGS CREEK EL", "sector": "public", "source": "NCES CCD 2022-23 + EDGE 2021-22", "level": "Elementary", "county_fips": "48029" }, "geometry": { "type": "Point", "coordinates": [ -98.395319, 29.589172 ] } },
{ "type": "Feature", "properties": { "NAME": "HUEBNER EL", "sector": "public", "source": "NCES CCD 2022-23 + EDGE 2021-22", "level": "Elementary", "county_fips": "48029" }, "geometry": { "type": "Point", "coordinates": [ -98.532131, 29.587274 ] } },
{ "type": "Feature", "properties": { "NAME": "BUSH MIDDLE", "sector": "public", "source": "NCES CCD 2022-23 + EDGE 2021-22", "level": "Middle", "county_fips": "48029" }, "geometry": { "type": "Point", "coordinates": [ -98.468807, 29.637805 ] } },
{ "type": "Feature", "properties": { "NAME": "REAGAN H S", "sector": "public", "source": "NCES CCD 2022-23 + EDGE 2021-22", "level": "High", "county_fips": "48029" }, "geometry": { "type": "Point", "coordinates": [ -98.487657, 29.619464 ] } },
{ "type": "Feature", "properties": { "NAME": "TEJEDA MIDDLE", "sector": "public", "source": "NCES CCD 2022-23 + EDGE 2021-22", "level": "Middle", "county_fips": "48029" }, "geometry": { "type": "Point", "coordinates": [ -98.441511, 29.64173 ] } },
{ "type": "Feature", "properties": { "NAME": "WETMORE EL", "sector": "public", "source": "NCES CCD 2022-23 + EDGE 2021-22", "level": "Elementary", "county_fips": "48029" }, "geometry": { "type": "Point", "coordinates": [ -98.43498, 29.570109 ] } },
{ "type": "Feature", "properties": { "NAME": "HARDY OAK EL", "sector": "public", "source": "NCES CCD 2022-23 + EDGE 2021-22", "level": "Elementary", "county_fips": "48029" }, "geometry": { "type": "Point", "coordinates": [ -98.494715, 29.655947 ] } },
{ "type": "Feature", "properties": { "NAME": "ROYAL RIDGE EL", "sector": "public", "source": "NCES CCD 2022-23 + EDGE 2021-22", "level": "Elementary", "county_fips": "48029" }, "geometry": { "type": "Point", "coordinates": [ -98.370661, 29.534919 ] } },
{ "type": "Feature", "properties": { "NAME": "ROAN FOREST EL", "sector": "public", "source": "NCES CCD 2022-23 + EDGE 2021-22", "level": "Elementary", "county_fips": "48029" }, "geometry": { "type": "Point", "coordinates": [ -98.439487, 29.653124 ] } },
{ "type": "Feature", "properties": { "NAME": "CANYON RIDGE EL", "sector": "public", "source": "NCES CCD 2022-23 + EDGE 2021-22", "level": "Elementary", "county_fips": "48029" }, "geometry": { "type": "Point", "coordinates": [ -98.466816, 29.644747 ] } },
{ "type": "Feature", "properties": { "NAME": "STEUBING RANCH EL", "sector": "public", "source": "NCES CCD 2022-23 + EDGE 2021-22", "level": "Elementary", "county_fips": "48029" }, "geometry": { "type": "Point", "coordinates": [ -98.388131, 29.59433 ] } },
{ "type": "Feature", "properties": { "NAME": "BULVERDE CREEK", "sector": "public", "source": "NCES CCD 2022-23 + EDGE 2021-22", "level": "Elementary", "county_fips": "48029" }, "geometry": { "type": "Point", "coordinates": [ -98.417967, 29.632369 ] } },
{ "type": "Feature", "properties": { "NAME": "WILDERNESS OAK EL", "sector": "public", "source": "NCES CCD 2022-23 + EDGE 2021-22", "level": "Elementary", "county_fips": "48029" }, "geometry": { "type": "Point", "coordinates": [ -98.508597, 29.636808 ] } },
{ "type": "Feature", "properties": { "NAME": "LOPEZ MIDDLE", "sector": "public", "source": "NCES CCD 2022-23 + EDGE 2021-22", "level": "Middle", "county_fips": "48029" }, "geometry": { "type": "Point", "coordinates": [ -98.497696, 29.656397 ] } },
{ "type": "Feature", "properties": { "NAME": "HARRIS MIDDLE", "sector": "public", "source": "NCES CCD 2022-23 + EDGE 2021-22", "level": "Middle", "county_fips": "48029" }, "geometry": { "type": "Point", "coordinates": [ -98.38492, 29.5958 ] } },
{ "type": "Feature", "properties": { "NAME": "ALTERNATIVE EL", "sector": "public", "source": "NCES CCD 2022-23 + EDGE 2021-22", "level": "Elementary", "county_fips": "48029" }, "geometry": { "type": "Point", "coordinates": [ -98.424285, 29.487805 ] } },
{ "type": "Feature", "properties": { "NAME": "JOHNSON H S", "sector": "public", "source": "NCES CCD 2022-23 + EDGE 2021-22", "level": "High", "county_fips": "48029" }, "geometry": { "type": "Point", "coordinates": [ -98.435226, 29.657914 ] } },
{ "type": "Feature", "properties": { "NAME": "VINEYARD RANCH EL", "sector": "public", "source": "NCES CCD 2022-23 + EDGE 2021-22", "level": "Elementary", "county_fips": "48029" }, "geometry": { "type": "Point", "coordinates": [ -98.52176, 29.6108 ] } },
{ "type": "Feature", "properties": { "NAME": "LAS LOMAS EL", "sector": "public", "source": "NCES CCD 2022-23 + EDGE 2021-22", "level": "Elementary", "county_fips": "48029" }, "geometry": { "type": "Point", "coordinates": [ -98.482404, 29.629884 ] } },
{ "type": "Feature", "properties": { "NAME": "HILL MIDDLE", "sector": "public", "source": "NCES CCD 2022-23 + EDGE 2021-22", "level": "Middle", "county_fips": "48029" }, "geometry": { "type": "Point", "coordinates": [ -98.418543, 29.638811 ] } },
{ "type": "Feature", "properties": { "NAME": "HOMEBASED COMP ED", "sector": "public", "source": "NCES CCD 2022-23 + EDGE 2021-22", "level": "Secondary", "county_fips": "48029" }, "geometry": { "type": "Point", "coordinates": [ -98.420344, 29.538957 ] } },
{ "type": "Feature", "properties": { "NAME": "FOX RUN EL", "sector": "public", "source": "NCES CCD 2022-23 + EDGE 2021-22", "level": "Elementary", "county_fips": "48029" }, "geometry": { "type": "Point", "coordinates": [ -98.36786, 29.58768 ] } },
{ "type": "Feature", "properties": { "NAME": "ACADEMY OF CREATIVE ED", "sector": "public", "source": "NCES CCD 2022-23 + EDGE 2021-22", "level": "High", "county_fips": "48029" }, "geometry": { "type": "Point", "coordinates": [ -98.419924, 29.538483 ] } },
{ "type": "Feature", "properties": { "NAME": "OAK MEADOW EL", "sector": "public", "source": "NCES CCD 2022-23 + EDGE 2021-22", "level": "Elementary", "county_fips": "48029" }, "geometry": { "type": "Point", "coordinates": [ -98.539376, 29.568575 ] } },
{ "type": "Feature", "properties": { "NAME": "EVERS EL", "sector": "public", "source": "NCES CCD 2022-23 + EDGE 2021-22", "level": "Elementary", "county_fips": "48029" }, "geometry": { "type": "Point", "coordinates": [ -98.666155, 29.455333 ] } },
{ "type": "Feature", "properties": { "NAME": "MCDERMOTT EL", "sector": "public", "source": "NCES CCD 2022-23 + EDGE 2021-22", "level": "Elementary", "county_fips": "48029" }, "geometry": { "type": "Point", "coordinates": [ -98.585073, 29.53466 ] } },
{ "type": "Feature", "properties": { "NAME": "REDDIX CENTER", "sector": "public", "source": "NCES CCD 2022-23 + EDGE 2021-22", "level": "Other", "county_fips": "48029" }, "geometry": { "type": "Point", "coordinates": [ -98.577837, 29.518134 ] } },
{ "type": "Feature", "properties": { "NAME": "JORDAN MIDDLE", "sector": "public", "source": "NCES CCD 2022-23 + EDGE 2021-22", "level": "Middle", "county_fips": "48029" }, "geometry": { "type": "Point", "coordinates": [ -98.667272, 29.457583 ] } },
{ "type": "Feature", "properties": { "NAME": "ADAMS HILL EL", "sector": "public", "source": "NCES CCD 2022-23 + EDGE 2021-22", "level": "Elementary", "county_fips": "48029" }, "geometry": { "type": "Point", "coordinates": [ -98.672897, 29.410163 ] } },
{ "type": "Feature", "properties": { "NAME": "JONES MIDDLE", "sector": "public", "source": "NCES CCD 2022-23 + EDGE 2021-22", "level": "Middle", "county_fips": "48029" }, "geometry": { "type": "Point", "coordinates": [ -98.623038, 29.422331 ] } },
{ "type": "Feature", "properties": { "NAME": "CABLE EL", "sector": "public", "source": "NCES CCD 2022-23 + EDGE 2021-22", "level": "Elementary", "county_fips": "48029" }, "geometry": { "type": "Point", "coordinates": [ -98.623098, 29.414268 ] } },
{ "type": "Feature", "properties": { "NAME": "CARLOS COON EL", "sector": "public", "source": "NCES CCD 2022-23 + EDGE 2021-22", "level": "Elementary", "county_fips": "48029" }, "geometry": { "type": "Point", "coordinates": [ -98.651495, 29.464894 ] } },
{ "type": "Feature", "properties": { "NAME": "STEVENSON MIDDLE", "sector": "public", "source": "NCES CCD 2022-23 + EDGE 2021-22", "level": "Middle", "county_fips": "48029" }, "geometry": { "type": "Point", "coordinates": [ -98.664082, 29.51995 ] } },
{ "type": "Feature", "properties": { "NAME": "COLONIES NORTH EL", "sector": "public", "source": "NCES CCD 2022-23 + EDGE 2021-22", "level": "Elementary", "county_fips": "48029" }, "geometry": { "type": "Point", "coordinates": [ -98.553281, 29.531843 ] } },
{ "type": "Feature", "properties": { "NAME": "PEASE MIDDLE", "sector": "public", "source": "NCES CCD 2022-23 + EDGE 2021-22", "level": "Middle", "county_fips": "48029" }, "geometry": { "type": "Point", "coordinates": [ -98.669314, 29.43434 ] } },
{ "type": "Feature", "properties": { "NAME": "VILLARREAL EL", "sector": "public", "source": "NCES CCD 2022-23 + EDGE 2021-22", "level": "Elementary", "county_fips": "48029" }, "geometry": { "type": "Point", "coordinates": [ -98.588638, 29.465592 ] } },
{ "type": "Feature", "properties": { "NAME": "GLENN EL", "sector": "public", "source": "NCES CCD 2022-23 + EDGE 2021-22", "level": "Elementary", "county_fips": "48029" }, "geometry": { "type": "Point", "coordinates": [ -98.657364, 29.407809 ] } },
{ "type": "Feature", "properties": { "NAME": "GLENOAKS EL", "sector": "public", "source": "NCES CCD 2022-23 + EDGE 2021-22", "level": "Elementary", "county_fips": "48029" }, "geometry": { "type": "Point", "coordinates": [ -98.585577, 29.495931 ] } },
{ "type": "Feature", "properties": { "NAME": "ESPARZA EL", "sector": "public", "source": "NCES CCD 2022-23 + EDGE 2021-22", "level": "Elementary", "county_fips": "48029" }, "geometry": { "type": "Point", "coordinates": [ -98.599111, 29.455392 ] } },
{ "type": "Feature", "properties": { "NAME": "HELOTES EL", "sector": "public", "source": "NCES CCD 2022-23 + EDGE 2021-22", "level": "Elementary", "county_fips": "48029" }, "geometry": { "type": "Point", "coordinates": [ -98.689475, 29.572466 ] } },
{ "type": "Feature", "properties": { "NAME": "HOLMES H S", "sector": "public", "source": "NCES CCD 2022-23 + EDGE 2021-22", "level": "High", "county_fips": "48029" }, "geometry": { "type": "Point", "coordinates": [ -98.616755, 29.464815 ] } },
{ "type": "Feature", "properties": { "NAME": "HULL EL", "sector": "public", "source": "NCES CCD 2022-23 + EDGE 2021-22", "level": "Elementary", "county_fips": "48029" }, "geometry": { "type": "Point", "coordinates": [ -98.634574, 29.414653 ] } },
{ "type": "Feature", "properties": { "NAME": "PASSMORE EL", "sector": "public", "source": "NCES CCD 2022-23 + EDGE 2021-22", "level": "Elementary", "county_fips": "48029" }, "geometry": { "type": "Point", "coordinates": [ -98.622688, 29.430432 ] } },
{ "type": "Feature", "properties": { "NAME": "JAY H S", "sector": "public", "source": "NCES CCD 2022-23 + EDGE 2021-22", "level": "High", "county_fips": "48029" }, "geometry": { "type": "Point", "coordinates": [ -98.640304, 29.418519 ] } },
{ "type": "Feature", "properties": { "NAME": "ALLEN EL", "sector": "public", "source": "NCES CCD 2022-23 + EDGE 2021-22", "level": "Elementary", "county_fips": "48029" }, "geometry": { "type": "Point", "coordinates": [ -98.638962, 29.387274 ] } },
{ "type": "Feature", "properties": { "NAME": "LEON VALLEY EL", "sector": "public", "source": "NCES CCD 2022-23 + EDGE 2021-22", "level": "Elementary", "county_fips": "48029" }, "geometry": { "type": "Point", "coordinates": [ -98.623346, 29.502721 ] } },
{ "type": "Feature", "properties": { "NAME": "LOCKE HILL EL", "sector": "public", "source": "NCES CCD 2022-23 + EDGE 2021-22", "level": "Elementary", "county_fips": "48029" }, "geometry": { "type": "Point", "coordinates": [ -98.583228, 29.564795 ] } },
{ "type": "Feature", "properties": { "NAME": "MARSHALL H S", "sector": "public", "source": "NCES CCD 2022-23 + EDGE 2021-22", "level": "High", "county_fips": "48029" }, "geometry": { "type": "Point", "coordinates": [ -98.620165, 29.513856 ] } },
{ "type": "Feature", "properties": { "NAME": "MEADOW VILLAGE EL", "sector": "public", "source": "NCES CCD 2022-23 + EDGE 2021-22", "level": "Elementary", "county_fips": "48029" }, "geometry": { "type": "Point", "coordinates": [ -98.643494, 29.422779 ] } },
{ "type": "Feature", "properties": { "NAME": "BOONE EL", "sector": "public", "source": "NCES CCD 2022-23 + EDGE 2021-22", "level": "Elementary", "county_fips": "48029" }, "geometry": { "type": "Point", "coordinates": [ -98.618195, 29.551267 ] } },
{ "type": "Feature", "properties": { "NAME": "NEFF MIDDLE", "sector": "public", "source": "NCES CCD 2022-23 + EDGE 2021-22", "level": "Middle", "county_fips": "48029" }, "geometry": { "type": "Point", "coordinates": [ -98.590003, 29.483805 ] } },
{ "type": "Feature", "properties": { "NAME": "HOLMGREEN CENTER", "sector": "public", "source": "NCES CCD 2022-23 + EDGE 2021-22", "level": "Other", "county_fips": "48029" }, "geometry": { "type": "Point", "coordinates": [ -98.578687, 29.519047 ] } },
{ "type": "Feature", "properties": { "NAME": "OAK HILLS TERRACE EL", "sector": "public", "source": "NCES CCD 2022-23 + EDGE 2021-22", "level": "Elementary", "county_fips": "48029" }, "geometry": { "type": "Point", "coordinates": [ -98.599053, 29.501002 ] } },
{ "type": "Feature", "properties": { "NAME": "RAYBURN MIDDLE", "sector": "public", "source": "NCES CCD 2022-23 + EDGE 2021-22", "level": "Middle", "county_fips": "48029" }, "geometry": { "type": "Point", "coordinates": [ -98.640488, 29.383363 ] } },
{ "type": "Feature", "properties": { "NAME": "HOWSMAN EL", "sector": "public", "source": "NCES CCD 2022-23 + EDGE 2021-22", "level": "Elementary", "county_fips": "48029" }, "geometry": { "type": "Point", "coordinates": [ -98.564227, 29.545774 ] } },
{ "type": "Feature", "properties": { "NAME": "ROSS MIDDLE", "sector": "public", "source": "NCES CCD 2022-23 + EDGE 2021-22", "level": "Middle", "county_fips": "48029" }, "geometry": { "type": "Point", "coordinates": [ -98.601728, 29.457358 ] } },
{ "type": "Feature", "properties": { "NAME": "GLASS EL", "sector": "public", "source": "NCES CCD 2022-23 + EDGE 2021-22", "level": "Elementary", "county_fips": "48029" }, "geometry": { "type": "Point", "coordinates": [ -98.5745, 29.480122 ] } },
{ "type": "Feature", "properties": { "NAME": "POWELL EL", "sector": "public", "source": "NCES CCD 2022-23 + EDGE 2021-22", "level": "Elementary", "county_fips": "48029" }, "geometry": { "type": "Point", "coordinates": [ -98.604449, 29.475074 ] } },
{ "type": "Feature", "properties": { "NAME": "CLARK H S", "sector": "public", "source": "NCES CCD 2022-23 + EDGE 2021-22", "level": "High", "county_fips": "48029" }, "geometry": { "type": "Point", "coordinates": [ -98.580708, 29.565666 ] } },
{ "type": "Feature", "properties": { "NAME": "VALLEY HI EL", "sector": "public", "source": "NCES CCD 2022-23 + EDGE 2021-22", "level": "Elementary", "county_fips": "48029" }, "geometry": { "type": "Point", "coordinates": [ -98.646191, 29.374427 ] } },
{ "type": "Feature", "properties": { "NAME": "WESTWOOD TERRACE EL", "sector": "public", "source": "NCES CCD 2022-23 + EDGE 2021-22", "level": "Elementary", "county_fips": "48029" }, "geometry": { "type": "Point", "coordinates": [ -98.640169, 29.408722 ] } },
{ "type": "Feature", "properties": { "NAME": "HOBBY MIDDLE", "sector": "public", "source": "NCES CCD 2022-23 + EDGE 2021-22", "level": "Middle", "county_fips": "48029" }, "geometry": { "type": "Point", "coordinates": [ -98.570667, 29.550247 ] } },
{ "type": "Feature", "properties": { "NAME": "LINTON EL", "sector": "public", "source": "NCES CCD 2022-23 + EDGE 2021-22", "level": "Elementary", "county_fips": "48029" }, "geometry": { "type": "Point", "coordinates": [ -98.610929, 29.456696 ] } },
{ "type": "Feature", "properties": { "NAME": "TIMBERWILDE EL", "sector": "public", "source": "NCES CCD 2022-23 + EDGE 2021-22", "level": "Elementary", "county_fips": "48029" }, "geometry": { "type": "Point", "coordinates": [ -98.659138, 29.485188 ] } },
{ "type": "Feature", "properties": { "NAME": "BRAUN STATION EL", "sector": "public", "source": "NCES CCD 2022-23 + EDGE 2021-22", "level": "Elementary", "county_fips": "48029" }, "geometry": { "type": "Point", "coordinates": [ -98.664176, 29.524646 ] } },
{ "type": "Feature", "properties": { "NAME": "RUDDER MIDDLE", "sector": "public", "source": "NCES CCD 2022-23 + EDGE 2021-22", "level": "Middle", "county_fips": "48029" }, "geometry": { "type": "Point", "coordinates": [ -98.616719, 29.539293 ] } },
{ "type": "Feature", "properties": { "NAME": "CODY EL", "sector": "public", "source": "NCES CCD 2022-23 + EDGE 2021-22", "level": "Elementary", "county_fips": "48029" }, "geometry": { "type": "Point", "coordinates": [ -98.690347, 29.428928 ] } },
{ "type": "Feature", "properties": { "NAME": "NORTHWEST CROSSING EL", "sector": "public", "source": "NCES CCD 2022-23 + EDGE 2021-22", "level": "Elementary", "county_fips": "48029" }, "geometry": { "type": "Point", "coordinates": [ -98.684068, 29.511695 ] } },
{ "type": "Feature", "properties": { "NAME": "HEALTH CAREERS H S", "sector": "public", "source": "NCES CCD 2022-23 + EDGE 2021-22", "level": "High", "county_fips": "48029" }, "geometry": { "type": "Point", "coordinates": [ -98.578849, 29.520596 ] } },
{ "type": "Feature", "properties": { "NAME": "TAFT H S", "sector": "public", "source": "NCES CCD 2022-23 + EDGE 2021-22", "level": "High", "county_fips": "48029" }, "geometry": { "type": "Point", "coordinates": [ -98.72149, 29.498047 ] } },
{ "type": "Feature", "properties": { "NAME": "ALTERNATIVE H S", "sector": "public", "source": "NCES CCD 2022-23 + EDGE 2021-22", "level": "High", "county_fips": "48029" }, "geometry": { "type": "Point", "coordinates": [ -98.668004, 29.437635 ] } },
{ "type": "Feature", "properties": { "NAME": "ZACHRY MIDDLE", "sector": "public", "source": "NCES CCD 2022-23 + EDGE 2021-22", "level": "Middle", "county_fips": "48029" }, "geometry": { "type": "Point", "coordinates": [ -98.68222, 29.492825 ] } },
{ "type": "Feature", "properties": { "NAME": "KNOWLTON EL", "sector": "public", "source": "NCES CCD 2022-23 + EDGE 2021-22", "level": "Elementary", "county_fips": "48029" }, "geometry": { "type": "Point", "coordinates": [ -98.686731, 29.492867 ] } },
{ "type": "Feature", "properties": { "NAME": "SCOBEE EL", "sector": "public", "source": "NCES CCD 2022-23 + EDGE 2021-22", "level": "Elementary", "county_fips": "48029" }, "geometry": { "type": "Point", "coordinates": [ -98.642308, 29.554457 ] } },
{ "type": "Feature", "properties": { "NAME": "GALM EL", "sector": "public", "source": "NCES CCD 2022-23 + EDGE 2021-22", "level": "Elementary", "county_fips": "48029" }, "geometry": { "type": "Point", "coordinates": [ -98.721247, 29.443354 ] } },
{ "type": "Feature", "properties": { "NAME": "ELROD EL", "sector": "public", "source": "NCES CCD 2022-23 + EDGE 2021-22", "level": "Elementary", "county_fips": "48029" }, "geometry": { "type": "Point", "coordinates": [ -98.645259, 29.500779 ] } },
{ "type": "Feature", "properties": { "NAME": "THORNTON EL", "sector": "public", "source": "NCES CCD 2022-23 + EDGE 2021-22", "level": "Elementary", "county_fips": "48029" }, "geometry": { "type": "Point", "coordinates": [ -98.613302, 29.538236 ] } },
{ "type": "Feature", "properties": { "NAME": "BRAUCHLE EL", "sector": "public", "source": "NCES CCD 2022-23 + EDGE 2021-22", "level": "Elementary", "county_fips": "48029" }, "geometry": { "type": "Point", "coordinates": [ -98.684445, 29.523739 ] } },
{ "type": "Feature", "properties": { "NAME": "NISD BEXAR COUNTY JJA", "sector": "public", "source": "NCES CCD 2022-23 + EDGE 2021-22", "level": "High", "county_fips": "48029" }, "geometry": { "type": "Point", "coordinates": [ -98.472769, 29.436809 ] } },
{ "type": "Feature", "properties": { "NAME": "ALTERNATIVE MIDDLE", "sector": "public", "source": "NCES CCD 2022-23 + EDGE 2021-22", "level": "Middle", "county_fips": "48029" }, "geometry": { "type": "Point", "coordinates": [ -98.586186, 29.554589 ] } },
{ "type": "Feature", "properties": { "NAME": "MAY EL", "sector": "public", "source": "NCES CCD 2022-23 + EDGE 2021-22", "level": "Elementary", "county_fips": "48029" }, "geometry": { "type": "Point", "coordinates": [ -98.626052, 29.592635 ] } },
{ "type": "Feature", "properties": { "NAME": "MYERS EL", "sector": "public", "source": "NCES CCD 2022-23 + EDGE 2021-22", "level": "Elementary", "county_fips": "48029" }, "geometry": { "type": "Point", "coordinates": [ -98.654467, 29.471931 ] } },
{ "type": "Feature", "properties": { "NAME": "STEUBING EL", "sector": "public", "source": "NCES CCD 2022-23 + EDGE 2021-22", "level": "Elementary", "county_fips": "48029" }, "geometry": { "type": "Point", "coordinates": [ -98.657576, 29.551893 ] } },
{ "type": "Feature", "properties": { "NAME": "O'CONNOR H S", "sector": "public", "source": "NCES CCD 2022-23 + EDGE 2021-22", "level": "High", "county_fips": "48029" }, "geometry": { "type": "Point", "coordinates": [ -98.686992, 29.559506 ] } },
{ "type": "Feature", "properties": { "NAME": "CONNALLY MIDDLE", "sector": "public", "source": "NCES CCD 2022-23 + EDGE 2021-22", "level": "Middle", "county_fips": "48029" }, "geometry": { "type": "Point", "coordinates": [ -98.655483, 29.501863 ] } },
{ "type": "Feature", "properties": { "NAME": "CARSON EL", "sector": "public", "source": "NCES CCD 2022-23 + EDGE 2021-22", "level": "Elementary", "county_fips": "48029" }, "geometry": { "type": "Point", "coordinates": [ -98.663723, 29.514437 ] } },
{ "type": "Feature", "properties": { "NAME": "MICHAEL EL", "sector": "public", "source": "NCES CCD 2022-23 + EDGE 2021-22", "level": "Elementary", "county_fips": "48029" }, "geometry": { "type": "Point", "coordinates": [ -98.682056, 29.399478 ] } },
{ "type": "Feature", "properties": { "NAME": "LEWIS EL", "sector": "public", "source": "NCES CCD 2022-23 + EDGE 2021-22", "level": "Elementary", "county_fips": "48029" }, "geometry": { "type": "Point", "coordinates": [ -98.698451, 29.441977 ] } },
{ "type": "Feature", "properties": { "NAME": "BURKE EL", "sector": "public", "source": "NCES CCD 2022-23 + EDGE 2021-22", "level": "Elementary", "county_fips": "48029" }, "geometry": { "type": "Point", "coordinates": [ -98.690146, 29.50807 ] } },
{ "type": "Feature", "properties": { "NAME": "RABA EL", "sector": "public", "source": "NCES CCD 2022-23 + EDGE 2021-22", "level": "Elementary", "county_fips": "48029" }, "geometry": { "type": "Point", "coordinates": [ -98.66854, 29.469476 ] } },
{ "type": "Feature", "properties": { "NAME": "WARREN H S", "sector": "public", "source": "NCES CCD 2022-23 + EDGE 2021-22", "level": "High", "county_fips": "48029" }, "geometry": { "type": "Point", "coordinates": [ -98.669887, 29.463818 ] } },
{ "type": "Feature", "properties": { "NAME": "RHODES EL", "sector": "public", "source": "NCES CCD 2022-23 + EDGE 2021-22", "level": "Elementary", "county_fips": "48029" }, "geometry": { "type": "Point", "coordinates": [ -98.600676, 29.511355 ] } },
{ "type": "Feature", "properties": { "NAME": "NICHOLS EL", "sector": "public", "source": "NCES CCD 2022-23 + EDGE 2021-22", "level": "Elementary", "county_fips": "48029" }, "geometry": { "type": "Point", "coordinates": [ -98.671971, 29.530681 ] } },
{ "type": "Feature", "properties": { "NAME": "WARD EL", "sector": "public", "source": "NCES CCD 2022-23 + EDGE 2021-22", "level": "Elementary", "county_fips": "48029" }, "geometry": { "type": "Point", "coordinates": [ -98.708911, 29.518319 ] } },
{ "type": "Feature", "properties": { "NAME": "BLATTMAN EL", "sector": "public", "source": "NCES CCD 2022-23 + EDGE 2021-22", "level": "Elementary", "county_fips": "48029" }, "geometry": { "type": "Point", "coordinates": [ -98.543373, 29.599004 ] } },
{ "type": "Feature", "properties": { "NAME": "BEARD EL", "sector": "public", "source": "NCES CCD 2022-23 + EDGE 2021-22", "level": "Elementary", "county_fips": "48029" }, "geometry": { "type": "Point", "coordinates": [ -98.656531, 29.581681 ] } },
{ "type": "Feature", "properties": { "NAME": "RAWLINSON MIDDLE", "sector": "public", "source": "NCES CCD 2022-23 + EDGE 2021-22", "level": "Middle", "county_fips": "48029" }, "geometry": { "type": "Point", "coordinates": [ -98.584862, 29.576429 ] } },
{ "type": "Feature", "properties": { "NAME": "STEVENS H S", "sector": "public", "source": "NCES CCD 2022-23 + EDGE 2021-22", "level": "High", "county_fips": "48029" }, "geometry": { "type": "Point", "coordinates": [ -98.684557, 29.440564 ] } },
{ "type": "Feature", "properties": { "NAME": "LUNA MIDDLE", "sector": "public", "source": "NCES CCD 2022-23 + EDGE 2021-22", "level": "Middle", "county_fips": "48029" }, "geometry": { "type": "Point", "coordinates": [ -98.737226, 29.434136 ] } },
{ "type": "Feature", "properties": { "NAME": "MURNIN EL", "sector": "public", "source": "NCES CCD 2022-23 + EDGE 2021-22", "level": "Elementary", "county_fips": "48029" }, "geometry": { "type": "Point", "coordinates": [ -98.684409, 29.443701 ] } },
{ "type": "Feature", "properties": { "NAME": "OTT EL", "sector": "public", "source": "NCES CCD 2022-23 + EDGE 2021-22", "level": "Elementary", "county_fips": "48029" }, "geometry": { "type": "Point", "coordinates": [ -98.736737, 29.432272 ] } },
{ "type": "Feature", "properties": { "NAME": "HATCHETT EL", "sector": "public", "source": "NCES CCD 2022-23 + EDGE 2021-22", "level": "Elementary", "county_fips": "48029" }, "geometry": { "type": "Point", "coordinates": [ -98.66542, 29.425521 ] } },
{ "type": "Feature", "properties": { "NAME": "MEAD EL", "sector": "public", "source": "NCES CCD 2022-23 + EDGE 2021-22", "level": "Elementary", "county_fips": "48029" }, "geometry": { "type": "Point", "coordinates": [ -98.559998, 29.515494 ] } },
{ "type": "Feature", "properties": { "NAME": "KRUEGER EL", "sector": "public", "source": "NCES CCD 2022-23 + EDGE 2021-22", "level": "Elementary", "county_fips": "48029" }, "geometry": { "type": "Point", "coordinates": [ -98.698237, 29.534142 ] } },
{ "type": "Feature", "properties": { "NAME": "DAEP AT HOLMGREEN", "sector": "public", "source": "NCES CCD 2022-23 + EDGE 2021-22", "level": "Secondary", "county_fips": "48029" }, "geometry": { "type": "Point", "coordinates": [ -98.578687, 29.519047 ] } },
{ "type": "Feature", "properties": { "NAME": "FISHER EL", "sector": "public", "source": "NCES CCD 2022-23 + EDGE 2021-22", "level": "Elementary", "county_fips": "48029" }, "geometry": { "type": "Point", "coordinates": [ -98.687105, 29.396007 ] } },
{ "type": "Feature", "properties": { "NAME": "WANKE EL", "sector": "public", "source": "NCES CCD 2022-23 + EDGE 2021-22", "level": "Elementary", "county_fips": "48029" }, "geometry": { "type": "Point", "coordinates": [ -98.652285, 29.541161 ] } },
{ "type": "Feature", "properties": { "NAME": "BRANDEIS H S", "sector": "public", "source": "NCES CCD 2022-23 + EDGE 2021-22", "level": "High", "county_fips": "48029" }, "geometry": { "type": "Point", "coordinates": [ -98.64634, 29.565526 ] } },
{ "type": "Feature", "properties": { "NAME": "JEFFERSON MIDDLE", "sector": "public", "source": "NCES CCD 2022-23 + EDGE 2021-22", "level": "Middle", "county_fips": "48029" }, "geometry": { "type": "Point", "coordinates": [ -98.710887, 29.519702 ] } },
{ "type": "Feature", "properties": { "NAME": "DRIGGERS EL", "sector": "public", "source": "NCES CCD 2022-23 + EDGE 2021-22", "level": "Elementary", "county_fips": "48029" }, "geometry": { "type": "Point", "coordinates": [ -98.625139, 29.48848 ] } },
{ "type": "Feature", "properties": { "NAME": "FORESTER EL", "sector": "public", "source": "NCES CCD 2022-23 + EDGE 2021-22", "level": "Elementary", "county_fips": "48029" }, "geometry": { "type": "Point", "coordinates": [ -98.704363, 29.429813 ] } },
{ "type": "Feature", "properties": { "NAME": "VALE MIDDLE", "sector": "public", "source": "NCES CCD 2022-23 + EDGE 2021-22", "level": "Middle", "county_fips": "48029" }, "geometry": { "type": "Point", "coordinates": [ -98.693827, 29.455747 ] } },
{ "type": "Feature", "properties": { "NAME": "CARNAHAN EL", "sector": "public", "source": "NCES CCD 2022-23 + EDGE 2021-22", "level": "Elementary", "county_fips": "48029" }, "geometry": { "type": "Point", "coordinates": [ -98.623061, 29.55864 ] } },
{ "type": "Feature", "properties": { "NAME": "SCARBOROUGH EL", "sector": "public", "source": "NCES CCD 2022-23 + EDGE 2021-22", "level": "Elementary", "county_fips": "48029" }, "geometry": { "type": "Point", "coordinates": [ -98.734867, 29.519013 ] } },
{ "type": "Feature", "properties": { "NAME": "HOFFMANN EL", "sector": "public", "source": "NCES CCD 2022-23 + EDGE 2021-22", "level": "Elementary", "county_fips": "48029" }, "geometry": { "type": "Point", "coordinates": [ -98.732181, 29.47678 ] } },
{ "type": "Feature", "properties": { "NAME": "KUENTZ EL", "sector": "public", "source": "NCES CCD 2022-23 + EDGE 2021-22", "level": "Elementary", "county_fips": "48029" }, "geometry": { "type": "Point", "coordinates": [ -98.682341, 29.559092 ] } },
{ "type": "Feature", "properties": { "NAME": "LANGLEY EL", "sector": "public", "source": "NCES CCD 2022-23 + EDGE 2021-22", "level": "Elementary", "county_fips": "48029" }, "geometry": { "type": "Point", "coordinates": [ -98.776291, 29.42652 ] } },
{ "type": "Feature", "properties": { "NAME": "GARCIA MIDDLE", "sector": "public", "source": "NCES CCD 2022-23 + EDGE 2021-22", "level": "Middle", "county_fips": "48029" }, "geometry": { "type": "Point", "coordinates": [ -98.647362, 29.585878 ] } },
{ "type": "Feature", "properties": { "NAME": "BEHLAU EL", "sector": "public", "source": "NCES CCD 2022-23 + EDGE 2021-22", "level": "Elementary", "county_fips": "48029" }, "geometry": { "type": "Point", "coordinates": [ -98.724499, 29.4079 ] } },
{ "type": "Feature", "properties": { "NAME": "MARTIN EL", "sector": "public", "source": "NCES CCD 2022-23 + EDGE 2021-22", "level": "Elementary", "county_fips": "48029" }, "geometry": { "type": "Point", "coordinates": [ -98.598723, 29.44285 ] } },
{ "type": "Feature", "properties": { "NAME": "HENDERSON EL", "sector": "public", "source": "NCES CCD 2022-23 + EDGE 2021-22", "level": "Elementary", "county_fips": "48029" }, "geometry": { "type": "Point", "coordinates": [ -98.784761, 29.5218 ] } },
{ "type": "Feature", "properties": { "NAME": "BRENNAN H S", "sector": "public", "source": "NCES CCD 2022-23 + EDGE 2021-22", "level": "High", "county_fips": "48029" }, "geometry": { "type": "Point", "coordinates": [ -98.725444, 29.458394 ] } },
{ "type": "Feature", "properties": { "NAME": "BRISCOE MIDDLE", "sector": "public", "source": "NCES CCD 2022-23 + EDGE 2021-22", "level": "Middle", "county_fips": "48029" }, "geometry": { "type": "Point", "coordinates": [ -98.729051, 29.47336 ] } },
{ "type": "Feature", "properties": { "NAME": "LIECK EL", "sector": "public", "source": "NCES CCD 2022-23 + EDGE 2021-22", "level": "Elementary", "county_fips": "48029" }, "geometry": { "type": "Point", "coordinates": [ -98.745251, 29.42476 ] } },
{ "type": "Feature", "properties": { "NAME": "MIRELES EL", "sector": "public", "source": "NCES CCD 2022-23 + EDGE 2021-22", "level": "Elementary", "county_fips": "48029" }, "geometry": { "type": "Point", "coordinates": [ -98.735391, 29.4918 ] } },
{ "type": "Feature", "properties": { "NAME": "LOS REYES EL", "sector": "public", "source": "NCES CCD 2022-23 + EDGE 2021-22", "level": "Elementary", "county_fips": "48029" }, "geometry": { "type": "Point", "coordinates": [ -98.703483, 29.600697 ] } },
{ "type": "Feature", "properties": { "NAME": "FOLKS MIDDLE", "sector": "public", "source": "NCES CCD 2022-23 + EDGE 2021-22", "level": "Middle", "county_fips": "48029" }, "geometry": { "type": "Point", "coordinates": [ -98.736277, 29.535677 ] } },
{ "type": "Feature", "properties": { "NAME": "FRANKLIN EL", "sector": "public", "source": "NCES CCD 2022-23 + EDGE 2021-22", "level": "Elementary", "county_fips": "48029" }, "geometry": { "type": "Point", "coordinates": [ -98.731552, 29.527525 ] } },
{ "type": "Feature", "properties": { "NAME": "ELLISON EL", "sector": "public", "source": "NCES CCD 2022-23 + EDGE 2021-22", "level": "Elementary", "county_fips": "48029" }, "geometry": { "type": "Point", "coordinates": [ -98.622498, 29.638476 ] } },
{ "type": "Feature", "properties": { "NAME": "BERNAL MIDDLE", "sector": "public", "source": "NCES CCD 2022-23 + EDGE 2021-22", "level": "Middle", "county_fips": "48029" }, "geometry": { "type": "Point", "coordinates": [ -98.772134, 29.426886 ] } },
{ "type": "Feature", "properties": { "NAME": "HARLAN H S", "sector": "public", "source": "NCES CCD 2022-23 + EDGE 2021-22", "level": "High", "county_fips": "48029" }, "geometry": { "type": "Point", "coordinates": [ -98.780014, 29.515533 ] } },
{ "type": "Feature", "properties": { "NAME": "BOLDT EL", "sector": "public", "source": "NCES CCD 2022-23 + EDGE 2021-22", "level": "Elementary", "county_fips": "48029" }, "geometry": { "type": "Point", "coordinates": [ -98.795041, 29.435036 ] } },
{ "type": "Feature", "properties": { "NAME": "MORA EL", "sector": "public", "source": "NCES CCD 2022-23 + EDGE 2021-22", "level": "Elementary", "county_fips": "48029" }, "geometry": { "type": "Point", "coordinates": [ -98.727767, 29.416798 ] } },
{ "type": "Feature", "properties": { "NAME": "COLE EL", "sector": "public", "source": "NCES CCD 2022-23 + EDGE 2021-22", "level": "Elementary", "county_fips": "48029" }, "geometry": { "type": "Point", "coordinates": [ -98.754471, 29.457615 ] } },
{ "type": "Feature", "properties": { "NAME": "KALLISON EL", "sector": "public", "source": "NCES CCD 2022-23 + EDGE 2021-22", "level": "Elementary", "county_fips": "48029" }, "geometry": { "type": "Point", "coordinates": [ -98.764051, 29.521519 ] } },
{ "type": "Feature", "properties": { "NAME": "FIELDS EL", "sector": "public", "source": "NCES CCD 2022-23 + EDGE 2021-22", "level": "Elementary", "county_fips": "48029" }, "geometry": { "type": "Point", "coordinates": [ -98.715731, 29.530362 ] } },
{ "type": "Feature", "properties": { "NAME": "STRAUS MIDDLE", "sector": "public", "source": "NCES CCD 2022-23 + EDGE 2021-22", "level": "Middle", "county_fips": "48029" }, "geometry": { "type": "Point", "coordinates": [ -98.773806, 29.51397 ] } },
{ "type": "Feature", "properties": { "NAME": "WERNLI EL", "sector": "public", "source": "NCES CCD 2022-23 + EDGE 2021-22", "level": "Elementary", "county_fips": "48029" }, "geometry": { "type": "Point", "coordinates": [ -98.760903, 29.41197 ] } },
{ "type": "Feature", "properties": { "NAME": "ALTERNATIVE EL", "sector": "public", "source": "NCES CCD 2022-23 + EDGE 2021-22", "level": "Elementary", "county_fips": "48029" }, "geometry": { "type": "Point", "coordinates": [ -98.623061, 29.55864 ] } },
{ "type": "Feature", "properties": { "NAME": "GALM ROAD AREA H S", "sector": "public", "source": "NCES CCD 2022-23 + EDGE 2021-22", "level": "Secondary", "county_fips": "48029" }, "geometry": { "type": "Point", "coordinates": [ -98.601414, 29.490785 ] } },
{ "type": "Feature", "properties": { "NAME": "TOMLINSON EL", "sector": "public", "source": "NCES CCD 2022-23 + EDGE 2021-22", "level": "Elementary", "county_fips": "48029" }, "geometry": { "type": "Point", "coordinates": [ -98.733482, 29.533858 ] } },
{ "type": "Feature", "properties": { "NAME": "FERNANDEZ EL", "sector": "public", "source": "NCES CCD 2022-23 + EDGE 2021-22", "level": "Elementary", "county_fips": "48029" }, "geometry": { "type": "Point", "coordinates": [ -98.670036, 29.501232 ] } },
{ "type": "Feature", "properties": { "NAME": "CHAVEZ EXCEL ACADEMY", "sector": "public", "source": "NCES CCD 2022-23 + EDGE 2021-22", "level": "High", "county_fips": "48029" }, "geometry": { "type": "Point", "coordinates": [ -98.586276, 29.554973 ] } },
{ "type": "Feature", "properties": { "NAME": "STINSON MIDDLE", "sector": "public", "source": "NCES CCD 2022-23 + EDGE 2021-22", "level": "Middle", "county_fips": "48029" }, "geometry": { "type": "Point", "coordinates": [ -98.650404, 29.563679 ] } },
{ "type": "Feature", "properties": { "NAME": "RANDOLPH EL", "sector": "public", "source": "NCES CCD 2022-23 + EDGE 2021-22", "level": "Elementary", "county_fips": "48029" }, "geometry": { "type": "Point", "coordinates": [ -98.28354, 29.538471 ] } },
{ "type": "Feature", "properties": { "NAME": "RANDOLPH H S", "sector": "public", "source": "NCES CCD 2022-23 + EDGE 2021-22", "level": "High", "county_fips": "48029" }, "geometry": { "type": "Point", "coordinates": [ -98.294663, 29.52767 ] } },
{ "type": "Feature", "properties": { "NAME": "RANDOLPH MIDDLE", "sector": "public", "source": "NCES CCD 2022-23 + EDGE 2021-22", "level": "Middle", "county_fips": "48029" }, "geometry": { "type": "Point", "coordinates": [ -98.294663, 29.52767 ] } },
{ "type": "Feature", "properties": { "NAME": "CHRISTUS SANTA ROSA", "sector": "public", "source": "NCES CCD 2022-23 + EDGE 2021-22", "level": "Other", "county_fips": "48029" }, "geometry": { "type": "Point", "coordinates": [ -98.498514, 29.427511 ] } },
{ "type": "Feature", "properties": { "NAME": "AGNES COTTON ACADEMY", "sector": "charter", "source": "NCES CCD 2022-23 + EDGE 2021-22", "level": "Elementary", "county_fips": "48029" }, "geometry": { "type": "Point", "coordinates": [ -98.507419, 29.460944 ] } },
{ "type": "Feature", "properties": { "NAME": "ARNOLD EL", "sector": "public", "source": "NCES CCD 2022-23 + EDGE 2021-22", "level": "Elementary", "county_fips": "48029" }, "geometry": { "type": "Point", "coordinates": [ -98.53714, 29.491101 ] } },
{ "type": "Feature", "properties": { "NAME": "BASKIN EL", "sector": "public", "source": "NCES CCD 2022-23 + EDGE 2021-22", "level": "Elementary", "county_fips": "48029" }, "geometry": { "type": "Point", "coordinates": [ -98.561281, 29.48639 ] } },
{ "type": "Feature", "properties": { "NAME": "BEACON HILL ACADEMY", "sector": "public", "source": "NCES CCD 2022-23 + EDGE 2021-22", "level": "Elementary", "county_fips": "48029" }, "geometry": { "type": "Point", "coordinates": [ -98.51436, 29.44998 ] } },
{ "type": "Feature", "properties": { "NAME": "BONHAM ACADEMY", "sector": "charter", "source": "NCES CCD 2022-23 + EDGE 2021-22", "level": "Elementary", "county_fips": "48029" }, "geometry": { "type": "Point", "coordinates": [ -98.489568, 29.414121 ] } },
{ "type": "Feature", "properties": { "NAME": "BOWDEN ACADEMY", "sector": "charter", "source": "NCES CCD 2022-23 + EDGE 2021-22", "level": "Elementary", "county_fips": "48029" }, "geometry": { "type": "Point", "coordinates": [ -98.469971, 29.432055 ] } },
{ "type": "Feature", "properties": { "NAME": "BRISCOE EL", "sector": "charter", "source": "NCES CCD 2022-23 + EDGE 2021-22", "level": "Elementary", "county_fips": "48029" }, "geometry": { "type": "Point", "coordinates": [ -98.503508, 29.405126 ] } },
{ "type": "Feature", "properties": { "NAME": "BURBANK H S", "sector": "charter", "source": "NCES CCD 2022-23 + EDGE 2021-22", "level": "High", "county_fips": "48029" }, "geometry": { "type": "Point", "coordinates": [ -98.509277, 29.392884 ] } },
{ "type": "Feature", "properties": { "NAME": "CAMERON EL", "sector": "charter", "source": "NCES CCD 2022-23 + EDGE 2021-22", "level": "Elementary", "county_fips": "48029" }, "geometry": { "type": "Point", "coordinates": [ -98.426902, 29.440035 ] } },
{ "type": "Feature", "properties": { "NAME": "CHARLES C BALL EL", "sector": "charter", "source": "NCES CCD 2022-23 + EDGE 2021-22", "level": "Elementary", "county_fips": "48029" }, "geometry": { "type": "Point", "coordinates": [ -98.461603, 29.366893 ] } },
{ "type": "Feature", "properties": { "NAME": "CHARLES GRAEBNER EL", "sector": "charter", "source": "NCES CCD 2022-23 + EDGE 2021-22", "level": "Elementary", "county_fips": "48029" }, "geometry": { "type": "Point", "coordinates": [ -98.528317, 29.384743 ] } },
{ "type": "Feature", "properties": { "NAME": "COLLINS GARDEN EL", "sector": "public", "source": "NCES CCD 2022-23 + EDGE 2021-22", "level": "Elementary", "county_fips": "48029" }, "geometry": { "type": "Point", "coordinates": [ -98.517792, 29.397744 ] } },
{ "type": "Feature", "properties": { "NAME": "DAVID CROCKETT ACADEMY", "sector": "public", "source": "NCES CCD 2022-23 + EDGE 2021-22", "level": "Elementary", "county_fips": "48029" }, "geometry": { "type": "Point", "coordinates": [ -98.525384, 29.433663 ] } },
{ "type": "Feature", "properties": { "NAME": "DAVIS MIDDLE", "sector": "charter", "source": "NCES CCD 2022-23 + EDGE 2021-22", "level": "Middle", "county_fips": "48029" }, "geometry": { "type": "Point", "coordinates": [ -98.400901, 29.423205 ] } },
{ "type": "Feature", "properties": { "NAME": "DE ZAVALA EL", "sector": "public", "source": "NCES CCD 2022-23 + EDGE 2021-22", "level": "Elementary", "county_fips": "48029" }, "geometry": { "type": "Point", "coordinates": [ -98.524738, 29.422732 ] } },
{ "type": "Feature", "properties": { "NAME": "DORIE MILLER EL", "sector": "public", "source": "NCES CCD 2022-23 + EDGE 2021-22", "level": "Elementary", "county_fips": "48029" }, "geometry": { "type": "Point", "coordinates": [ -98.438426, 29.411821 ] } },
{ "type": "Feature", "properties": { "NAME": "DOUGLASS EL", "sector": "public", "source": "NCES CCD 2022-23 + EDGE 2021-22", "level": "Elementary", "county_fips": "48029" }, "geometry": { "type": "Point", "coordinates": [ -98.473824, 29.412717 ] } },
{ "type": "Feature", "properties": { "NAME": "EDISON H S", "sector": "public", "source": "NCES CCD 2022-23 + EDGE 2021-22", "level": "High", "county_fips": "48029" }, "geometry": { "type": "Point", "coordinates": [ -98.505191, 29.472289 ] } },
{ "type": "Feature", "properties": { "NAME": "ELOISE JAPHET ACADEMY", "sector": "public", "source": "NCES CCD 2022-23 + EDGE 2021-22", "level": "Elementary", "county_fips": "48029" }, "geometry": { "type": "Point", "coordinates": [ -98.467777, 29.387068 ] } },
{ "type": "Feature", "properties": { "NAME": "FENWICK ACADEMY", "sector": "charter", "source": "NCES CCD 2022-23 + EDGE 2021-22", "level": "Elementary", "county_fips": "48029" }, "geometry": { "type": "Point", "coordinates": [ -98.541145, 29.448635 ] } },
{ "type": "Feature", "properties": { "NAME": "FOSTER EL", "sector": "public", "source": "NCES CCD 2022-23 + EDGE 2021-22", "level": "Elementary", "county_fips": "48029" }, "geometry": { "type": "Point", "coordinates": [ -98.444456, 29.360198 ] } },
{ "type": "Feature", "properties": { "NAME": "FOX TECHNICAL H S", "sector": "charter", "source": "NCES CCD 2022-23 + EDGE 2021-22", "level": "High", "county_fips": "48029" }, "geometry": { "type": "Point", "coordinates": [ -98.494728, 29.432401 ] } },
{ "type": "Feature", "properties": { "NAME": "FRANKLIN EL", "sector": "public", "source": "NCES CCD 2022-23 + EDGE 2021-22", "level": "Elementary", "county_fips": "48029" }, "geometry": { "type": "Point", "coordinates": [ -98.527295, 29.474084 ] } },
{ "type": "Feature", "properties": { "NAME": "GATES EL", "sector": "charter", "source": "NCES CCD 2022-23 + EDGE 2021-22", "level": "Elementary", "county_fips": "48029" }, "geometry": { "type": "Point", "coordinates": [ -98.428259, 29.41012 ] } },
{ "type": "Feature", "properties": { "NAME": "GEORGE E KELLY EL", "sector": "public", "source": "NCES CCD 2022-23 + EDGE 2021-22", "level": "Elementary", "county_fips": "48029" }, "geometry": { "type": "Point", "coordinates": [ -98.541466, 29.394597 ] } },
{ "type": "Feature", "properties": { "NAME": "HARRIS MIDDLE", "sector": "charter", "source": "NCES CCD 2022-23 + EDGE 2021-22", "level": "Middle", "county_fips": "48029" }, "geometry": { "type": "Point", "coordinates": [ -98.507517, 29.399456 ] } },
{ "type": "Feature", "properties": { "NAME": "HAWTHORNE PK-8 ACADEMY", "sector": "charter", "source": "NCES CCD 2022-23 + EDGE 2021-22", "level": "Elementary", "county_fips": "48029" }, "geometry": { "type": "Point", "coordinates": [ -98.483001, 29.446178 ] } },
{ "type": "Feature", "properties": { "NAME": "HERFF EL", "sector": "public", "source": "NCES CCD 2022-23 + EDGE 2021-22", "level": "Elementary", "county_fips": "48029" }, "geometry": { "type": "Point", "coordinates": [ -98.472687, 29.409085 ] } },
{ "type": "Feature", "properties": { "NAME": "HIGHLAND HILLS EL", "sector": "public", "source": "NCES CCD 2022-23 + EDGE 2021-22", "level": "Elementary", "county_fips": "48029" }, "geometry": { "type": "Point", "coordinates": [ -98.441383, 29.379254 ] } },
{ "type": "Feature", "properties": { "NAME": "HIGHLAND PARK EL", "sector": "public", "source": "NCES CCD 2022-23 + EDGE 2021-22", "level": "Elementary", "county_fips": "48029" }, "geometry": { "type": "Point", "coordinates": [ -98.462284, 29.398972 ] } },
{ "type": "Feature", "properties": { "NAME": "HIGHLANDS H S", "sector": "public", "source": "NCES CCD 2022-23 + EDGE 2021-22", "level": "High", "county_fips": "48029" }, "geometry": { "type": "Point", "coordinates": [ -98.442819, 29.389605 ] } },
{ "type": "Feature", "properties": { "NAME": "HILLCREST EL", "sector": "public", "source": "NCES CCD 2022-23 + EDGE 2021-22", "level": "Elementary", "county_fips": "48029" }, "geometry": { "type": "Point", "coordinates": [ -98.50508, 29.387227 ] } },
{ "type": "Feature", "properties": { "NAME": "HIRSCH EL", "sector": "public", "source": "NCES CCD 2022-23 + EDGE 2021-22", "level": "Elementary", "county_fips": "48029" }, "geometry": { "type": "Point", "coordinates": [ -98.398656, 29.401424 ] } },
{ "type": "Feature", "properties": { "NAME": "HOUSTON H S", "sector": "public", "source": "NCES CCD 2022-23 + EDGE 2021-22", "level": "High", "county_fips": "48029" }, "geometry": { "type": "Point", "coordinates": [ -98.399299, 29.424656 ] } },
{ "type": "Feature", "properties": { "NAME": "HUPPERTZ EL", "sector": "charter", "source": "NCES CCD 2022-23 + EDGE 2021-22", "level": "Elementary", "county_fips": "48029" }, "geometry": { "type": "Point", "coordinates": [ -98.574292, 29.454883 ] } },
{ "type": "Feature", "properties": { "NAME": "J T BRACKENRIDGE EL", "sector": "public", "source": "NCES CCD 2022-23 + EDGE 2021-22", "level": "Elementary", "county_fips": "48029" }, "geometry": { "type": "Point", "coordinates": [ -98.513882, 29.418088 ] } },
{ "type": "Feature", "properties": { "NAME": "JEFFERSON H S", "sector": "charter", "source": "NCES CCD 2022-23 + EDGE 2021-22", "level": "High", "county_fips": "48029" }, "geometry": { "type": "Point", "coordinates": [ -98.538604, 29.465178 ] } },
{ "type": "Feature", "properties": { "NAME": "LAMAR EL", "sector": "charter", "source": "NCES CCD 2022-23 + EDGE 2021-22", "level": "Elementary", "county_fips": "48029" }, "geometry": { "type": "Point", "coordinates": [ -98.465537, 29.45925 ] } },
{ "type": "Feature", "properties": { "NAME": "LANIER H S", "sector": "public", "source": "NCES CCD 2022-23 + EDGE 2021-22", "level": "High", "county_fips": "48029" }, "geometry": { "type": "Point", "coordinates": [ -98.515932, 29.422182 ] } },
{ "type": "Feature", "properties": { "NAME": "LONGFELLOW MIDDLE", "sector": "public", "source": "NCES CCD 2022-23 + EDGE 2021-22", "level": "Middle", "county_fips": "48029" }, "geometry": { "type": "Point", "coordinates": [ -98.563649, 29.473046 ] } },
{ "type": "Feature", "properties": { "NAME": "LOWELL MIDDLE", "sector": "public", "source": "NCES CCD 2022-23 + EDGE 2021-22", "level": "Middle", "county_fips": "48029" }, "geometry": { "type": "Point", "coordinates": [ -98.538577, 29.395656 ] } },
{ "type": "Feature", "properties": { "NAME": "MADISON EL", "sector": "public", "source": "NCES CCD 2022-23 + EDGE 2021-22", "level": "Elementary", "county_fips": "48029" }, "geometry": { "type": "Point", "coordinates": [ -98.551418, 29.456092 ] } },
{ "type": "Feature", "properties": { "NAME": "MARGIL EL", "sector": "public", "source": "NCES CCD 2022-23 + EDGE 2021-22", "level": "Elementary", "county_fips": "48029" }, "geometry": { "type": "Point", "coordinates": [ -98.513881, 29.432903 ] } },
{ "type": "Feature", "properties": { "NAME": "MAVERICK EL", "sector": "public", "source": "NCES CCD 2022-23 + EDGE 2021-22", "level": "Elementary", "county_fips": "48029" }, "geometry": { "type": "Point", "coordinates": [ -98.547406, 29.477609 ] } },
{ "type": "Feature", "properties": { "NAME": "MURIEL FORBES EL", "sector": "public", "source": "NCES CCD 2022-23 + EDGE 2021-22", "level": "Elementary", "county_fips": "48029" }, "geometry": { "type": "Point", "coordinates": [ -98.451539, 29.372439 ] } },
{ "type": "Feature", "properties": { "NAME": "NEAL EL", "sector": "public", "source": "NCES CCD 2022-23 + EDGE 2021-22", "level": "Elementary", "county_fips": "48029" }, "geometry": { "type": "Point", "coordinates": [ -98.513979, 29.483498 ] } },
{ "type": "Feature", "properties": { "NAME": "OGDEN EL", "sector": "charter", "source": "NCES CCD 2022-23 + EDGE 2021-22", "level": "Elementary", "county_fips": "48029" }, "geometry": { "type": "Point", "coordinates": [ -98.537265, 29.437227 ] } },
{ "type": "Feature", "properties": { "NAME": "DEMOCRACY PREP AT STEWART ACADEMY", "sector": "charter", "source": "NCES CCD 2022-23 + EDGE 2021-22", "level": "Elementary", "county_fips": "48029" }, "geometry": { "type": "Point", "coordinates": [ -98.431462, 29.397252 ] } },
{ "type": "Feature", "properties": { "NAME": "PERSHING EL", "sector": "public", "source": "NCES CCD 2022-23 + EDGE 2021-22", "level": "Elementary", "county_fips": "48029" }, "geometry": { "type": "Point", "coordinates": [ -98.453445, 29.44024 ] } },
{ "type": "Feature", "properties": { "NAME": "POE MIDDLE", "sector": "public", "source": "NCES CCD 2022-23 + EDGE 2021-22", "level": "Middle", "county_fips": "48029" }, "geometry": { "type": "Point", "coordinates": [ -98.461829, 29.407791 ] } },
{ "type": "Feature", "properties": { "NAME": "RHODES MIDDLE", "sector": "public", "source": "NCES CCD 2022-23 + EDGE 2021-22", "level": "Middle", "county_fips": "48029" }, "geometry": { "type": "Point", "coordinates": [ -98.541474, 29.416478 ] } },
{ "type": "Feature", "properties": { "NAME": "RIVERSIDE PARK EL", "sector": "public", "source": "NCES CCD 2022-23 + EDGE 2021-22", "level": "Elementary", "county_fips": "48029" }, "geometry": { "type": "Point", "coordinates": [ -98.482322, 29.388573 ] } },
{ "type": "Feature", "properties": { "NAME": "ROBERT B GREEN EL", "sector": "public", "source": "NCES CCD 2022-23 + EDGE 2021-22", "level": "Elementary", "county_fips": "48029" }, "geometry": { "type": "Point", "coordinates": [ -98.484006, 29.399343 ] } },
{ "type": "Feature", "properties": { "NAME": "ROGERS ACADEMY", "sector": "public", "source": "NCES CCD 2022-23 + EDGE 2021-22", "level": "Elementary", "county_fips": "48029" }, "geometry": { "type": "Point", "coordinates": [ -98.503375, 29.472926 ] } },
{ "type": "Feature", "properties": { "NAME": "ROGERS MIDDLE", "sector": "public", "source": "NCES CCD 2022-23 + EDGE 2021-22", "level": "Middle", "county_fips": "48029" }, "geometry": { "type": "Point", "coordinates": [ -98.426621, 29.367285 ] } },
{ "type": "Feature", "properties": { "NAME": "DAVID BARKLEY/FRANCISCO RUIZ EL", "sector": "charter", "source": "NCES CCD 2022-23 + EDGE 2021-22", "level": "Elementary", "county_fips": "48029" }, "geometry": { "type": "Point", "coordinates": [ -98.524532, 29.416188 ] } },
{ "type": "Feature", "properties": { "NAME": "SARAH S KING EL", "sector": "public", "source": "NCES CCD 2022-23 + EDGE 2021-22", "level": "Elementary", "county_fips": "48029" }, "geometry": { "type": "Point", "coordinates": [ -98.537431, 29.408324 ] } },
{ "type": "Feature", "properties": { "NAME": "SCHENCK EL", "sector": "public", "source": "NCES CCD 2022-23 + EDGE 2021-22", "level": "Elementary", "county_fips": "48029" }, "geometry": { "type": "Point", "coordinates": [ -98.436645, 29.36164 ] } },
{ "type": "Feature", "properties": { "NAME": "SMITH EL", "sector": "public", "source": "NCES CCD 2022-23 + EDGE 2021-22", "level": "Elementary", "county_fips": "48029" }, "geometry": { "type": "Point", "coordinates": [ -98.457203, 29.411236 ] } },
{ "type": "Feature", "properties": { "NAME": "STORM EL", "sector": "charter", "source": "NCES CCD 2022-23 + EDGE 2021-22", "level": "Elementary", "county_fips": "48029" }, "geometry": { "type": "Point", "coordinates": [ -98.528536, 29.402766 ] } },
{ "type": "Feature", "properties": { "NAME": "TAFOLLA MIDDLE", "sector": "public", "source": "NCES CCD 2022-23 + EDGE 2021-22", "level": "Middle", "county_fips": "48029" }, "geometry": { "type": "Point", "coordinates": [ -98.511693, 29.422794 ] } },
{ "type": "Feature", "properties": { "NAME": "WASHINGTON EL", "sector": "public", "source": "NCES CCD 2022-23 + EDGE 2021-22", "level": "Elementary", "county_fips": "48029" }, "geometry": { "type": "Point", "coordinates": [ -98.457245, 29.427846 ] } },
{ "type": "Feature", "properties": { "NAME": "BRACKENRIDGE H S", "sector": "public", "source": "NCES CCD 2022-23 + EDGE 2021-22", "level": "High", "county_fips": "48029" }, "geometry": { "type": "Point", "coordinates": [ -98.487756, 29.405273 ] } },
{ "type": "Feature", "properties": { "NAME": "WHITTIER MIDDLE", "sector": "public", "source": "NCES CCD 2022-23 + EDGE 2021-22", "level": "Middle", "county_fips": "48029" }, "geometry": { "type": "Point", "coordinates": [ -98.530426, 29.475401 ] } },
{ "type": "Feature", "properties": { "NAME": "WILSON EL", "sector": "public", "source": "NCES CCD 2022-23 + EDGE 2021-22", "level": "Elementary", "county_fips": "48029" }, "geometry": { "type": "Point", "coordinates": [ -98.519176, 29.478238 ] } },
{ "type": "Feature", "properties": { "NAME": "WOODLAWN ACADEMY", "sector": "charter", "source": "NCES CCD 2022-23 + EDGE 2021-22", "level": "Elementary", "county_fips": "48029" }, "geometry": { "type": "Point", "coordinates": [ -98.524804, 29.456599 ] } },
{ "type": "Feature", "properties": { "NAME": "WOODLAWN HILLS EL", "sector": "charter", "source": "NCES CCD 2022-23 + EDGE 2021-22", "level": "Elementary", "county_fips": "48029" }, "geometry": { "type": "Point", "coordinates": [ -98.568821, 29.465543 ] } },
{ "type": "Feature", "properties": { "NAME": "HEALY-MURPHY", "sector": "public", "source": "NCES CCD 2022-23 + EDGE 2021-22", "level": "High", "county_fips": "48029" }, "geometry": { "type": "Point", "coordinates": [ -98.480439, 29.428012 ] } },
{ "type": "Feature", "properties": { "NAME": "ESTRADA ACHIEVEMENT CTR", "sector": "public", "source": "NCES CCD 2022-23 + EDGE 2021-22", "level": "High", "county_fips": "48029" }, "geometry": { "type": "Point", "coordinates": [ -98.527849, 29.4169 ] } },
{ "type": "Feature", "properties": { "NAME": "JT BRACKENRIDGE DAEP", "sector": "public", "source": "NCES CCD 2022-23 + EDGE 2021-22", "level": "Middle", "county_fips": "48029" }, "geometry": { "type": "Point", "coordinates": [ -98.513882, 29.418088 ] } },
{ "type": "Feature", "properties": { "NAME": "JJAEP", "sector": "public", "source": "NCES CCD 2022-23 + EDGE 2021-22", "level": "Secondary", "county_fips": "48029" }, "geometry": { "type": "Point", "coordinates": [ -98.472769, 29.436809 ] } },
{ "type": "Feature", "properties": { "NAME": "M L KING ACADEMY", "sector": "charter", "source": "NCES CCD 2022-23 + EDGE 2021-22", "level": "Elementary", "county_fips": "48029" }, "geometry": { "type": "Point", "coordinates": [ -98.42147, 29.414041 ] } },
{ "type": "Feature", "properties": { "NAME": "MISSION ACADEMY", "sector": "public", "source": "NCES CCD 2022-23 + EDGE 2021-22", "level": "Elementary", "county_fips": "48029" }, "geometry": { "type": "Point", "coordinates": [ -98.44, 29.330316 ] } },
{ "type": "Feature", "properties": { "NAME": "TRAVIS EARLY COLLEGE H S", "sector": "charter", "source": "NCES CCD 2022-23 + EDGE 2021-22", "level": "High", "county_fips": "48029" }, "geometry": { "type": "Point", "coordinates": [ -98.495096, 29.447595 ] } },
{ "type": "Feature", "properties": { "NAME": "YOUNG WOMEN'S LEADERSHIP ACADEMY", "sector": "charter", "source": "NCES CCD 2022-23 + EDGE 2021-22", "level": "High", "county_fips": "48029" }, "geometry": { "type": "Point", "coordinates": [ -98.533697, 29.458676 ] } },
{ "type": "Feature", "properties": { "NAME": "COOPER ACADEMY AT NAVARRO", "sector": "public", "source": "NCES CCD 2022-23 + EDGE 2021-22", "level": "High", "county_fips": "48029" }, "geometry": { "type": "Point", "coordinates": [ -98.502421, 29.42004 ] } },
{ "type": "Feature", "properties": { "NAME": "CARROLL EARLY CHILDHOOD CAMPUS", "sector": "charter", "source": "NCES CCD 2022-23 + EDGE 2021-22", "level": "Elementary", "county_fips": "48029" }, "geometry": { "type": "Point", "coordinates": [ -98.413492, 29.407421 ] } },
{ "type": "Feature", "properties": { "NAME": "CARVAJAL EL", "sector": "public", "source": "NCES CCD 2022-23 + EDGE 2021-22", "level": "Elementary", "county_fips": "48029" }, "geometry": { "type": "Point", "coordinates": [ -98.541485, 29.413463 ] } },
{ "type": "Feature", "properties": { "NAME": "ST PHILIP'S COLLEGE EARLY COLLEGE H S WITH SAISD", "sector": "charter", "source": "NCES CCD 2022-23 + EDGE 2021-22", "level": "High", "county_fips": "48029" }, "geometry": { "type": "Point", "coordinates": [ -98.45408, 29.414936 ] } },
{ "type": "Feature", "properties": { "NAME": "YOUNG MEN'S LEADERSHIP ACADEMY", "sector": "charter", "source": "NCES CCD 2022-23 + EDGE 2021-22", "level": "Other", "county_fips": "48029" }, "geometry": { "type": "Point", "coordinates": [ -98.456062, 29.432634 ] } },
{ "type": "Feature", "properties": { "NAME": "ADVANCED LEARNING ACADEMY", "sector": "charter", "source": "NCES CCD 2022-23 + EDGE 2021-22", "level": "Other", "county_fips": "48029" }, "geometry": { "type": "Point", "coordinates": [ -98.499072, 29.435877 ] } },
{ "type": "Feature", "properties": { "NAME": "MARK TWAIN DUAL LANGUAGE ACADEMY", "sector": "charter", "source": "NCES CCD 2022-23 + EDGE 2021-22", "level": "Elementary", "county_fips": "48029" }, "geometry": { "type": "Point", "coordinates": [ -98.500255, 29.457214 ] } },
{ "type": "Feature", "properties": { "NAME": "STEELE MONTESSORI EL", "sector": "charter", "source": "NCES CCD 2022-23 + EDGE 2021-22", "level": "Elementary", "county_fips": "48029" }, "geometry": { "type": "Point", "coordinates": [ -98.461932, 29.387579 ] } },
{ "type": "Feature", "properties": { "NAME": "CAST TECH H S", "sector": "charter", "source": "NCES CCD 2022-23 + EDGE 2021-22", "level": "High", "county_fips": "48029" }, "geometry": { "type": "Point", "coordinates": [ -98.494728, 29.432401 ] } },
{ "type": "Feature", "properties": { "NAME": "IRVING DUAL LANGUAGE ACADEMY", "sector": "charter", "source": "NCES CCD 2022-23 + EDGE 2021-22", "level": "Elementary", "county_fips": "48029" }, "geometry": { "type": "Point", "coordinates": [ -98.52967, 29.438287 ] } },
{ "type": "Feature", "properties": { "NAME": "CAST MED H S", "sector": "charter", "source": "NCES CCD 2022-23 + EDGE 2021-22", "level": "High", "county_fips": "48029" }, "geometry": { "type": "Point", "coordinates": [ -98.450563, 29.34276 ] } },
{ "type": "Feature", "properties": { "NAME": "YOUNG WOMEN'S LEADERSHIP ACADEMY PRI AT PAGE", "sector": "charter", "source": "NCES CCD 2022-23 + EDGE 2021-22", "level": "Elementary", "county_fips": "48029" }, "geometry": { "type": "Point", "coordinates": [ -98.477494, 29.398347 ] } },
{ "type": "Feature", "properties": { "NAME": "RODRIGUEZ MONTESSORI EL", "sector": "charter", "source": "NCES CCD 2022-23 + EDGE 2021-22", "level": "Elementary", "county_fips": "48029" }, "geometry": { "type": "Point", "coordinates": [ -98.539965, 29.424892 ] } },
{ "type": "Feature", "properties": { "NAME": "HOT WELLS MIDDLE", "sector": "public", "source": "NCES CCD 2022-23 + EDGE 2021-22", "level": "Middle", "county_fips": "48029" }, "geometry": { "type": "Point", "coordinates": [ -98.462218, 29.367878 ] } },
{ "type": "Feature", "properties": { "NAME": "EDGAR ALLAN POE STEM DUAL LANGUAGE MIDDLE", "sector": "charter", "source": "NCES CCD 2022-23 + EDGE 2021-22", "level": "Middle", "county_fips": "48029" }, "geometry": { "type": "Point", "coordinates": [ -98.461829, 29.407791 ] } },
{ "type": "Feature", "properties": { "NAME": "JUVENILE DETENT CTR", "sector": "public", "source": "NCES CCD 2022-23 + EDGE 2021-22", "level": "High", "county_fips": "48029" }, "geometry": { "type": "Point", "coordinates": [ -98.490999, 29.393877 ] } },
{ "type": "Feature", "properties": { "NAME": "ROSE GARDEN EL", "sector": "public", "source": "NCES CCD 2022-23 + EDGE 2021-22", "level": "Elementary", "county_fips": "48029" }, "geometry": { "type": "Point", "coordinates": [ -98.249515, 29.53337 ] } },
{ "type": "Feature", "properties": { "NAME": "RAY D CORBETT J H", "sector": "public", "source": "NCES CCD 2022-23 + EDGE 2021-22", "level": "Middle", "county_fips": "48029" }, "geometry": { "type": "Point", "coordinates": [ -98.243115, 29.528106 ] } },
{ "type": "Feature", "properties": { "NAME": "ALAN B SHEPARD MIDDLE", "sector": "public", "source": "NCES CCD 2022-23 + EDGE 2021-22", "level": "Middle", "county_fips": "48029" }, "geometry": { "type": "Point", "coordinates": [ -98.608769, 29.354414 ] } },
{ "type": "Feature", "properties": { "NAME": "DWIGHT MIDDLE", "sector": "public", "source": "NCES CCD 2022-23 + EDGE 2021-22", "level": "Middle", "county_fips": "48029" }, "geometry": { "type": "Point", "coordinates": [ -98.551002, 29.368133 ] } },
{ "type": "Feature", "properties": { "NAME": "FIVE PALMS EL", "sector": "public", "source": "NCES CCD 2022-23 + EDGE 2021-22", "level": "Elementary", "county_fips": "48029" }, "geometry": { "type": "Point", "coordinates": [ -98.61521, 29.359067 ] } },
{ "type": "Feature", "properties": { "NAME": "HUTCHINS EL", "sector": "public", "source": "NCES CCD 2022-23 + EDGE 2021-22", "level": "Elementary", "county_fips": "48029" }, "geometry": { "type": "Point", "coordinates": [ -98.537611, 29.346324 ] } },
{ "type": "Feature", "properties": { "NAME": "KINDRED EL", "sector": "public", "source": "NCES CCD 2022-23 + EDGE 2021-22", "level": "Elementary", "county_fips": "48029" }, "geometry": { "type": "Point", "coordinates": [ -98.551398, 29.349451 ] } },
{ "type": "Feature", "properties": { "NAME": "NEIL ARMSTRONG EL", "sector": "public", "source": "NCES CCD 2022-23 + EDGE 2021-22", "level": "Elementary", "county_fips": "48029" }, "geometry": { "type": "Point", "coordinates": [ -98.623184, 29.356365 ] } },
{ "type": "Feature", "properties": { "NAME": "PALO ALTO EL", "sector": "public", "source": "NCES CCD 2022-23 + EDGE 2021-22", "level": "Elementary", "county_fips": "48029" }, "geometry": { "type": "Point", "coordinates": [ -98.553254, 29.334351 ] } },
{ "type": "Feature", "properties": { "NAME": "PRICE EL", "sector": "public", "source": "NCES CCD 2022-23 + EDGE 2021-22", "level": "Elementary", "county_fips": "48029" }, "geometry": { "type": "Point", "coordinates": [ -98.55293, 29.360342 ] } },
{ "type": "Feature", "properties": { "NAME": "FRANK MADLA EL", "sector": "public", "source": "NCES CCD 2022-23 + EDGE 2021-22", "level": "Elementary", "county_fips": "48029" }, "geometry": { "type": "Point", "coordinates": [ -98.61062, 29.371937 ] } },
{ "type": "Feature", "properties": { "NAME": "SOUTH SAN ANTONIO H S", "sector": "public", "source": "NCES CCD 2022-23 + EDGE 2021-22", "level": "High", "county_fips": "48029" }, "geometry": { "type": "Point", "coordinates": [ -98.548292, 29.350166 ] } },
{ "type": "Feature", "properties": { "NAME": "MIGUEL CARRILLO JR EL", "sector": "public", "source": "NCES CCD 2022-23 + EDGE 2021-22", "level": "Elementary", "county_fips": "48029" }, "geometry": { "type": "Point", "coordinates": [ -98.558322, 29.360075 ] } },
{ "type": "Feature", "properties": { "NAME": "ALTERNATIVE SCHOOL", "sector": "public", "source": "NCES CCD 2022-23 + EDGE 2021-22", "level": "Other", "county_fips": "48029" }, "geometry": { "type": "Point", "coordinates": [ -98.546874, 29.329216 ] } },
{ "type": "Feature", "properties": { "NAME": "BEXAR CO J J A E P", "sector": "public", "source": "NCES CCD 2022-23 + EDGE 2021-22", "level": "Secondary", "county_fips": "48029" }, "geometry": { "type": "Point", "coordinates": [ -98.472769, 29.436809 ] } },
{ "type": "Feature", "properties": { "NAME": "ROY BENAVIDEZ EL", "sector": "public", "source": "NCES CCD 2022-23 + EDGE 2021-22", "level": "Elementary", "county_fips": "48029" }, "geometry": { "type": "Point", "coordinates": [ -98.548706, 29.339866 ] } },
{ "type": "Feature", "properties": { "NAME": "ROBERT C ZAMORA MIDDLE", "sector": "public", "source": "NCES CCD 2022-23 + EDGE 2021-22", "level": "Middle", "county_fips": "48029" }, "geometry": { "type": "Point", "coordinates": [ -98.544491, 29.340128 ] } },
{ "type": "Feature", "properties": { "NAME": "ABRAHAM KAZEN MIDDLE", "sector": "public", "source": "NCES CCD 2022-23 + EDGE 2021-22", "level": "Middle", "county_fips": "48029" }, "geometry": { "type": "Point", "coordinates": [ -98.546874, 29.329216 ] } },
{ "type": "Feature", "properties": { "NAME": "ATHENS EL", "sector": "public", "source": "NCES CCD 2022-23 + EDGE 2021-22", "level": "Elementary", "county_fips": "48029" }, "geometry": { "type": "Point", "coordinates": [ -98.550314, 29.366648 ] } },
{ "type": "Feature", "properties": { "NAME": "SOUTH SAN ANTONIO H S - WEST CAMPUS", "sector": "public", "source": "NCES CCD 2022-23 + EDGE 2021-22", "level": "High", "county_fips": "48029" }, "geometry": { "type": "Point", "coordinates": [ -98.611542, 29.354843 ] } },
{ "type": "Feature", "properties": { "NAME": "SOMERSET EL", "sector": "public", "source": "NCES CCD 2022-23 + EDGE 2021-22", "level": "Elementary", "county_fips": "48029" }, "geometry": { "type": "Point", "coordinates": [ -98.655285, 29.225498 ] } },
{ "type": "Feature", "properties": { "NAME": "SOMERSET H S", "sector": "public", "source": "NCES CCD 2022-23 + EDGE 2021-22", "level": "High", "county_fips": "48029" }, "geometry": { "type": "Point", "coordinates": [ -98.650833, 29.229111 ] } },
{ "type": "Feature", "properties": { "NAME": "SOMERSET J H", "sector": "public", "source": "NCES CCD 2022-23 + EDGE 2021-22", "level": "Middle", "county_fips": "48029" }, "geometry": { "type": "Point", "coordinates": [ -98.595697, 29.230452 ] } },
{ "type": "Feature", "properties": { "NAME": "SOMERSET EARLY CHILDHOOD EL", "sector": "public", "source": "NCES CCD 2022-23 + EDGE 2021-22", "level": "Elementary", "county_fips": "48029" }, "geometry": { "type": "Point", "coordinates": [ -98.6552, 29.224 ] } },
{ "type": "Feature", "properties": { "NAME": "S/SGT MICHAEL P BARRERA VETERANS EL", "sector": "public", "source": "NCES CCD 2022-23 + EDGE 2021-22", "level": "Elementary", "county_fips": "48029" }, "geometry": { "type": "Point", "coordinates": [ -98.588358, 29.208519 ] } },
{ "type": "Feature", "properties": { "NAME": "SAVANNAH HEIGHTS INT", "sector": "public", "source": "NCES CCD 2022-23 + EDGE 2021-22", "level": "Middle", "county_fips": "48029" }, "geometry": { "type": "Point", "coordinates": [ -98.60464, 29.202221 ] } },
{ "type": "Feature", "properties": { "NAME": "SHIRLEEN ZACHARIAS EARLY CLGE LEADERSHIP ACADEMY", "sector": "public", "source": "NCES CCD 2022-23 + EDGE 2021-22", "level": "High", "county_fips": "48029" }, "geometry": { "type": "Point", "coordinates": [ -98.653745, 29.228497 ] } },
{ "type": "Feature", "properties": { "NAME": "SOUTHSIDE H S", "sector": "public", "source": "NCES CCD 2022-23 + EDGE 2021-22", "level": "High", "county_fips": "48029" }, "geometry": { "type": "Point", "coordinates": [ -98.473165, 29.236741 ] } },
{ "type": "Feature", "properties": { "NAME": "JULIUS L MATTHEY MIDDLE", "sector": "public", "source": "NCES CCD 2022-23 + EDGE 2021-22", "level": "Middle", "county_fips": "48029" }, "geometry": { "type": "Point", "coordinates": [ -98.447522, 29.212036 ] } },
{ "type": "Feature", "properties": { "NAME": "W M PEARCE PRI", "sector": "public", "source": "NCES CCD 2022-23 + EDGE 2021-22", "level": "Elementary", "county_fips": "48029" }, "geometry": { "type": "Point", "coordinates": [ -98.471984, 29.238075 ] } },
{ "type": "Feature", "properties": { "NAME": "SOUTHSIDE ALTER CTR", "sector": "public", "source": "NCES CCD 2022-23 + EDGE 2021-22", "level": "Other", "county_fips": "48029" }, "geometry": { "type": "Point", "coordinates": [ -98.441958, 29.222069 ] } },
{ "type": "Feature", "properties": { "NAME": "BEXAR CO J J A E P", "sector": "public", "source": "NCES CCD 2022-23 + EDGE 2021-22", "level": "Secondary", "county_fips": "48029" }, "geometry": { "type": "Point", "coordinates": [ -98.472769, 29.436809 ] } },
{ "type": "Feature", "properties": { "NAME": "HERITAGE EL", "sector": "public", "source": "NCES CCD 2022-23 + EDGE 2021-22", "level": "Elementary", "county_fips": "48029" }, "geometry": { "type": "Point", "coordinates": [ -98.441958, 29.222069 ] } },
{ "type": "Feature", "properties": { "NAME": "FREEDOM EL", "sector": "public", "source": "NCES CCD 2022-23 + EDGE 2021-22", "level": "Elementary", "county_fips": "48029" }, "geometry": { "type": "Point", "coordinates": [ -98.419997, 29.220414 ] } },
{ "type": "Feature", "properties": { "NAME": "JULIAN C GALLARDO EL", "sector": "public", "source": "NCES CCD 2022-23 + EDGE 2021-22", "level": "Elementary", "county_fips": "48029" }, "geometry": { "type": "Point", "coordinates": [ -98.476316, 29.303031 ] } },
{ "type": "Feature", "properties": { "NAME": "COLONEL MENCHACA EARLY CHILDHOOD CENTER", "sector": "public", "source": "NCES CCD 2022-23 + EDGE 2021-22", "level": "Elementary", "county_fips": "48029" }, "geometry": { "type": "Point", "coordinates": [ -98.469983, 29.264096 ] } },
{ "type": "Feature", "properties": { "NAME": "LOSOYA MIDDLE", "sector": "public", "source": "NCES CCD 2022-23 + EDGE 2021-22", "level": "Middle", "county_fips": "48029" }, "geometry": { "type": "Point", "coordinates": [ -98.471338, 29.240055 ] } },
{ "type": "Feature", "properties": { "NAME": "SOUTHWEST EL", "sector": "public", "source": "NCES CCD 2022-23 + EDGE 2021-22", "level": "Elementary", "county_fips": "48029" }, "geometry": { "type": "Point", "coordinates": [ -98.667264, 29.30639 ] } },
{ "type": "Feature", "properties": { "NAME": "SUN VALLEY EL", "sector": "public", "source": "NCES CCD 2022-23 + EDGE 2021-22", "level": "Elementary", "county_fips": "48029" }, "geometry": { "type": "Point", "coordinates": [ -98.636362, 29.366589 ] } },
{ "type": "Feature", "properties": { "NAME": "BOB HOPE EL", "sector": "public", "source": "NCES CCD 2022-23 + EDGE 2021-22", "level": "Elementary", "county_fips": "48029" }, "geometry": { "type": "Point", "coordinates": [ -98.555528, 29.322083 ] } },
{ "type": "Feature", "properties": { "NAME": "SOUTHWEST H S", "sector": "public", "source": "NCES CCD 2022-23 + EDGE 2021-22", "level": "High", "county_fips": "48029" }, "geometry": { "type": "Point", "coordinates": [ -98.673074, 29.308554 ] } },
{ "type": "Feature", "properties": { "NAME": "INDIAN CREEK EL", "sector": "public", "source": "NCES CCD 2022-23 + EDGE 2021-22", "level": "Elementary", "county_fips": "48029" }, "geometry": { "type": "Point", "coordinates": [ -98.610309, 29.347762 ] } },
{ "type": "Feature", "properties": { "NAME": "RONALD E MCNAIR MIDDLE", "sector": "public", "source": "NCES CCD 2022-23 + EDGE 2021-22", "level": "Middle", "county_fips": "48029" }, "geometry": { "type": "Point", "coordinates": [ -98.725288, 29.275184 ] } },
{ "type": "Feature", "properties": { "NAME": "SKY HARBOUR EL", "sector": "public", "source": "NCES CCD 2022-23 + EDGE 2021-22", "level": "Elementary", "county_fips": "48029" }, "geometry": { "type": "Point", "coordinates": [ -98.613115, 29.336248 ] } },
{ "type": "Feature", "properties": { "NAME": "SHARON CHRISTA MCAULIFFE MIDDLE", "sector": "public", "source": "NCES CCD 2022-23 + EDGE 2021-22", "level": "Middle", "county_fips": "48029" }, "geometry": { "type": "Point", "coordinates": [ -98.619916, 29.333211 ] } },
{ "type": "Feature", "properties": { "NAME": "HIDDEN COVE STEAM ACADEMY", "sector": "public", "source": "NCES CCD 2022-23 + EDGE 2021-22", "level": "Elementary", "county_fips": "48029" }, "geometry": { "type": "Point", "coordinates": [ -98.597718, 29.340085 ] } },
{ "type": "Feature", "properties": { "NAME": "BIG COUNTRY EL", "sector": "public", "source": "NCES CCD 2022-23 + EDGE 2021-22", "level": "Elementary", "county_fips": "48029" }, "geometry": { "type": "Point", "coordinates": [ -98.698721, 29.405811 ] } },
{ "type": "Feature", "properties": { "NAME": "BEXAR CO J J A E P", "sector": "public", "source": "NCES CCD 2022-23 + EDGE 2021-22", "level": "Secondary", "county_fips": "48029" }, "geometry": { "type": "Point", "coordinates": [ -98.472769, 29.436809 ] } },
{ "type": "Feature", "properties": { "NAME": "ELM CREEK EL", "sector": "public", "source": "NCES CCD 2022-23 + EDGE 2021-22", "level": "Elementary", "county_fips": "48029" }, "geometry": { "type": "Point", "coordinates": [ -98.723738, 29.276123 ] } },
{ "type": "Feature", "properties": { "NAME": "KRIEWALD RD EL", "sector": "public", "source": "NCES CCD 2022-23 + EDGE 2021-22", "level": "Elementary", "county_fips": "48029" }, "geometry": { "type": "Point", "coordinates": [ -98.695418, 29.389802 ] } },
{ "type": "Feature", "properties": { "NAME": "FRANCIS R SCOBEE MIDDLE", "sector": "public", "source": "NCES CCD 2022-23 + EDGE 2021-22", "level": "Middle", "county_fips": "48029" }, "geometry": { "type": "Point", "coordinates": [ -98.702616, 29.406878 ] } },
{ "type": "Feature", "properties": { "NAME": "SPICEWOOD PARK EL", "sector": "public", "source": "NCES CCD 2022-23 + EDGE 2021-22", "level": "Elementary", "county_fips": "48029" }, "geometry": { "type": "Point", "coordinates": [ -98.561842, 29.30587 ] } },
{ "type": "Feature", "properties": { "NAME": "MEDIO CREEK EL", "sector": "public", "source": "NCES CCD 2022-23 + EDGE 2021-22", "level": "Elementary", "county_fips": "48029" }, "geometry": { "type": "Point", "coordinates": [ -98.631075, 29.339797 ] } },
{ "type": "Feature", "properties": { "NAME": "SOUTHWEST LEGACY H S", "sector": "public", "source": "NCES CCD 2022-23 + EDGE 2021-22", "level": "High", "county_fips": "48029" }, "geometry": { "type": "Point", "coordinates": [ -98.588389, 29.297675 ] } },
{ "type": "Feature", "properties": { "NAME": "JUDITH A RESNIK MIDDLE", "sector": "public", "source": "NCES CCD 2022-23 + EDGE 2021-22", "level": "Middle", "county_fips": "48029" }, "geometry": { "type": "Point", "coordinates": [ -98.587563, 29.293128 ] } },
{ "type": "Feature", "properties": { "NAME": "CAST STEM H S", "sector": "public", "source": "NCES CCD 2022-23 + EDGE 2021-22", "level": "High", "county_fips": "48029" }, "geometry": { "type": "Point", "coordinates": [ -98.668505, 29.310257 ] } },
{ "type": "Feature", "properties": { "NAME": "BLESSED SACRAMENT CATHOLIC SCHOOL", "sector": "private", "source": "NCES PSS 2021-22 + EDGE 2021-22", "level": "PSS", "county_fips": "48029" }, "geometry": { "type": "Point", "coordinates": [ -98.49742, 29.50319 ] } },
{ "type": "Feature", "properties": { "NAME": "HOLY NAME CATHOLIC SCHOOL", "sector": "private", "source": "NCES PSS 2021-22 + EDGE 2021-22", "level": "PSS", "county_fips": "48029" }, "geometry": { "type": "Point", "coordinates": [ -98.421471, 29.362332 ] } },
{ "type": "Feature", "properties": { "NAME": "HOLY SPIRIT CATHOLIC SCHOOL", "sector": "private", "source": "NCES PSS 2021-22 + EDGE 2021-22", "level": "PSS", "county_fips": "48029" }, "geometry": { "type": "Point", "coordinates": [ -98.506129, 29.538251 ] } },
{ "type": "Feature", "properties": { "NAME": "INCARNATE WORD HIGH SCHOOL", "sector": "private", "source": "NCES PSS 2021-22 + EDGE 2021-22", "level": "PSS", "county_fips": "48029" }, "geometry": { "type": "Point", "coordinates": [ -98.475728, 29.4664 ] } },
{ "type": "Feature", "properties": { "NAME": "MOUNT SACRED HEART SCHOOL", "sector": "private", "source": "NCES PSS 2021-22 + EDGE 2021-22", "level": "PSS", "county_fips": "48029" }, "geometry": { "type": "Point", "coordinates": [ -98.502109, 29.507806 ] } },
{ "type": "Feature", "properties": { "NAME": "OUR LADY OF PERPETUAL HELP SCHOOL", "sector": "private", "source": "NCES PSS 2021-22 + EDGE 2021-22", "level": "PSS", "county_fips": "48029" }, "geometry": { "type": "Point", "coordinates": [ -98.309061, 29.58519 ] } },
{ "type": "Feature", "properties": { "NAME": "PROVIDENCE CATHOLIC SCHOOL", "sector": "private", "source": "NCES PSS 2021-22 + EDGE 2021-22", "level": "PSS", "county_fips": "48029" }, "geometry": { "type": "Point", "coordinates": [ -98.486038, 29.435374 ] } },
{ "type": "Feature", "properties": { "NAME": "ST GREGORY THE GREAT CATHOLIC SCHOOL", "sector": "private", "source": "NCES PSS 2021-22 + EDGE 2021-22", "level": "PSS", "county_fips": "48029" }, "geometry": { "type": "Point", "coordinates": [ -98.544629, 29.498943 ] } },
{ "type": "Feature", "properties": { "NAME": "ST JAMES THE APOSTLE SCHOOL", "sector": "private", "source": "NCES PSS 2021-22 + EDGE 2021-22", "level": "PSS", "county_fips": "48029" }, "geometry": { "type": "Point", "coordinates": [ -98.519496, 29.388585 ] } },
{ "type": "Feature", "properties": { "NAME": "ST MONICA CATHOLIC SCHOOL", "sector": "private", "source": "NCES PSS 2021-22 + EDGE 2021-22", "level": "PSS", "county_fips": "48029" }, "geometry": { "type": "Point", "coordinates": [ -98.310211, 29.51674 ] } },
{ "type": "Feature", "properties": { "NAME": "ST PIUS X CATHOLIC SCHOOL", "sector": "private", "source": "NCES PSS 2021-22 + EDGE 2021-22", "level": "PSS", "county_fips": "48029" }, "geometry": { "type": "Point", "coordinates": [ -98.435427, 29.50658 ] } },
{ "type": "Feature", "properties": { "NAME": "ST PETER PRINCE OF THE APOSTLES SCHOOL", "sector": "private", "source": "NCES PSS 2021-22 + EDGE 2021-22", "level": "PSS", "county_fips": "48029" }, "geometry": { "type": "Point", "coordinates": [ -98.461349, 29.473845 ] } },
{ "type": "Feature", "properties": { "NAME": "ST LUKE CATHOLIC SCHOOL", "sector": "private", "source": "NCES PSS 2021-22 + EDGE 2021-22", "level": "PSS", "county_fips": "48029" }, "geometry": { "type": "Point", "coordinates": [ -98.575311, 29.48684 ] } },
{ "type": "Feature", "properties": { "NAME": "ST LUKES EPISCOPAL SCHOOL", "sector": "private", "source": "NCES PSS 2021-22 + EDGE 2021-22", "level": "PSS", "county_fips": "48029" }, "geometry": { "type": "Point", "coordinates": [ -98.48006, 29.485612 ] } },
{ "type": "Feature", "properties": { "NAME": "GATEWAY CHRISTIAN SCHOOL", "sector": "private", "source": "NCES PSS 2021-22 + EDGE 2021-22", "level": "PSS", "county_fips": "48029" }, "geometry": { "type": "Point", "coordinates": [ -98.616484, 29.366938 ] } },
{ "type": "Feature", "properties": { "NAME": "CONCORDIA LUTHERAN SCHOOL", "sector": "private", "source": "NCES PSS 2021-22 + EDGE 2021-22", "level": "PSS", "county_fips": "48029" }, "geometry": { "type": "Point", "coordinates": [ -98.526781, 29.60955 ] } },
{ "type": "Feature", "properties": { "NAME": "ST GEORGE EPISCOPAL SCHOOL", "sector": "private", "source": "NCES PSS 2021-22 + EDGE 2021-22", "level": "PSS", "county_fips": "48029" }, "geometry": { "type": "Point", "coordinates": [ -98.523697, 29.530966 ] } },
{ "type": "Feature", "properties": { "NAME": "TMI EPISCOPAL", "sector": "private", "source": "NCES PSS 2021-22 + EDGE 2021-22", "level": "PSS", "county_fips": "48029" }, "geometry": { "type": "Point", "coordinates": [ -98.604201, 29.63734 ] } },
{ "type": "Feature", "properties": { "NAME": "SUNSHINE COTTAGE SCHOOL FOR DEAF CHILDREN", "sector": "private", "source": "NCES PSS 2021-22 + EDGE 2021-22", "level": "PSS", "county_fips": "48029" }, "geometry": { "type": "Point", "coordinates": [ -98.481708, 29.467522 ] } },
{ "type": "Feature", "properties": { "NAME": "HEALY-MURPHY CENTER", "sector": "private", "source": "NCES PSS 2021-22 + EDGE 2021-22", "level": "PSS", "county_fips": "48029" }, "geometry": { "type": "Point", "coordinates": [ -98.480406, 29.427858 ] } },
{ "type": "Feature", "properties": { "NAME": "THE MONTESSORI SCHOOL OF SAN ANTONIO", "sector": "private", "source": "NCES PSS 2021-22 + EDGE 2021-22", "level": "PSS", "county_fips": "48029" }, "geometry": { "type": "Point", "coordinates": [ -98.533031, 29.60617 ] } },
{ "type": "Feature", "properties": { "NAME": "FIRST BAPTIST ACADEMY OF UNIVERSAL CITY", "sector": "private", "source": "NCES PSS 2021-22 + EDGE 2021-22", "level": "PSS", "county_fips": "48029" }, "geometry": { "type": "Point", "coordinates": [ -98.301661, 29.54964 ] } },
{ "type": "Feature", "properties": { "NAME": "TOWN EAST CHRISTIAN SCHOOL", "sector": "private", "source": "NCES PSS 2021-22 + EDGE 2021-22", "level": "PSS", "county_fips": "48029" }, "geometry": { "type": "Point", "coordinates": [ -98.374231, 29.3969 ] } },
{ "type": "Feature", "properties": { "NAME": "TRINITY CHRISTIAN ACADEMY", "sector": "private", "source": "NCES PSS 2021-22 + EDGE 2021-22", "level": "PSS", "county_fips": "48029" }, "geometry": { "type": "Point", "coordinates": [ -98.385231, 29.6047 ] } },
{ "type": "Feature", "properties": { "NAME": "ST GERARD CATHOLIC SCHOOL", "sector": "private", "source": "NCES PSS 2021-22 + EDGE 2021-22", "level": "PSS", "county_fips": "48029" }, "geometry": { "type": "Point", "coordinates": [ -98.462361, 29.41413 ] } },
{ "type": "Feature", "properties": { "NAME": "ACHIEVERS CENTER FOR EDUCATION", "sector": "private", "source": "NCES PSS 2021-22 + EDGE 2021-22", "level": "PSS", "county_fips": "48029" }, "geometry": { "type": "Point", "coordinates": [ -98.584919, 29.564715 ] } },
{ "type": "Feature", "properties": { "NAME": "SUBURBAN SCHOOL", "sector": "private", "source": "NCES PSS 2021-22 + EDGE 2021-22", "level": "PSS", "county_fips": "48029" }, "geometry": { "type": "Point", "coordinates": [ -98.593001, 29.53546 ] } },
{ "type": "Feature", "properties": { "NAME": "ONE SCHOOL GLOBAL", "sector": "private", "source": "NCES PSS 2021-22 + EDGE 2021-22", "level": "PSS", "county_fips": "48029" }, "geometry": { "type": "Point", "coordinates": [ -98.430291, 29.49145 ] } },
{ "type": "Feature", "properties": { "NAME": "LEON VALLEY CHRISTIAN ACADEMY", "sector": "private", "source": "NCES PSS 2021-22 + EDGE 2021-22", "level": "PSS", "county_fips": "48029" }, "geometry": { "type": "Point", "coordinates": [ -98.644096, 29.476989 ] } },
{ "type": "Feature", "properties": { "NAME": "CHILDRENS LIGHTHOUSE HELOTES", "sector": "private", "source": "NCES PSS 2021-22 + EDGE 2021-22", "level": "PSS", "county_fips": "48029" }, "geometry": { "type": "Point", "coordinates": [ -98.678559, 29.557439 ] } },
{ "type": "Feature", "properties": { "NAME": "CENTRAL CATHOLIC HIGH SCHOOL -SAN ANTONIO", "sector": "private", "source": "NCES PSS 2021-22 + EDGE 2021-22", "level": "PSS", "county_fips": "48029" }, "geometry": { "type": "Point", "coordinates": [ -98.485951, 29.43615 ] } },
{ "type": "Feature", "properties": { "NAME": "ST JOHN BOSCO SCHOOL", "sector": "private", "source": "NCES PSS 2021-22 + EDGE 2021-22", "level": "PSS", "county_fips": "48029" }, "geometry": { "type": "Point", "coordinates": [ -98.570821, 29.43138 ] } },
{ "type": "Feature", "properties": { "NAME": "TORAH ACADEMY OF SAN ANTONIO", "sector": "private", "source": "NCES PSS 2021-22 + EDGE 2021-22", "level": "PSS", "county_fips": "48029" }, "geometry": { "type": "Point", "coordinates": [ -98.544481, 29.569474 ] } },
{ "type": "Feature", "properties": { "NAME": "LEAF SPRING SCHOOL AT SONTERRA", "sector": "private", "source": "NCES PSS 2021-22 + EDGE 2021-22", "level": "PSS", "county_fips": "48029" }, "geometry": { "type": "Point", "coordinates": [ -98.487014, 29.615408 ] } },
{ "type": "Feature", "properties": { "NAME": "ST PAULS EPISCOPAL MONTESSORI SCHOOL", "sector": "private", "source": "NCES PSS 2021-22 + EDGE 2021-22", "level": "PSS", "county_fips": "48029" }, "geometry": { "type": "Point", "coordinates": [ -98.467591, 29.44276 ] } },
{ "type": "Feature", "properties": { "NAME": "ST PAUL'S EPISCOPAL MONTESSORI SCHOOL", "sector": "private", "source": "NCES PSS 2021-22 + EDGE 2021-22", "level": "PSS", "county_fips": "48029" }, "geometry": { "type": "Point", "coordinates": [ -98.467591, 29.44276 ] } },
{ "type": "Feature", "properties": { "NAME": "BLESSED HOPE ACADEMY", "sector": "private", "source": "NCES PSS 2021-22 + EDGE 2021-22", "level": "PSS", "county_fips": "48029" }, "geometry": { "type": "Point", "coordinates": [ -98.548061, 29.50932 ] } },
{ "type": "Feature", "properties": { "NAME": "CORNERSTONE CHRISTIAN SCHOOLS", "sector": "private", "source": "NCES PSS 2021-22 + EDGE 2021-22", "level": "PSS", "county_fips": "48029" }, "geometry": { "type": "Point", "coordinates": [ -98.566944, 29.607107 ] } },
{ "type": "Feature", "properties": { "NAME": "KEYSTONE SCHOOL", "sector": "private", "source": "NCES PSS 2021-22 + EDGE 2021-22", "level": "PSS", "county_fips": "48029" }, "geometry": { "type": "Point", "coordinates": [ -98.492911, 29.45232 ] } },
{ "type": "Feature", "properties": { "NAME": "KIDS R KIDS NO. 57 LIBERTY FIELD", "sector": "private", "source": "NCES PSS 2021-22 + EDGE 2021-22", "level": "PSS", "county_fips": "48029" }, "geometry": { "type": "Point", "coordinates": [ -98.701401, 29.50772 ] } },
{ "type": "Feature", "properties": { "NAME": "NOBIS PACEM", "sector": "private", "source": "NCES PSS 2021-22 + EDGE 2021-22", "level": "PSS", "county_fips": "48029" }, "geometry": { "type": "Point", "coordinates": [ -98.508307, 29.602304 ] } },
{ "type": "Feature", "properties": { "NAME": "PRIMROSE SCHOOL OF ALAMO RANCH", "sector": "private", "source": "NCES PSS 2021-22 + EDGE 2021-22", "level": "PSS", "county_fips": "48029" }, "geometry": { "type": "Point", "coordinates": [ -98.712821, 29.491352 ] } },
{ "type": "Feature", "properties": { "NAME": "ST JOHN BERCHMANS SCHOOL", "sector": "private", "source": "NCES PSS 2021-22 + EDGE 2021-22", "level": "PSS", "county_fips": "48029" }, "geometry": { "type": "Point", "coordinates": [ -98.551091, 29.3973 ] } },
{ "type": "Feature", "properties": { "NAME": "COKER EARLY LEARNING CENTER", "sector": "private", "source": "NCES PSS 2021-22 + EDGE 2021-22", "level": "PSS", "county_fips": "48029" }, "geometry": { "type": "Point", "coordinates": [ -98.495311, 29.55691 ] } },
{ "type": "Feature", "properties": { "NAME": "DISCOVERY SCHOOL OF SAN ANTONIO, INC", "sector": "private", "source": "NCES PSS 2021-22 + EDGE 2021-22", "level": "PSS", "county_fips": "48029" }, "geometry": { "type": "Point", "coordinates": [ -98.527221, 29.48582 ] } },
{ "type": "Feature", "properties": { "NAME": "LITTLE LIONS LEARNING ACADEMY", "sector": "private", "source": "NCES PSS 2021-22 + EDGE 2021-22", "level": "PSS", "county_fips": "48029" }, "geometry": { "type": "Point", "coordinates": [ -98.750921, 29.44541 ] } },
{ "type": "Feature", "properties": { "NAME": "MARVELOUSLY MADE - THE SCHOOL FOR YOUNG CHILDREN", "sector": "private", "source": "NCES PSS 2021-22 + EDGE 2021-22", "level": "PSS", "county_fips": "48029" }, "geometry": { "type": "Point", "coordinates": [ -98.693351, 29.58079 ] } },
{ "type": "Feature", "properties": { "NAME": "MONTESSORI SCHOOL INTERNATIONAL", "sector": "private", "source": "NCES PSS 2021-22 + EDGE 2021-22", "level": "PSS", "county_fips": "48029" }, "geometry": { "type": "Point", "coordinates": [ -98.575571, 29.51649 ] } },
{ "type": "Feature", "properties": { "NAME": "PINNACLE MONTESSORI ACADEMY OF ALAMO RANCH", "sector": "private", "source": "NCES PSS 2021-22 + EDGE 2021-22", "level": "PSS", "county_fips": "48029" }, "geometry": { "type": "Point", "coordinates": [ -98.718041, 29.49864 ] } },
{ "type": "Feature", "properties": { "NAME": "THE ACORN - A SCHOOL FOR YOUNG CHILDREN", "sector": "private", "source": "NCES PSS 2021-22 + EDGE 2021-22", "level": "PSS", "county_fips": "48029" }, "geometry": { "type": "Point", "coordinates": [ -98.469051, 29.45867 ] } },
{ "type": "Feature", "properties": { "NAME": "THE LILYPAD GARDEN SCHOOL", "sector": "private", "source": "NCES PSS 2021-22 + EDGE 2021-22", "level": "PSS", "county_fips": "48029" }, "geometry": { "type": "Point", "coordinates": [ -98.453541, 29.6169 ] } },
{ "type": "Feature", "properties": { "NAME": "TRAIN-UP A CHILD LEARNING CENTER / NURSERY", "sector": "private", "source": "NCES PSS 2021-22 + EDGE 2021-22", "level": "PSS", "county_fips": "48029" }, "geometry": { "type": "Point", "coordinates": [ -98.669501, 29.4091 ] } },
{ "type": "Feature", "properties": { "NAME": "UNITED KIDZ ACADEMY SAN ANTONIO", "sector": "private", "source": "NCES PSS 2021-22 + EDGE 2021-22", "level": "PSS", "county_fips": "48029" }, "geometry": { "type": "Point", "coordinates": [ -98.690831, 29.44492 ] } },
{ "type": "Feature", "properties": { "NAME": "UNIVERSITY UNITED METHODIST DAY SCHOOL", "sector": "private", "source": "NCES PSS 2021-22 + EDGE 2021-22", "level": "PSS", "county_fips": "48029" }, "geometry": { "type": "Point", "coordinates": [ -98.584919, 29.564715 ] } },
{ "type": "Feature", "properties": { "NAME": "VINEYARD CHRISTIAN SCHOOL", "sector": "private", "source": "NCES PSS 2021-22 + EDGE 2021-22", "level": "PSS", "county_fips": "48029" }, "geometry": { "type": "Point", "coordinates": [ -98.536621, 29.58257 ] } },
{ "type": "Feature", "properties": { "NAME": "OAK ISLAND ACADEMY", "sector": "private", "source": "NCES PSS 2021-22 + EDGE 2021-22", "level": "PSS", "county_fips": "48029" }, "geometry": { "type": "Point", "coordinates": [ -98.555085, 29.221326 ] } },
{ "type": "Feature", "properties": { "NAME": "ST ANTHONY CATHOLIC HIGH SCHOOL", "sector": "private", "source": "NCES PSS 2021-22 + EDGE 2021-22", "level": "PSS", "county_fips": "48029" }, "geometry": { "type": "Point", "coordinates": [ -98.489966, 29.460276 ] } },
{ "type": "Feature", "properties": { "NAME": "IMMERSION MONTESSORI ACADEMY", "sector": "private", "source": "NCES PSS 2021-22 + EDGE 2021-22", "level": "PSS", "county_fips": "48029" }, "geometry": { "type": "Point", "coordinates": [ -98.514069, 29.540751 ] } },
{ "type": "Feature", "properties": { "NAME": "MONTESSORI CHILDREN'S HOUSE", "sector": "private", "source": "NCES PSS 2021-22 + EDGE 2021-22", "level": "PSS", "county_fips": "48029" }, "geometry": { "type": "Point", "coordinates": [ -98.58618, 29.532294 ] } },
{ "type": "Feature", "properties": { "NAME": "PINNACLE MONTESSORI", "sector": "private", "source": "NCES PSS 2021-22 + EDGE 2021-22", "level": "PSS", "county_fips": "48029" }, "geometry": { "type": "Point", "coordinates": [ -98.732124, 29.431467 ] } },
{ "type": "Feature", "properties": { "NAME": "FUSION ACADEMY", "sector": "private", "source": "NCES PSS 2021-22 + EDGE 2021-22", "level": "PSS", "county_fips": "48029" }, "geometry": { "type": "Point", "coordinates": [ -98.484264, 29.611143 ] } },
{ "type": "Feature", "properties": { "NAME": "RIVER CITY BELIEVERS ACADEMY", "sector": "private", "source": "NCES PSS 2021-22 + EDGE 2021-22", "level": "PSS", "county_fips": "48029" }, "geometry": { "type": "Point", "coordinates": [ -98.318591, 29.59392 ] } },
{ "type": "Feature", "properties": { "NAME": "NEW LIFE CHRISTIAN ACADEMY HYBRID", "sector": "private", "source": "NCES PSS 2021-22 + EDGE 2021-22", "level": "PSS", "county_fips": "48029" }, "geometry": { "type": "Point", "coordinates": [ -98.617871, 29.40331 ] } },
{ "type": "Feature", "properties": { "NAME": "SAN ANTONIO COUNTRY DAY MONTESSORI SCHOOL", "sector": "private", "source": "NCES PSS 2021-22 + EDGE 2021-22", "level": "PSS", "county_fips": "48029" }, "geometry": { "type": "Point", "coordinates": [ -98.410911, 29.57799 ] } },
{ "type": "Feature", "properties": { "NAME": "ST MATTHEW CATHOLIC SCHOOL", "sector": "private", "source": "NCES PSS 2021-22 + EDGE 2021-22", "level": "PSS", "county_fips": "48029" }, "geometry": { "type": "Point", "coordinates": [ -98.554911, 29.53925 ] } },
{ "type": "Feature", "properties": { "NAME": "THE ATONEMENT CATHOLIC ACADEMY", "sector": "private", "source": "NCES PSS 2021-22 + EDGE 2021-22", "level": "PSS", "county_fips": "48029" }, "geometry": { "type": "Point", "coordinates": [ -98.644321, 29.58786 ] } },
{ "type": "Feature", "properties": { "NAME": "CORNERSTONE CHRISTIAN SCHOOLS", "sector": "private", "source": "NCES PSS 2021-22 + EDGE 2021-22", "level": "PSS", "county_fips": "48029" }, "geometry": { "type": "Point", "coordinates": [ -98.566944, 29.607107 ] } },
{ "type": "Feature", "properties": { "NAME": "LUTHERAN HIGH SCHOOL OF SAN ANTONIO", "sector": "private", "source": "NCES PSS 2021-22 + EDGE 2021-22", "level": "PSS", "county_fips": "48029" }, "geometry": { "type": "Point", "coordinates": [ -98.630361, 29.61358 ] } },
{ "type": "Feature", "properties": { "NAME": "COLONIAL HILLS UNITED METHODIST SCHOOL", "sector": "private", "source": "NCES PSS 2021-22 + EDGE 2021-22", "level": "PSS", "county_fips": "48029" }, "geometry": { "type": "Point", "coordinates": [ -98.540491, 29.52776 ] } },
{ "type": "Feature", "properties": { "NAME": "NORTHWEST HILLS CHRISTIAN SCHOOL", "sector": "private", "source": "NCES PSS 2021-22 + EDGE 2021-22", "level": "PSS", "county_fips": "48029" }, "geometry": { "type": "Point", "coordinates": [ -98.645204, 29.494665 ] } },
{ "type": "Feature", "properties": { "NAME": "SALEM SAYERS BAPTIST ACADEMY", "sector": "private", "source": "NCES PSS 2021-22 + EDGE 2021-22", "level": "PSS", "county_fips": "48029" }, "geometry": { "type": "Point", "coordinates": [ -98.288586, 29.373216 ] } },
{ "type": "Feature", "properties": { "NAME": "SCENIC HILLS CHRISTIAN ACADEMY", "sector": "private", "source": "NCES PSS 2021-22 + EDGE 2021-22", "level": "PSS", "county_fips": "48029" }, "geometry": { "type": "Point", "coordinates": [ -98.661902, 29.546844 ] } },
{ "type": "Feature", "properties": { "NAME": "SHEPHERD OF THE HILLS LUTHERAN SCHOOL", "sector": "private", "source": "NCES PSS 2021-22 + EDGE 2021-22", "level": "PSS", "county_fips": "48029" }, "geometry": { "type": "Point", "coordinates": [ -98.589301, 29.49853 ] } },
{ "type": "Feature", "properties": { "NAME": "MAC ARTHUR PARK LUTHERAN SCHOOL", "sector": "private", "source": "NCES PSS 2021-22 + EDGE 2021-22", "level": "PSS", "county_fips": "48029" }, "geometry": { "type": "Point", "coordinates": [ -98.444553, 29.524605 ] } },
{ "type": "Feature", "properties": { "NAME": "THE WINSTON SCHOOL SAN ANTONIO", "sector": "private", "source": "NCES PSS 2021-22 + EDGE 2021-22", "level": "PSS", "county_fips": "48029" }, "geometry": { "type": "Point", "coordinates": [ -98.581141, 29.51852 ] } },
{ "type": "Feature", "properties": { "NAME": "ST DAVIDS EPISCOPAL SCHOOL", "sector": "private", "source": "NCES PSS 2021-22 + EDGE 2021-22", "level": "PSS", "county_fips": "48029" }, "geometry": { "type": "Point", "coordinates": [ -98.438481, 29.48118 ] } },
{ "type": "Feature", "properties": { "NAME": "THE CIRCLE SCHOOL", "sector": "private", "source": "NCES PSS 2021-22 + EDGE 2021-22", "level": "PSS", "county_fips": "48029" }, "geometry": { "type": "Point", "coordinates": [ -98.464501, 29.46145 ] } },
{ "type": "Feature", "properties": { "NAME": "THE CHRISTIAN SCHOOL AT CASTLE HILLS", "sector": "private", "source": "NCES PSS 2021-22 + EDGE 2021-22", "level": "PSS", "county_fips": "48029" }, "geometry": { "type": "Point", "coordinates": [ -98.52485, 29.533859 ] } },
{ "type": "Feature", "properties": { "NAME": "ST MARY'S HALL", "sector": "private", "source": "NCES PSS 2021-22 + EDGE 2021-22", "level": "PSS", "county_fips": "48029" }, "geometry": { "type": "Point", "coordinates": [ -98.427256, 29.529137 ] } }
]
}
