pct_converted,green_infrastructure_pct,food_forest_pct,pct_highdensity,n_wet,n_for,n_hd,mean_cn,flood_reduction,runoff_acre_feet,mean_hm,cooling_f,flood_damage_avoided_usd,cooling_energy_savings_usd,mean_ndvi,carbon_tons_co2_yr,avoided_carbon_cost_usd,nature_access_pct,people_with_nature_access,preventable_mh_cases,avoided_mh_cost_usd,food_mln_lbs,people_fed,total_cost_mln,scenario_name
0,0,0,100,0,0,0,76.54000091552734,23.46,10232.6,0.30709999799728394,0.0,0.0,0.0,0.42419999837875366,0.0,0.0,89.7,1710537,0.0,0.0,0.0,0,0.0,0% converted — GI 0% / FF 0%
0,0,10,90,0,0,0,76.54000091552734,23.46,10232.6,0.30709999799728394,0.0,0.0,0.0,0.42419999837875366,0.0,0.0,89.7,1710537,0.0,0.0,0.0,0,0.0,0% converted — GI 0% / FF 10%
0,0,20,80,0,0,0,76.54000091552734,23.46,10232.6,0.30709999799728394,0.0,0.0,0.0,0.42419999837875366,0.0,0.0,89.7,1710537,0.0,0.0,0.0,0,0.0,0% converted — GI 0% / FF 20%
0,0,30,70,0,0,0,76.54000091552734,23.46,10232.6,0.30709999799728394,0.0,0.0,0.0,0.42419999837875366,0.0,0.0,89.7,1710537,0.0,0.0,0.0,0,0.0,0% converted — GI 0% / FF 30%
0,0,40,60,0,0,0,76.54000091552734,23.46,10232.6,0.30709999799728394,0.0,0.0,0.0,0.42419999837875366,0.0,0.0,89.7,1710537,0.0,0.0,0.0,0,0.0,0% converted — GI 0% / FF 40%
0,0,50,50,0,0,0,76.54000091552734,23.46,10232.6,0.30709999799728394,0.0,0.0,0.0,0.42419999837875366,0.0,0.0,89.7,1710537,0.0,0.0,0.0,0,0.0,0% converted — GI 0% / FF 50%
0,0,60,40,0,0,0,76.54000091552734,23.46,10232.6,0.30709999799728394,0.0,0.0,0.0,0.42419999837875366,0.0,0.0,89.7,1710537,0.0,0.0,0.0,0,0.0,0% converted — GI 0% / FF 60%
0,0,70,30,0,0,0,76.54000091552734,23.46,10232.6,0.30709999799728394,0.0,0.0,0.0,0.42419999837875366,0.0,0.0,89.7,1710537,0.0,0.0,0.0,0,0.0,0% converted — GI 0% / FF 70%
0,0,80,20,0,0,0,76.54000091552734,23.46,10232.6,0.30709999799728394,0.0,0.0,0.0,0.42419999837875366,0.0,0.0,89.7,1710537,0.0,0.0,0.0,0,0.0,0% converted — GI 0% / FF 80%
0,0,90,10,0,0,0,76.54000091552734,23.46,10232.6,0.30709999799728394,0.0,0.0,0.0,0.42419999837875366,0.0,0.0,89.7,1710537,0.0,0.0,0.0,0,0.0,0% converted — GI 0% / FF 90%
0,0,100,0,0,0,0,76.54000091552734,23.46,10232.6,0.30709999799728394,0.0,0.0,0.0,0.42419999837875366,0.0,0.0,89.7,1710537,0.0,0.0,0.0,0,0.0,0% converted — GI 0% / FF 100%
0,10,0,90,0,0,0,76.54000091552734,23.46,10232.6,0.30709999799728394,0.0,0.0,0.0,0.42419999837875366,0.0,0.0,89.7,1710537,0.0,0.0,0.0,0,0.0,0% converted — GI 10% / FF 0%
0,10,10,80,0,0,0,76.54000091552734,23.46,10232.6,0.30709999799728394,0.0,0.0,0.0,0.42419999837875366,0.0,0.0,89.7,1710537,0.0,0.0,0.0,0,0.0,0% converted — GI 10% / FF 10%
0,10,20,70,0,0,0,76.54000091552734,23.46,10232.6,0.30709999799728394,0.0,0.0,0.0,0.42419999837875366,0.0,0.0,89.7,1710537,0.0,0.0,0.0,0,0.0,0% converted — GI 10% / FF 20%
0,10,30,60,0,0,0,76.54000091552734,23.46,10232.6,0.30709999799728394,0.0,0.0,0.0,0.42419999837875366,0.0,0.0,89.7,1710537,0.0,0.0,0.0,0,0.0,0% converted — GI 10% / FF 30%
0,10,40,50,0,0,0,76.54000091552734,23.46,10232.6,0.30709999799728394,0.0,0.0,0.0,0.42419999837875366,0.0,0.0,89.7,1710537,0.0,0.0,0.0,0,0.0,0% converted — GI 10% / FF 40%
0,10,50,40,0,0,0,76.54000091552734,23.46,10232.6,0.30709999799728394,0.0,0.0,0.0,0.42419999837875366,0.0,0.0,89.7,1710537,0.0,0.0,0.0,0,0.0,0% converted — GI 10% / FF 50%
0,10,60,30,0,0,0,76.54000091552734,23.46,10232.6,0.30709999799728394,0.0,0.0,0.0,0.42419999837875366,0.0,0.0,89.7,1710537,0.0,0.0,0.0,0,0.0,0% converted — GI 10% / FF 60%
0,10,70,20,0,0,0,76.54000091552734,23.46,10232.6,0.30709999799728394,0.0,0.0,0.0,0.42419999837875366,0.0,0.0,89.7,1710537,0.0,0.0,0.0,0,0.0,0% converted — GI 10% / FF 70%
0,10,80,10,0,0,0,76.54000091552734,23.46,10232.6,0.30709999799728394,0.0,0.0,0.0,0.42419999837875366,0.0,0.0,89.7,1710537,0.0,0.0,0.0,0,0.0,0% converted — GI 10% / FF 80%
0,10,90,0,0,0,0,76.54000091552734,23.46,10232.6,0.30709999799728394,0.0,0.0,0.0,0.42419999837875366,0.0,0.0,89.7,1710537,0.0,0.0,0.0,0,0.0,0% converted — GI 10% / FF 90%
0,20,0,80,0,0,0,76.54000091552734,23.46,10232.6,0.30709999799728394,0.0,0.0,0.0,0.42419999837875366,0.0,0.0,89.7,1710537,0.0,0.0,0.0,0,0.0,0% converted — GI 20% / FF 0%
0,20,10,70,0,0,0,76.54000091552734,23.46,10232.6,0.30709999799728394,0.0,0.0,0.0,0.42419999837875366,0.0,0.0,89.7,1710537,0.0,0.0,0.0,0,0.0,0% converted — GI 20% / FF 10%
0,20,20,60,0,0,0,76.54000091552734,23.46,10232.6,0.30709999799728394,0.0,0.0,0.0,0.42419999837875366,0.0,0.0,89.7,1710537,0.0,0.0,0.0,0,0.0,0% converted — GI 20% / FF 20%
0,20,30,50,0,0,0,76.54000091552734,23.46,10232.6,0.30709999799728394,0.0,0.0,0.0,0.42419999837875366,0.0,0.0,89.7,1710537,0.0,0.0,0.0,0,0.0,0% converted — GI 20% / FF 30%
0,20,40,40,0,0,0,76.54000091552734,23.46,10232.6,0.30709999799728394,0.0,0.0,0.0,0.42419999837875366,0.0,0.0,89.7,1710537,0.0,0.0,0.0,0,0.0,0% converted — GI 20% / FF 40%
0,20,50,30,0,0,0,76.54000091552734,23.46,10232.6,0.30709999799728394,0.0,0.0,0.0,0.42419999837875366,0.0,0.0,89.7,1710537,0.0,0.0,0.0,0,0.0,0% converted — GI 20% / FF 50%
0,20,60,20,0,0,0,76.54000091552734,23.46,10232.6,0.30709999799728394,0.0,0.0,0.0,0.42419999837875366,0.0,0.0,89.7,1710537,0.0,0.0,0.0,0,0.0,0% converted — GI 20% / FF 60%
0,20,70,10,0,0,0,76.54000091552734,23.46,10232.6,0.30709999799728394,0.0,0.0,0.0,0.42419999837875366,0.0,0.0,89.7,1710537,0.0,0.0,0.0,0,0.0,0% converted — GI 20% / FF 70%
0,20,80,0,0,0,0,76.54000091552734,23.46,10232.6,0.30709999799728394,0.0,0.0,0.0,0.42419999837875366,0.0,0.0,89.7,1710537,0.0,0.0,0.0,0,0.0,0% converted — GI 20% / FF 80%
0,30,0,70,0,0,0,76.54000091552734,23.46,10232.6,0.30709999799728394,0.0,0.0,0.0,0.42419999837875366,0.0,0.0,89.7,1710537,0.0,0.0,0.0,0,0.0,0% converted — GI 30% / FF 0%
0,30,10,60,0,0,0,76.54000091552734,23.46,10232.6,0.30709999799728394,0.0,0.0,0.0,0.42419999837875366,0.0,0.0,89.7,1710537,0.0,0.0,0.0,0,0.0,0% converted — GI 30% / FF 10%
0,30,20,50,0,0,0,76.54000091552734,23.46,10232.6,0.30709999799728394,0.0,0.0,0.0,0.42419999837875366,0.0,0.0,89.7,1710537,0.0,0.0,0.0,0,0.0,0% converted — GI 30% / FF 20%
0,30,30,40,0,0,0,76.54000091552734,23.46,10232.6,0.30709999799728394,0.0,0.0,0.0,0.42419999837875366,0.0,0.0,89.7,1710537,0.0,0.0,0.0,0,0.0,0% converted — GI 30% / FF 30%
0,30,40,30,0,0,0,76.54000091552734,23.46,10232.6,0.30709999799728394,0.0,0.0,0.0,0.42419999837875366,0.0,0.0,89.7,1710537,0.0,0.0,0.0,0,0.0,0% converted — GI 30% / FF 40%
0,30,50,20,0,0,0,76.54000091552734,23.46,10232.6,0.30709999799728394,0.0,0.0,0.0,0.42419999837875366,0.0,0.0,89.7,1710537,0.0,0.0,0.0,0,0.0,0% converted — GI 30% / FF 50%
0,30,60,10,0,0,0,76.54000091552734,23.46,10232.6,0.30709999799728394,0.0,0.0,0.0,0.42419999837875366,0.0,0.0,89.7,1710537,0.0,0.0,0.0,0,0.0,0% converted — GI 30% / FF 60%
0,30,70,0,0,0,0,76.54000091552734,23.46,10232.6,0.30709999799728394,0.0,0.0,0.0,0.42419999837875366,0.0,0.0,89.7,1710537,0.0,0.0,0.0,0,0.0,0% converted — GI 30% / FF 70%
0,40,0,60,0,0,0,76.54000091552734,23.46,10232.6,0.30709999799728394,0.0,0.0,0.0,0.42419999837875366,0.0,0.0,89.7,1710537,0.0,0.0,0.0,0,0.0,0% converted — GI 40% / FF 0%
0,40,10,50,0,0,0,76.54000091552734,23.46,10232.6,0.30709999799728394,0.0,0.0,0.0,0.42419999837875366,0.0,0.0,89.7,1710537,0.0,0.0,0.0,0,0.0,0% converted — GI 40% / FF 10%
0,40,20,40,0,0,0,76.54000091552734,23.46,10232.6,0.30709999799728394,0.0,0.0,0.0,0.42419999837875366,0.0,0.0,89.7,1710537,0.0,0.0,0.0,0,0.0,0% converted — GI 40% / FF 20%
0,40,30,30,0,0,0,76.54000091552734,23.46,10232.6,0.30709999799728394,0.0,0.0,0.0,0.42419999837875366,0.0,0.0,89.7,1710537,0.0,0.0,0.0,0,0.0,0% converted — GI 40% / FF 30%
0,40,40,20,0,0,0,76.54000091552734,23.46,10232.6,0.30709999799728394,0.0,0.0,0.0,0.42419999837875366,0.0,0.0,89.7,1710537,0.0,0.0,0.0,0,0.0,0% converted — GI 40% / FF 40%
0,40,50,10,0,0,0,76.54000091552734,23.46,10232.6,0.30709999799728394,0.0,0.0,0.0,0.42419999837875366,0.0,0.0,89.7,1710537,0.0,0.0,0.0,0,0.0,0% converted — GI 40% / FF 50%
0,40,60,0,0,0,0,76.54000091552734,23.46,10232.6,0.30709999799728394,0.0,0.0,0.0,0.42419999837875366,0.0,0.0,89.7,1710537,0.0,0.0,0.0,0,0.0,0% converted — GI 40% / FF 60%
0,50,0,50,0,0,0,76.54000091552734,23.46,10232.6,0.30709999799728394,0.0,0.0,0.0,0.42419999837875366,0.0,0.0,89.7,1710537,0.0,0.0,0.0,0,0.0,0% converted — GI 50% / FF 0%
0,50,10,40,0,0,0,76.54000091552734,23.46,10232.6,0.30709999799728394,0.0,0.0,0.0,0.42419999837875366,0.0,0.0,89.7,1710537,0.0,0.0,0.0,0,0.0,0% converted — GI 50% / FF 10%
0,50,20,30,0,0,0,76.54000091552734,23.46,10232.6,0.30709999799728394,0.0,0.0,0.0,0.42419999837875366,0.0,0.0,89.7,1710537,0.0,0.0,0.0,0,0.0,0% converted — GI 50% / FF 20%
0,50,30,20,0,0,0,76.54000091552734,23.46,10232.6,0.30709999799728394,0.0,0.0,0.0,0.42419999837875366,0.0,0.0,89.7,1710537,0.0,0.0,0.0,0,0.0,0% converted — GI 50% / FF 30%
0,50,40,10,0,0,0,76.54000091552734,23.46,10232.6,0.30709999799728394,0.0,0.0,0.0,0.42419999837875366,0.0,0.0,89.7,1710537,0.0,0.0,0.0,0,0.0,0% converted — GI 50% / FF 40%
0,50,50,0,0,0,0,76.54000091552734,23.46,10232.6,0.30709999799728394,0.0,0.0,0.0,0.42419999837875366,0.0,0.0,89.7,1710537,0.0,0.0,0.0,0,0.0,0% converted — GI 50% / FF 50%
0,60,0,40,0,0,0,76.54000091552734,23.46,10232.6,0.30709999799728394,0.0,0.0,0.0,0.42419999837875366,0.0,0.0,89.7,1710537,0.0,0.0,0.0,0,0.0,0% converted — GI 60% / FF 0%
0,60,10,30,0,0,0,76.54000091552734,23.46,10232.6,0.30709999799728394,0.0,0.0,0.0,0.42419999837875366,0.0,0.0,89.7,1710537,0.0,0.0,0.0,0,0.0,0% converted — GI 60% / FF 10%
0,60,20,20,0,0,0,76.54000091552734,23.46,10232.6,0.30709999799728394,0.0,0.0,0.0,0.42419999837875366,0.0,0.0,89.7,1710537,0.0,0.0,0.0,0,0.0,0% converted — GI 60% / FF 20%
0,60,30,10,0,0,0,76.54000091552734,23.46,10232.6,0.30709999799728394,0.0,0.0,0.0,0.42419999837875366,0.0,0.0,89.7,1710537,0.0,0.0,0.0,0,0.0,0% converted — GI 60% / FF 30%
0,60,40,0,0,0,0,76.54000091552734,23.46,10232.6,0.30709999799728394,0.0,0.0,0.0,0.42419999837875366,0.0,0.0,89.7,1710537,0.0,0.0,0.0,0,0.0,0% converted — GI 60% / FF 40%
0,70,0,30,0,0,0,76.54000091552734,23.46,10232.6,0.30709999799728394,0.0,0.0,0.0,0.42419999837875366,0.0,0.0,89.7,1710537,0.0,0.0,0.0,0,0.0,0% converted — GI 70% / FF 0%
0,70,10,20,0,0,0,76.54000091552734,23.46,10232.6,0.30709999799728394,0.0,0.0,0.0,0.42419999837875366,0.0,0.0,89.7,1710537,0.0,0.0,0.0,0,0.0,0% converted — GI 70% / FF 10%
0,70,20,10,0,0,0,76.54000091552734,23.46,10232.6,0.30709999799728394,0.0,0.0,0.0,0.42419999837875366,0.0,0.0,89.7,1710537,0.0,0.0,0.0,0,0.0,0% converted — GI 70% / FF 20%
0,70,30,0,0,0,0,76.54000091552734,23.46,10232.6,0.30709999799728394,0.0,0.0,0.0,0.42419999837875366,0.0,0.0,89.7,1710537,0.0,0.0,0.0,0,0.0,0% converted — GI 70% / FF 30%
0,80,0,20,0,0,0,76.54000091552734,23.46,10232.6,0.30709999799728394,0.0,0.0,0.0,0.42419999837875366,0.0,0.0,89.7,1710537,0.0,0.0,0.0,0,0.0,0% converted — GI 80% / FF 0%
0,80,10,10,0,0,0,76.54000091552734,23.46,10232.6,0.30709999799728394,0.0,0.0,0.0,0.42419999837875366,0.0,0.0,89.7,1710537,0.0,0.0,0.0,0,0.0,0% converted — GI 80% / FF 10%
0,80,20,0,0,0,0,76.54000091552734,23.46,10232.6,0.30709999799728394,0.0,0.0,0.0,0.42419999837875366,0.0,0.0,89.7,1710537,0.0,0.0,0.0,0,0.0,0% converted — GI 80% / FF 20%
0,90,0,10,0,0,0,76.54000091552734,23.46,10232.6,0.30709999799728394,0.0,0.0,0.0,0.42419999837875366,0.0,0.0,89.7,1710537,0.0,0.0,0.0,0,0.0,0% converted — GI 90% / FF 0%
0,90,10,0,0,0,0,76.54000091552734,23.46,10232.6,0.30709999799728394,0.0,0.0,0.0,0.42419999837875366,0.0,0.0,89.7,1710537,0.0,0.0,0.0,0,0.0,0% converted — GI 90% / FF 10%
0,100,0,0,0,0,0,76.54000091552734,23.46,10232.6,0.30709999799728394,0.0,0.0,0.0,0.42419999837875366,0.0,0.0,89.7,1710537,0.0,0.0,0.0,0,0.0,0% converted — GI 100% / FF 0%
5,0,0,100,0,0,42024,76.69000244140625,23.31,10355.7,0.3057999908924103,-0.0,0.0,0.0,0.4228000044822693,0.0,0.0,89.1,1697845,-642.9,-4743550.0,0.0,0,46.73,5% converted — GI 0% / FF 0%
5,0,10,90,0,4202,37822,76.66000366210938,23.34,10331.0,0.3068000078201294,-0.0,0.0,44806.0,0.4235999882221222,3270.8,621452.0,90.1,1716697,-246.0,-1815109.0,7.943,3971,51.4,5% converted — GI 0% / FF 10%
5,0,20,80,0,8404,33620,76.63999938964844,23.36,10314.6,0.3077999949455261,0.0,0.0,203944.0,0.4244000017642975,6541.7,1242923.0,91.2,1737993,159.2,1174435.0,15.887,7943,56.08,5% converted — GI 0% / FF 20%
5,0,30,70,0,12607,29417,76.62000274658203,23.38,10298.1,0.30880001187324524,0.0,0.0,429886.0,0.4251999855041504,9813.3,1864527.0,92.2,1757431,555.8,4100666.0,23.832,11916,60.75,5% converted — GI 0% / FF 30%
5,0,40,60,0,16809,25215,76.58999633789062,23.41,10273.5,0.30979999899864197,0.0,0.0,661931.0,0.4259999990463257,13084.1,2485979.0,93.2,1777360,952.0,7023892.0,31.776,15888,65.42,5% converted — GI 0% / FF 40%
5,0,50,50,0,21012,21012,76.56999969482422,23.43,10257.1,0.3109000027179718,0.0,0.0,887741.0,0.426800012588501,16355.7,3107583.0,94.1,1794246,1347.0,9937887.0,39.721,19860,70.1,5% converted — GI 0% / FF 50%
5,0,60,40,0,25214,16810,76.55000305175781,23.45,10240.8,0.31189998984336853,0.0,0.0,1129689.0,0.4275999963283539,19626.6,3729054.0,95.0,1811556,1756.7,12960828.0,47.665,23832,74.77,5% converted — GI 0% / FF 60%
5,0,70,30,0,29416,12608,76.5199966430664,23.48,10216.2,0.31290000677108765,0.0,0.0,1381340.0,0.4284000098705292,22897.4,4350506.0,95.9,1828262,2164.4,15968767.0,55.608,27804,79.44,5% converted — GI 0% / FF 70%
5,0,80,20,0,33619,8405,76.5,23.5,10199.9,0.3138999938964844,0.0,0.0,1624773.0,0.4291999936103821,26169.0,4972110.0,96.6,1842135,2563.0,18909132.0,63.553,31776,84.12,5% converted — GI 0% / FF 80%
5,0,90,10,0,37821,4203,76.4800033569336,23.52,10183.6,0.3149999976158142,0.0,0.0,1888726.0,0.4300000071525574,29439.9,5593581.0,97.4,1856018,2968.1,21897272.0,71.497,35748,88.79,5% converted — GI 0% / FF 90%
5,0,100,0,0,42024,0,76.44999694824219,23.55,10159.2,0.3160000145435333,0.1,0.0,2139559.0,0.4307999908924103,32711.5,6215185.0,97.9,1865515,3365.4,24828802.0,79.442,39721,93.46,5% converted — GI 0% / FF 100%
5,10,0,90,4202,0,37822,76.56999969482422,23.43,10257.1,0.3068999946117401,-0.0,0.0,58882.0,0.4235000014305115,1869.0,355110.0,90.1,1716697,-276.5,-2040290.0,0.0,0,88.78,5% converted — GI 10% / FF 0%
5,10,10,80,4202,4202,33620,76.55000305175781,23.45,10240.8,0.30799999833106995,0.0,0.0,231165.0,0.4242999851703644,5139.9,976581.0,91.2,1737993,128.7,949386.0,7.943,3971,93.46,5% converted — GI 10% / FF 10%
5,10,20,70,4202,8404,29418,76.5199966430664,23.48,10216.2,0.3089999854564667,0.0,0.0,459252.0,0.4250999987125397,8410.7,1598033.0,92.2,1757431,525.3,3875318.0,15.887,7943,98.13,5% converted — GI 10% / FF 20%
5,10,30,60,4202,12607,25215,76.5,23.5,10199.9,0.3100000023841858,0.0,0.0,692075.0,0.42590001225471497,11682.3,2219637.0,93.2,1777360,921.5,6799108.0,23.832,11916,102.8,5% converted — GI 10% / FF 30%
5,10,40,50,4202,16809,21013,76.4800033569336,23.52,10183.6,0.3109999895095825,0.0,0.0,918275.0,0.42669999599456787,14953.2,2841108.0,94.1,1794246,1316.5,9713084.0,31.776,15888,107.48,5% converted — GI 10% / FF 40%
5,10,50,40,4202,21012,16810,76.44999694824219,23.55,10159.2,0.31200000643730164,0.0,0.0,1161114.0,0.42750000953674316,18224.8,3462712.0,95.0,1811556,1726.3,12736318.0,39.721,19860,112.15,5% converted — GI 10% / FF 50%
5,10,60,30,4202,25214,12608,76.43000030517578,23.57,10142.9,0.31310001015663147,0.0,0.0,1413410.0,0.42829999327659607,21495.6,4084164.0,95.9,1828262,2134.0,15744392.0,47.665,23832,116.82,5% converted — GI 10% / FF 60%
5,10,70,20,4202,29416,8406,76.41000366210938,23.59,10126.7,0.3140999972820282,0.0,0.0,1657363.0,0.42910000681877136,24766.5,4705635.0,96.6,1842135,2532.5,18683984.0,55.608,27804,121.49,5% converted — GI 10% / FF 70%
5,10,80,10,4202,33619,4203,76.37999725341797,23.62,10102.3,0.3151000142097473,0.1,0.0,1922064.0,0.42989999055862427,28038.1,5327239.0,97.4,1856018,2937.7,21673160.0,63.553,31776,126.17,5% converted — GI 10% / FF 80%
5,10,90,0,4202,37821,1,76.36000061035156,23.64,10086.1,0.31619998812675476,0.1,0.0,2173635.0,0.43070000410079956,31308.9,5948691.0,97.9,1865515,3335.0,24604252.0,71.497,35748,130.84,5% converted — GI 10% / FF 90%
5,20,0,80,8404,0,33620,76.44999694824219,23.55,10159.2,0.30809998512268066,0.0,0.0,258965.0,0.42419999837875366,3738.1,710239.0,91.2,1737993,97.5,719497.0,0.0,0,130.84,5% converted — GI 20% / FF 0%
5,20,10,70,8404,4202,29418,76.43000030517578,23.57,10142.9,0.3091000020503998,0.0,0.0,488960.0,0.42500001192092896,7008.9,1331691.0,92.2,1757431,494.1,3645563.0,7.943,3971,135.51,5% converted — GI 20% / FF 10%
5,20,20,60,8404,8404,25216,76.41000366210938,23.59,10126.7,0.3102000057697296,0.0,0.0,722473.0,0.42579999566078186,10279.8,1953162.0,93.2,1777328,890.2,6567988.0,15.887,7943,140.18,5% converted — GI 20% / FF 20%
5,20,30,50,8404,12607,21013,76.37999725341797,23.62,10102.3,0.31119999289512634,0.0,0.0,949354.0,0.42660000920295715,13551.4,2574766.0,94.1,1794246,1285.4,9483599.0,23.832,11916,144.86,5% converted — GI 20% / FF 30%
5,20,40,40,8404,16809,16811,76.36000061035156,23.64,10086.1,0.31220000982284546,0.0,0.0,1192818.0,0.42750000953674316,16822.2,3196218.0,95.0,1811556,1695.0,12505608.0,31.776,15888,149.53,5% converted — GI 20% / FF 40%
5,20,50,30,8404,21012,12608,76.33999633789062,23.66,10069.9,0.3131999969482422,0.0,0.0,1445797.0,0.42829999327659607,20093.8,3817822.0,95.9,1828262,2103.0,15515192.0,39.721,19860,154.2,5% converted — GI 20% / FF 50%
5,20,60,20,8404,25214,8406,76.31999969482422,23.68,10053.7,0.314300000667572,0.0,0.0,1690372.0,0.42910000681877136,23364.7,4439293.0,96.6,1842135,2501.4,18454884.0,47.665,23832,158.88,5% converted — GI 20% / FF 60%
5,20,70,10,8404,29416,4204,76.29000091552734,23.71,10029.5,0.31529998779296875,0.1,0.0,1955673.0,0.42989999055862427,26635.5,5060745.0,97.4,1856018,2906.6,21443964.0,55.608,27804,163.55,5% converted — GI 20% / FF 70%
5,20,80,0,8404,33619,1,76.2699966430664,23.73,10013.3,0.31630000472068787,0.1,0.0,2208152.0,0.43070000410079956,29907.1,5682349.0,97.9,1865515,3304.0,24375436.0,63.553,31776,168.22,5% converted — GI 20% / FF 80%
5,30,0,70,12607,0,29417,76.33999633789062,23.66,10069.9,0.3093000054359436,0.0,0.0,520086.0,0.42500001192092896,5607.6,1065444.0,92.2,1757431,463.7,3420959.0,0.0,0,172.9,5% converted — GI 30% / FF 0%
5,30,10,60,12607,4202,25215,76.31999969482422,23.68,10053.7,0.31029999256134033,0.0,0.0,754364.0,0.42579999566078186,8878.4,1686896.0,93.2,1777360,859.9,6344587.0,7.943,3971,177.57,5% converted — GI 30% / FF 10%
5,30,20,50,12607,8404,21013,76.29000091552734,23.71,10029.5,0.31139999628067017,0.0,0.0,981795.0,0.42660000920295715,12149.3,2308367.0,94.1,1794246,1254.9,9258837.0,15.887,7943,182.25,5% converted — GI 30% / FF 20%
5,30,30,40,12607,12607,16810,76.2699966430664,23.73,10013.3,0.3124000132083893,0.0,0.0,1225818.0,0.42739999294281006,15420.9,2929971.0,95.0,1811556,1664.8,12282339.0,23.832,11916,186.92,5% converted — GI 30% / FF 30%
5,30,40,30,12607,16809,12608,76.25,23.75,9997.2,0.313400000333786,0.0,0.0,1479466.0,0.42820000648498535,18691.7,3551423.0,95.9,1828262,2072.5,15290683.0,31.776,15888,191.59,5% converted — GI 30% / FF 40%
5,30,50,20,12607,21012,8405,76.22000122070312,23.78,9973.1,0.31439998745918274,0.0,0.0,1724763.0,0.42899999022483826,21963.3,4173027.0,96.6,1842135,2471.2,18231438.0,39.721,19860,196.27,5% converted — GI 30% / FF 50%
5,30,60,10,12607,25214,4203,76.19999694824219,23.8,9957.0,0.3154999911785126,0.1,0.0,1990726.0,0.42980000376701355,25234.2,4794498.0,97.4,1856018,2876.3,21219988.0,47.665,23832,200.94,5% converted — GI 30% / FF 60%
5,30,70,0,12607,29416,1,76.18000030517578,23.82,9940.9,0.3165000081062317,0.1,0.0,2243951.0,0.43059998750686646,28505.0,5415950.0,97.9,1865515,3273.6,24151340.0,55.608,27804,205.61,5% converted — GI 30% / FF 70%
5,40,0,60,16809,0,25215,76.22000122070312,23.78,9973.1,0.31049999594688416,0.0,0.0,784946.0,0.42570000886917114,7476.6,1420554.0,93.2,1777360,829.5,6119772.0,0.0,0,214.96,5% converted — GI 40% / FF 0%
5,40,10,50,16809,4202,21013,76.19999694824219,23.8,9957.0,0.31150001287460327,0.0,0.0,1012953.0,0.42649999260902405,10747.5,2042025.0,94.1,1794246,1224.5,9034145.0,7.943,3971,219.63,5% converted — GI 40% / FF 10%
5,40,20,40,16809,8404,16811,76.18000030517578,23.82,9940.9,0.3125,0.0,0.0,1257537.0,0.42730000615119934,14018.3,2663477.0,95.0,1811556,1634.1,12056433.0,15.887,7943,224.3,5% converted — GI 40% / FF 20%
5,40,30,30,16809,12607,12608,76.1500015258789,23.85,9916.8,0.31360000371932983,0.0,0.0,1511857.0,0.42809998989105225,17289.9,3285081.0,95.9,1828262,2042.1,15066274.0,23.832,11916,228.97,5% converted — GI 40% / FF 30%
5,40,40,20,16809,16809,8406,76.12999725341797,23.87,9900.8,0.31459999084472656,0.0,0.0,1757642.0,0.42890000343322754,20560.8,3906552.0,96.6,1842135,2440.6,18006254.0,31.776,15888,233.65,5% converted — GI 40% / FF 40%
5,40,50,10,16809,21012,4203,76.11000061035156,23.89,9884.8,0.3156000077724457,0.1,0.0,2024366.0,0.42969998717308044,23832.4,4528156.0,97.4,1856018,2845.9,20995854.0,39.721,19860,238.32,5% converted — GI 40% / FF 50%
5,40,60,0,16809,25214,1,76.08000183105469,23.92,9860.8,0.3167000114917755,0.1,0.0,2278430.0,0.43050000071525574,27103.2,5149608.0,97.9,1865515,3243.2,23927340.0,47.665,23832,242.99,5% converted — GI 40% / FF 60%
5,50,0,50,21012,0,21012,76.11000061035156,23.89,9884.8,0.3116999864578247,0.0,0.0,1043904.0,0.42649999260902405,9346.1,1775759.0,94.1,1794246,1194.1,8810189.0,0.0,0,257.02,5% converted — GI 50% / FF 0%
5,50,10,40,21012,4202,16810,76.08000183105469,23.92,9860.8,0.3127000033855438,0.0,0.0,1288823.0,0.42730000615119934,12617.0,2397230.0,95.0,1811556,1604.0,11833814.0,7.943,3971,261.69,5% converted — GI 50% / FF 10%
5,50,20,30,21012,8404,12608,76.05999755859375,23.94,9844.9,0.31369999051094055,0.0,0.0,1543776.0,0.42809998989105225,15887.8,3018682.0,95.9,1828262,2011.8,14842433.0,15.887,7943,266.36,5% converted — GI 50% / FF 20%
5,50,30,20,21012,12607,8405,76.04000091552734,23.96,9828.9,0.3147999942302704,0.0,0.0,1790327.0,0.42890000343322754,19159.4,3640286.0,96.6,1842135,2410.4,17783446.0,23.832,11916,271.04,5% converted — GI 50% / FF 30%
5,50,40,10,21012,16809,4203,76.01000213623047,23.99,9805.0,0.3158000111579895,0.1,0.0,2057678.0,0.42969998717308044,22430.3,4261757.0,97.4,1856018,2815.6,20772268.0,31.776,15888,275.71,5% converted — GI 50% / FF 40%
5,50,50,0,21012,21012,0,75.98999786376953,24.01,9789.1,0.31679999828338623,0.1,0.0,2312690.0,0.43050000071525574,25701.9,4883361.0,97.9,1865515,3213.0,23704482.0,39.721,19860,280.38,5% converted — GI 50% / FF 50%
5,60,0,40,25214,0,16810,75.98999786376953,24.01,9789.1,0.31290000677108765,0.0,0.0,1321738.0,0.42719998955726624,11215.2,2130888.0,95.0,1811556,1572.5,11601312.0,0.0,0,299.07,5% converted — GI 60% / FF 0%
5,60,10,30,25214,4202,12608,75.97000122070312,24.03,9773.2,0.3138999938964844,0.0,0.0,1577372.0,0.42800000309944153,14486.0,2752340.0,95.9,1828262,1980.3,14610080.0,7.943,3971,303.75,5% converted — GI 60% / FF 10%
5,60,20,20,25214,8404,8406,75.94999694824219,24.05,9757.3,0.3149000108242035,0.0,0.0,1824469.0,0.42879998683929443,17756.9,3373811.0,96.6,1842135,2378.8,17550318.0,15.887,7943,308.42,5% converted — GI 60% / FF 20%
5,60,30,10,25214,12607,4203,75.91999816894531,24.08,9733.5,0.3160000145435333,0.1,0.0,2092742.0,0.4296000003814697,21028.5,3995415.0,97.4,1856018,2784.1,20540206.0,23.832,11916,313.09,5% converted — GI 60% / FF 30%
5,60,40,0,25214,16809,1,75.9000015258789,24.1,9717.7,0.31700000166893005,0.1,0.0,2348504.0,0.430400013923645,24299.3,4616867.0,97.9,1865515,3181.5,23471956.0,31.776,15888,317.76,5% converted — GI 60% / FF 40%
5,70,0,30,29416,0,12608,75.87999725341797,24.12,9701.9,0.3140999972820282,0.0,0.0,1611706.0,0.4278999865055084,13084.2,2485998.0,95.9,1828262,1948.9,14378705.0,0.0,0,341.13,5% converted — GI 70% / FF 0%
5,70,10,20,29416,4202,8406,75.8499984741211,24.15,9678.2,0.3151000142097473,0.1,0.0,1859463.0,0.42879998683929443,16355.1,3107469.0,96.6,1842135,2347.5,17319088.0,7.943,3971,345.8,5% converted — GI 70% / FF 10%
5,70,20,10,29416,8404,4204,75.83000183105469,24.17,9662.4,0.31610000133514404,0.1,0.0,2128513.0,0.4296000003814697,19625.9,3728921.0,97.4,1856018,2752.7,20308862.0,15.887,7943,350.47,5% converted — GI 70% / FF 20%
5,70,30,0,29416,12607,1,75.80999755859375,24.19,9646.6,0.3172000050544739,0.1,0.0,2385120.0,0.430400013923645,22897.5,4350525.0,97.9,1865515,3150.2,23241004.0,23.832,11916,355.14,5% converted — GI 70% / FF 30%
5,80,0,20,33619,0,8405,75.76000213623047,24.24,9607.3,0.31529998779296875,0.1,0.0,1893318.0,0.4287000000476837,14953.7,2841203.0,96.6,1842135,2316.9,17093846.0,0.0,0,383.19,5% converted — GI 80% / FF 0%
5,80,10,10,33619,4202,4203,75.73999786376953,24.26,9591.6,0.31630000472068787,0.1,0.0,2163154.0,0.429500013589859,18224.6,3462674.0,97.4,1856018,2722.1,20083062.0,7.943,3971,387.86,5% converted — GI 80% / FF 10%
5,80,20,0,33619,8404,1,75.70999908447266,24.29,9568.0,0.3172999918460846,0.1,0.0,2420482.0,0.4302999973297119,21495.4,4084126.0,97.9,1865515,3119.6,23015098.0,15.887,7943,392.53,5% converted — GI 80% / FF 20%
5,90,0,10,37821,0,4203,75.6500015258789,24.35,9521.1,0.3165000081062317,0.1,0.0,2199320.0,0.4293999969959259,16822.8,3196332.0,97.4,1856018,2691.0,19853226.0,0.0,0,425.24,5% converted — GI 90% / FF 0%
5,90,10,0,37821,4202,1,75.62000274658203,24.38,9497.6,0.3174999952316284,0.1,0.0,2457397.0,0.4302000105381012,20093.6,3817784.0,97.9,1865515,3088.4,22785376.0,7.943,3971,429.92,5% converted — GI 90% / FF 10%
5,100,0,0,42024,0,0,75.52999877929688,24.47,9427.5,0.31769999861717224,0.1,0.0,2492741.0,0.4302000105381012,18692.3,3551537.0,97.9,1865515,3058.0,22560452.0,0.0,0,467.31,5% converted — GI 100% / FF 0%
10,0,0,100,0,0,84048,76.83000183105469,23.17,10471.4,0.3043999969959259,-0.0,0.0,0.0,0.4212999939918518,0.0,0.0,88.4,1684405,-1289.2,-9512336.0,0.0,0,93.46,10% converted — GI 0% / FF 0%
10,0,10,90,0,8404,75644,76.79000091552734,23.21,10438.3,0.30640000104904175,-0.0,0.0,42024.0,0.42289999127388,6541.7,1242923.0,90.5,1725469,-480.1,-3542341.0,15.887,7943,102.81,10% converted — GI 0% / FF 10%
10,0,20,80,0,16809,67239,76.73999786376953,23.26,10396.9,0.3084999918937683,0.0,0.0,390408.0,0.4244999885559082,13084.1,2485979.0,92.5,1763222,321.0,2368644.0,31.776,15888,112.15,10% converted — GI 0% / FF 20%
10,0,30,70,0,25214,58834,76.69000244140625,23.31,10355.7,0.31049999594688416,0.0,0.0,846041.0,0.4260999858379364,19626.6,3729054.0,94.4,1800505,1119.1,8256262.0,47.665,23832,121.5,10% converted — GI 0% / FF 30%
10,0,40,60,0,33619,50429,76.6500015258789,23.35,10322.8,0.3125999867916107,0.0,0.0,1331670.0,0.427700012922287,26169.0,4972110.0,96.3,1834837,1927.8,14222966.0,63.553,31776,130.85,10% converted — GI 0% / FF 40%
10,0,50,50,0,42024,42024,76.5999984741211,23.4,10281.7,0.31470000743865967,0.0,0.0,1825168.0,0.4293000102043152,32711.5,6215185.0,97.4,1857486,2740.4,20217918.0,79.442,39721,140.19,10% converted — GI 0% / FF 50%
10,0,60,40,0,50428,33620,76.55999755859375,23.44,10248.9,0.31679999828338623,0.1,0.0,2333620.0,0.4309000074863434,39253.2,7458108.0,98.3,1874471,3538.6,26106268.0,95.329,47664,149.54,10% converted — GI 0% / FF 60%
10,0,70,30,0,58833,25215,76.51000213623047,23.49,10208.1,0.3188999891281128,0.1,0.0,2872866.0,0.4325999915599823,45795.6,8701164.0,98.8,1884169,4327.5,31926308.0,111.218,55609,158.88,10% converted — GI 0% / FF 70%
10,0,80,20,0,67238,16810,76.45999908447266,23.54,10167.3,0.32100000977516174,0.1,0.0,3435330.0,0.4341999888420105,52338.1,9944239.0,99.3,1892111,5128.3,37833580.0,127.107,63553,168.23,10% converted — GI 0% / FF 80%
10,0,90,10,0,75643,8405,76.41999816894531,23.58,10134.8,0.3231000006198883,0.1,0.0,4044754.0,0.4357999861240387,58880.5,11187295.0,99.4,1894832,5930.7,43752100.0,142.996,71498,177.58,10% converted — GI 0% / FF 90%
10,0,100,0,0,84048,0,76.37000274658203,23.63,10094.2,0.325300008058548,0.1,0.0,4677009.0,0.4374000132083893,65423.0,12430370.0,99.5,1896447,6729.2,49642096.0,158.884,79442,186.92,10% converted — GI 0% / FF 100%
10,10,0,90,8404,0,75644,76.5999984741211,23.4,10281.7,0.3068000078201294,-0.0,0.0,69163.0,0.4228000044822693,3738.1,710239.0,90.5,1725469,-542.3,-4001275.0,0.0,0,177.57,10% converted — GI 10% / FF 0%
10,10,10,80,8404,8404,67240,76.55999755859375,23.44,10248.9,0.30880001187324524,0.0,0.0,447873.0,0.4244000017642975,10279.8,1953162.0,92.5,1763222,258.9,1909913.0,15.887,7943,186.91,10% converted — GI 10% / FF 10%
10,10,20,70,8404,16809,58835,76.51000213623047,23.49,10208.1,0.3109000027179718,0.0,0.0,908464.0,0.4259999990463257,16822.2,3196218.0,94.4,1800505,1056.8,7797154.0,31.776,15888,196.26,10% converted — GI 10% / FF 20%
10,10,30,60,8404,25214,50430,76.45999908447266,23.54,10167.3,0.31290000677108765,0.0,0.0,1396680.0,0.4275999963283539,23364.7,4439293.0,96.3,1834837,1865.6,13764189.0,47.665,23832,205.61,10% converted — GI 10% / FF 30%
10,10,40,50,8404,33619,42025,76.41999816894531,23.58,10134.8,0.3149999976158142,0.0,0.0,1892951.0,0.4291999936103821,29907.1,5682349.0,97.4,1857486,2678.5,19761088.0,63.553,31776,214.95,10% converted — GI 10% / FF 40%
10,10,50,40,8404,42024,33620,76.37000274658203,23.63,10094.2,0.31709998846054077,0.1,0.0,2403992.0,0.4307999908924103,36449.6,6925424.0,98.3,1874471,3476.8,25650076.0,79.442,39721,224.3,10% converted — GI 10% / FF 50%
10,10,60,30,8404,50428,25216,76.31999969482422,23.68,10053.7,0.3192000091075897,0.1,0.0,2946697.0,0.4323999881744385,42991.3,8168347.0,98.8,1884169,4265.6,31469162.0,95.329,47664,233.64,10% converted — GI 10% / FF 60%
10,10,70,20,8404,58833,16811,76.27999877929688,23.72,10021.4,0.3212999999523163,0.1,0.0,3512644.0,0.4339999854564667,49533.7,9411403.0,99.3,1892111,5066.5,37377084.0,111.218,55609,242.99,10% converted — GI 10% / FF 70%
10,10,80,10,8404,67238,8406,76.2300033569336,23.77,9981.1,0.32350000739097595,0.1,0.0,4125913.0,0.43560001254081726,56076.2,10654478.0,99.4,1894832,5868.9,43296572.0,127.107,63553,252.34,10% converted — GI 10% / FF 80%
10,10,90,0,8404,75643,1,76.19000244140625,23.81,9948.9,0.3255999982357025,0.1,0.0,4760948.0,0.4372999966144562,62618.6,11897534.0,99.5,1896447,6667.5,49187488.0,142.996,71498,261.68,10% converted — GI 10% / FF 90%
10,20,0,80,16809,0,67239,76.37000274658203,23.63,10094.2,0.3091000020503998,0.0,0.0,507027.0,0.4242999851703644,7476.6,1420554.0,92.5,1763222,197.3,1455816.0,0.0,0,261.69,10% converted — GI 20% / FF 0%
10,20,10,70,16809,8404,58835,76.33000183105469,23.67,10061.8,0.31119999289512634,0.0,0.0,971489.0,0.42590001225471497,14018.3,2663477.0,94.4,1800505,995.3,7343254.0,15.887,7943,271.03,10% converted — GI 20% / FF 10%
10,20,20,60,16809,16809,50430,76.27999877929688,23.72,10021.4,0.3133000135421753,0.0,0.0,1462495.0,0.42750000953674316,20560.8,3906552.0,96.3,1834837,1804.2,13310848.0,31.776,15888,280.38,10% converted — GI 20% / FF 20%
10,20,30,50,16809,25214,42025,76.2300033569336,23.77,9981.1,0.31540000438690186,0.1,0.0,1961645.0,0.42910000681877136,27103.2,5149608.0,97.4,1857486,2617.1,19308302.0,47.665,23832,289.72,10% converted — GI 20% / FF 30%
10,20,40,40,16809,33619,33620,76.19000244140625,23.81,9948.9,0.3174999952316284,0.1,0.0,2475369.0,0.43070000410079956,33645.7,6392683.0,98.3,1874471,3415.5,25197826.0,63.553,31776,299.07,10% converted — GI 20% / FF 40%
10,20,50,30,16809,42024,25215,76.13999938964844,23.86,9908.8,0.319599986076355,0.1,0.0,3021768.0,0.43230000138282776,40188.1,7635739.0,98.8,1884169,4204.5,31018940.0,79.442,39721,308.42,10% converted — GI 20% / FF 50%
10,20,60,20,16809,50428,16811,76.08999633789062,23.91,9868.8,0.32170000672340393,0.1,0.0,3591284.0,0.43389999866485596,46729.8,8878662.0,99.3,1892111,5005.3,36925924.0,95.329,47664,317.76,10% converted — GI 20% / FF 60%
10,20,70,10,16809,58833,8406,76.05000305175781,23.95,9836.9,0.3237999975681305,0.1,0.0,4208279.0,0.43549999594688416,53272.3,10121737.0,99.4,1894832,5807.8,42845976.0,111.218,55609,327.11,10% converted — GI 20% / FF 70%
10,20,80,0,16809,67238,1,76.0,24.0,9797.1,0.32600000500679016,0.1,0.0,4846199.0,0.43709999322891235,59814.7,11364793.0,99.5,1896447,6606.5,48737388.0,127.107,63553,336.45,10% converted — GI 20% / FF 80%
10,30,0,70,25214,0,58834,76.13999938964844,23.86,9908.8,0.31150001287460327,0.0,0.0,1034666.0,0.42579999566078186,11215.2,2130888.0,94.4,1800505,934.1,6891833.0,0.0,0,345.8,10% converted — GI 30% / FF 0%
10,30,10,60,25214,8404,50430,76.08999633789062,23.91,9868.8,0.31360000371932983,0.0,0.0,1528316.0,0.42739999294281006,17756.9,3373811.0,96.3,1834837,1742.9,12858706.0,15.887,7943,355.15,10% converted — GI 30% / FF 10%
10,30,20,50,25214,16809,42025,76.05000305175781,23.95,9836.9,0.3156999945640564,0.1,0.0,2030274.0,0.42899999022483826,24299.3,4616867.0,97.4,1857486,2555.9,18856704.0,31.776,15888,364.49,10% converted — GI 30% / FF 20%
10,30,30,40,25214,25214,33620,76.0,24.0,9797.1,0.31779998540878296,0.1,0.0,2546717.0,0.43059998750686646,30841.8,5859942.0,98.3,1874471,3354.3,24746750.0,47.665,23832,373.84,10% converted — GI 30% / FF 30%
10,30,40,30,25214,33619,25215,75.95999908447266,24.04,9765.3,0.3199000060558319,0.1,0.0,3096537.0,0.43220001459121704,37384.2,7102998.0,98.8,1884169,4143.5,30568404.0,63.553,31776,383.19,10% converted — GI 30% / FF 40%
10,30,50,20,25214,42024,16810,75.91000366210938,24.09,9725.6,0.32199999690055847,0.1,0.0,3669494.0,0.43380001187324524,43926.7,8346073.0,99.3,1892111,4944.5,36477292.0,79.442,39721,392.53,10% converted — GI 30% / FF 50%
10,30,60,10,25214,50428,8406,75.86000061035156,24.14,9686.1,0.32420000433921814,0.1,0.0,4289821.0,0.43540000915527344,50468.3,9588977.0,99.4,1894832,5746.9,42396496.0,95.329,47664,401.88,10% converted — GI 30% / FF 60%
10,30,70,0,25214,58833,1,75.81999969482422,24.18,9654.5,0.3262999951839447,0.1,0.0,4930628.0,0.43700000643730164,57010.8,10832052.0,99.5,1896447,6545.7,48288476.0,111.218,55609,411.23,10% converted — GI 30% / FF 70%
10,40,0,60,33619,0,50429,75.91000366210938,24.09,9725.6,0.3140000104904175,0.0,0.0,1594880.0,0.42719998955726624,14953.7,2841203.0,96.3,1834837,1680.9,12401388.0,0.0,0,429.92,10% converted — GI 40% / FF 0%
10,40,10,50,33619,8404,42025,75.86000061035156,24.14,9686.1,0.3160000145435333,0.1,0.0,2099507.0,0.42879998683929443,21495.4,4084126.0,97.4,1857486,2493.8,18398442.0,15.887,7943,439.27,10% converted — GI 40% / FF 10%
10,40,20,40,33619,16809,33620,75.81999969482422,24.18,9654.5,0.3181000053882599,0.1,0.0,2618980.0,0.43050000071525574,28037.9,5327201.0,98.3,1874471,3292.3,24289060.0,31.776,15888,448.61,10% converted — GI 40% / FF 20%
10,40,30,30,33619,25214,25215,75.7699966430664,24.23,9615.1,0.32030001282691956,0.1,0.0,3172468.0,0.43209999799728394,34580.3,6570257.0,98.8,1884169,4081.5,30111260.0,47.665,23832,457.96,10% converted — GI 40% / FF 30%
10,40,40,20,33619,33619,16810,75.72000122070312,24.28,9575.9,0.3224000036716461,0.1,0.0,3749346.0,0.43369999527931213,41122.8,7813332.0,99.3,1892111,4882.6,36020696.0,63.553,31776,467.3,10% converted — GI 40% / FF 40%
10,40,50,10,33619,42024,8405,75.68000030517578,24.32,9544.5,0.3244999945163727,0.1,0.0,4373156.0,0.43529999256134033,47665.2,9056388.0,99.4,1894832,5685.2,41941392.0,79.442,39721,476.65,10% converted — GI 40% / FF 50%
10,40,60,0,33619,50428,1,75.62999725341797,24.37,9505.4,0.32670000195503235,0.1,0.0,5016703.0,0.43689998984336853,54206.9,10299311.0,99.5,1896447,6483.9,47832960.0,95.329,47664,486.0,10% converted — GI 40% / FF 60%
10,50,0,50,42024,0,42024,75.68000030517578,24.32,9544.5,0.3163999915122986,0.1,0.0,2168154.0,0.4287000000476837,18692.3,3551537.0,97.4,1857486,2431.3,17937518.0,0.0,0,514.04,10% converted — GI 50% / FF 0%
10,50,10,40,42024,8404,33620,75.62999725341797,24.37,9505.4,0.31850001215934753,0.1,0.0,2690670.0,0.4302999973297119,25233.9,4794441.0,98.3,1874471,3229.9,23828580.0,15.887,7943,523.38,10% converted — GI 50% / FF 10%
10,50,20,30,42024,16809,25215,75.58999633789062,24.41,9474.2,0.3206000030040741,0.1,0.0,3247424.0,0.4318999946117401,31776.4,6037516.0,98.8,1884169,4019.2,29651318.0,31.776,15888,532.73,10% converted — GI 50% / FF 20%
10,50,30,20,42024,25214,16810,75.54000091552734,24.46,9435.3,0.32269999384880066,0.1,0.0,3828148.0,0.4334999918937683,38318.9,7280591.0,99.3,1892111,4820.3,35561304.0,47.665,23832,542.08,10% converted — GI 50% / FF 30%
10,50,40,10,42024,33619,8405,75.48999786376953,24.51,9396.5,0.3249000012874603,0.1,0.0,4455105.0,0.4352000057697296,44861.3,8523647.0,99.4,1894832,5623.0,41482532.0,63.553,31776,551.42,10% converted — GI 50% / FF 40%
10,50,50,0,42024,42024,0,75.44999694824219,24.55,9365.5,0.3269999921321869,0.1,0.0,5101452.0,0.4368000030517578,51403.8,9766722.0,99.5,1896447,6421.9,47375244.0,79.442,39721,560.77,10% converted — GI 50% / FF 50%
10,60,0,40,50428,0,33620,75.44999694824219,24.55,9365.5,0.3188000023365021,0.1,0.0,2762761.0,0.4302000105381012,22430.4,4261776.0,98.3,1874471,3168.5,23375720.0,0.0,0,598.14,10% converted — GI 60% / FF 0%
10,60,10,30,50428,8404,25216,75.4000015258789,24.6,9326.9,0.32089999318122864,0.1,0.0,3322756.0,0.4318000078201294,28972.0,5504680.0,98.8,1884169,3957.6,29197496.0,15.887,7943,607.49,10% converted — GI 60% / FF 10%
10,60,20,20,50428,16809,16811,75.3499984741211,24.65,9288.4,0.3231000006198883,0.1,0.0,3907507.0,0.4334000051021576,35514.5,6747755.0,99.3,1892111,4758.9,35108140.0,31.776,15888,616.84,10% converted — GI 60% / FF 20%
10,60,30,10,50428,25214,8406,75.30999755859375,24.69,9257.6,0.32519999146461487,0.1,0.0,4537234.0,0.4350000023841858,42057.0,7990830.0,99.4,1894832,5561.7,41030372.0,47.665,23832,626.18,10% converted — GI 60% / FF 30%
10,60,40,0,50428,33619,1,75.26000213623047,24.74,9219.2,0.32739999890327454,0.1,0.0,5186360.0,0.436599999666214,48599.4,9233886.0,99.5,1896447,6360.7,46923924.0,63.553,31776,635.53,10% converted — GI 60% / FF 40%
10,70,0,30,58833,0,25215,75.22000122070312,24.78,9188.6,0.3212999999523163,0.1,0.0,3399695.0,0.4316999912261963,26168.9,4972091.0,98.8,1884169,3897.2,28751322.0,0.0,0,682.26,10% converted — GI 70% / FF 0%
10,70,10,20,58833,8404,16811,75.16999816894531,24.83,9150.4,0.32339999079704285,0.1,0.0,3988634.0,0.4332999885082245,32710.6,6215014.0,99.3,1892111,4698.3,34661024.0,15.887,7943,691.61,10% converted — GI 70% / FF 10%
10,70,20,10,58833,16809,8406,75.12000274658203,24.88,9112.4,0.3255999982357025,0.1,0.0,4620978.0,0.4348999857902527,39253.0,7458070.0,99.4,1894832,5501.2,40583776.0,31.776,15888,700.95,10% converted — GI 70% / FF 20%
10,70,30,0,58833,25214,1,75.08000183105469,24.92,9082.0,0.3276999890804291,0.1,0.0,5272905.0,0.43650001287460327,45795.5,8701145.0,99.5,1896447,6300.2,46477912.0,47.665,23832,710.3,10% converted — GI 70% / FF 30%
10,80,0,20,67238,0,16810,74.98999786376953,25.01,9013.8,0.3237999975681305,0.1,0.0,4070158.0,0.43320000171661377,29907.5,5682425.0,99.3,1892111,4636.8,34207984.0,0.0,0,766.38,10% converted — GI 80% / FF 0%
10,80,10,10,67238,8404,8406,74.94000244140625,25.06,8976.1,0.32589998841285706,0.1,0.0,4705080.0,0.43479999899864197,36449.1,6925329.0,99.4,1894832,5439.6,40129896.0,15.887,7943,775.72,10% converted — GI 80% / FF 10%
10,80,20,0,67238,16809,1,74.88999938964844,25.11,8938.4,0.3280999958515167,0.1,0.0,5360144.0,0.43639999628067017,42991.6,8168404.0,99.5,1896447,6238.8,46024604.0,31.776,15888,785.07,10% converted — GI 80% / FF 20%
10,90,0,10,75643,0,8405,74.75,25.25,8833.5,0.3262999951839447,0.1,0.0,4790960.0,0.43470001220703125,33646.0,6392740.0,99.4,1894832,5378.0,39675508.0,0.0,0,850.5,10% converted — GI 90% / FF 0%
10,90,10,0,75643,8404,1,74.70999908447266,25.29,8803.7,0.32839998602867126,0.1,0.0,5449045.0,0.43630000948905945,40187.7,7635663.0,99.5,1896447,6177.1,45569856.0,15.887,7943,859.84,10% converted — GI 90% / FF 10%
10,100,0,0,84048,0,0,74.5199966430664,25.48,8662.9,0.3287999927997589,0.1,0.0,5538522.0,0.4361000061035156,37384.6,7103074.0,99.5,1896447,6115.7,45117252.0,0.0,0,934.61,10% converted — GI 100% / FF 0%
15,0,0,100,0,0,126073,76.9800033569336,23.02,10596.3,0.30300000309944153,-0.0,0.0,0.0,0.4198000133037567,0.0,0.0,87.6,1670674,-1942.2,-14330083.0,0.0,0,140.19,15% converted — GI 0% / FF 0%
15,0,10,90,0,12607,113466,76.91000366210938,23.09,10537.9,0.3061000108718872,-0.0,0.0,59980.0,0.4223000109195709,9813.3,1864527.0,90.8,1731401,-726.5,-5360080.0,23.832,11916,154.21,15% converted — GI 0% / FF 10%
15,0,20,80,0,25214,100859,76.83999633789062,23.16,10479.7,0.3091999888420105,0.0,0.0,574738.0,0.424699991941452,19626.6,3729054.0,93.7,1786373,472.0,3482530.0,47.665,23832,168.23,15% converted — GI 0% / FF 20%
15,0,30,70,0,37821,88252,76.7699966430664,23.23,10421.7,0.3122999966144562,0.0,0.0,1275884.0,0.4271000027656555,29439.9,5593581.0,96.3,1835501,1678.9,12386455.0,71.497,35748,182.25,15% converted — GI 0% / FF 30%
15,0,40,60,0,50429,75644,76.69999694824219,23.3,10363.9,0.3154999911785126,0.1,0.0,2029903.0,0.429500013589859,39253.9,7458241.0,97.8,1865161,2877.3,21227376.0,95.331,47665,196.27,15% converted — GI 0% / FF 40%
15,0,50,50,0,63036,63037,76.63999938964844,23.36,10314.6,0.31859999895095825,0.1,0.0,2835182.0,0.4318999946117401,49067.2,9322768.0,98.8,1883443,4070.5,30029826.0,119.163,59581,210.29,15% converted — GI 0% / FF 50%
15,0,60,40,0,75643,50430,76.56999969482422,23.43,10257.1,0.32179999351501465,0.1,0.0,3696441.0,0.4343000054359436,58880.5,11187295.0,99.2,1891439,5273.2,38902436.0,142.996,71498,224.31,15% converted — GI 0% / FF 60%
15,0,70,30,0,88251,37822,76.5,23.5,10199.9,0.32510000467300415,0.1,0.0,4593334.0,0.4366999864578247,68694.6,13051974.0,99.4,1895729,6475.2,47768316.0,166.83,83415,238.33,15% converted — GI 0% / FF 70%
15,0,80,20,0,100858,25215,76.43000030517578,23.57,10142.9,0.32829999923706055,0.1,0.0,5556174.0,0.4390999972820282,78507.9,14916501.0,99.6,1898015,7661.5,56519200.0,190.662,95331,252.35,15% converted — GI 0% / FF 80%
15,0,90,10,0,113465,12608,76.36000061035156,23.64,10086.1,0.33160001039505005,0.2,0.0,6571776.0,0.4415000081062317,88321.2,16781028.0,99.6,1899336,8862.2,65375228.0,214.494,107247,266.37,15% converted — GI 0% / FF 90%
15,0,100,0,0,126073,0,76.29000091552734,23.71,10029.5,0.33489999175071716,0.2,0.0,7638345.0,0.4440000057220459,98135.2,18645688.0,99.7,1900733,10051.5,74146792.0,238.328,119164,280.39,15% converted — GI 0% / FF 100%
15,10,0,90,12607,0,113466,76.63999938964844,23.36,10314.6,0.30660000443458557,-0.0,0.0,100149.0,0.4221000075340271,5607.6,1065444.0,90.8,1731401,-819.9,-6049442.0,0.0,0,266.36,15% converted — GI 10% / FF 0%
15,10,10,80,12607,12607,100859,76.56999969482422,23.43,10257.1,0.30970001220703125,0.0,0.0,663912.0,0.4244999885559082,15420.9,2929971.0,93.7,1786373,378.8,2794401.0,23.832,11916,280.38,15% converted — GI 10% / FF 10%
15,10,20,70,12607,25214,88252,76.5,23.5,10199.9,0.31279999017715454,0.0,0.0,1373135.0,0.4268999993801117,25234.2,4794498.0,96.3,1835501,1585.8,11699565.0,47.665,23832,294.4,15% converted — GI 10% / FF 20%
15,10,30,60,12607,37821,75645,76.43000030517578,23.57,10142.9,0.3160000145435333,0.1,0.0,2133220.0,0.4293000102043152,35047.5,6659025.0,97.8,1865161,2784.3,20541404.0,71.497,35748,308.42,15% converted — GI 10% / FF 30%
15,10,40,50,12607,50429,63037,76.36000061035156,23.64,10086.1,0.3190999925136566,0.1,0.0,2945793.0,0.4316999912261963,44861.5,8523685.0,98.8,1883443,3977.7,29345374.0,95.331,47665,322.44,15% converted — GI 10% / FF 40%
15,10,50,40,12607,63036,50430,76.29000091552734,23.71,10029.5,0.3224000036716461,0.1,0.0,3815291.0,0.4341000020503998,54674.8,10388212.0,99.2,1891439,5180.6,38219252.0,119.163,59581,336.46,15% converted — GI 10% / FF 50%
15,10,60,30,12607,75643,37823,76.22000122070312,23.78,9973.1,0.3255999982357025,0.1,0.0,4718601.0,0.43650001287460327,64488.1,12252739.0,99.4,1895729,6382.7,47086004.0,142.996,71498,350.48,15% converted — GI 10% / FF 60%
15,10,70,20,12607,88251,25215,76.1500015258789,23.85,9916.8,0.3287999927997589,0.1,0.0,5687712.0,0.4388999938964844,74302.2,14117418.0,99.6,1898015,7569.2,55838432.0,166.83,83415,364.5,15% converted — GI 10% / FF 70%
15,10,80,10,12607,100858,12608,76.08000183105469,23.92,9860.8,0.3321000039577484,0.2,0.0,6709366.0,0.4413999915122986,84115.5,15981945.0,99.6,1899336,8770.1,64695692.0,190.662,95331,378.52,15% converted — GI 10% / FF 80%
15,10,90,0,12607,113465,1,76.01000213623047,23.99,9805.0,0.3353999853134155,0.2,0.0,7781307.0,0.4438000023365021,93928.7,17846453.0,99.7,1900733,9959.5,73467968.0,214.494,107247,392.54,15% converted — GI 10% / FF 90%
15,20,0,80,25214,0,100859,76.29000091552734,23.71,10029.5,0.3102000057697296,0.0,0.0,753622.0,0.4242999851703644,11215.2,2130888.0,93.7,1786373,286.6,2114731.0,0.0,0,392.53,15% converted — GI 20% / FF 0%
15,20,10,70,25214,12607,88252,76.22000122070312,23.78,9973.1,0.3133000135421753,0.0,0.0,1470650.0,0.42669999599456787,21028.5,3995415.0,96.3,1835501,1493.8,11021097.0,23.832,11916,406.55,15% converted — GI 20% / FF 10%
15,20,20,60,25214,25214,75645,76.1500015258789,23.85,9916.8,0.3165000081062317,0.1,0.0,2236830.0,0.42910000681877136,30841.8,5859942.0,97.8,1865161,2692.5,19864156.0,47.665,23832,420.57,15% converted — GI 20% / FF 20%
15,20,30,50,25214,37821,63038,76.08000183105469,23.92,9860.8,0.3197000026702881,0.1,0.0,3056705.0,0.43149998784065247,40655.1,7724469.0,98.8,1883443,3886.0,28669194.0,71.497,35748,434.59,15% converted — GI 20% / FF 30%
15,20,40,40,25214,50429,50430,76.01000213623047,23.99,9805.0,0.3228999972343445,0.1,0.0,3934632.0,0.43389999866485596,50469.1,9589129.0,99.2,1891439,5089.1,37544416.0,95.331,47665,448.61,15% converted — GI 20% / FF 40%
15,20,50,30,25214,63036,37823,75.94000244140625,24.06,9749.4,0.3260999917984009,0.1,0.0,4844370.0,0.43639999628067017,60282.4,11453656.0,99.4,1895729,6291.3,46412412.0,119.163,59581,462.63,15% converted — GI 20% / FF 50%
15,20,60,20,25214,75643,25216,75.87000274658203,24.13,9694.0,0.3294000029563904,0.1,0.0,5819353.0,0.43880000710487366,70095.7,13318183.0,99.6,1898015,7477.9,55164576.0,142.996,71498,476.65,15% converted — GI 20% / FF 60%
15,20,70,10,25214,88251,12608,75.80000305175781,24.2,9638.7,0.3325999975204468,0.2,0.0,6847066.0,0.44119998812675476,79909.8,15182862.0,99.6,1899336,8679.1,64024488.0,166.83,83415,490.67,15% converted — GI 20% / FF 70%
15,20,80,0,25214,100858,1,75.7300033569336,24.27,9583.7,0.3359000086784363,0.2,0.0,7924476.0,0.44359999895095825,89723.1,17047389.0,99.7,1900733,9868.6,72798000.0,190.662,95331,504.69,15% converted — GI 20% / FF 80%
15,30,0,70,37821,0,88252,75.94000244140625,24.06,9749.4,0.31380000710487366,0.0,0.0,1570025.0,0.42649999260902405,16822.8,3196332.0,96.3,1835501,1401.0,10336626.0,0.0,0,518.71,15% converted — GI 30% / FF 0%
15,30,10,60,37821,12607,75645,75.87000274658203,24.13,9694.0,0.31700000166893005,0.1,0.0,2342326.0,0.42890000343322754,26636.1,5060859.0,97.8,1865161,2599.9,19180894.0,23.832,11916,532.72,15% converted — GI 30% / FF 10%
15,30,20,50,37821,25214,63038,75.80000305175781,24.2,9638.7,0.32019999623298645,0.1,0.0,3169775.0,0.43130001425743103,36449.4,6925386.0,98.8,1883443,3793.6,27987162.0,47.665,23832,546.74,15% converted — GI 30% / FF 20%
15,30,30,40,37821,37821,50431,75.7300033569336,24.27,9583.7,0.32339999079704285,0.1,0.0,4055889.0,0.43380001187324524,46262.6,8789894.0,99.2,1891439,4996.8,36863600.0,71.497,35748,560.76,15% converted — GI 30% / FF 30%
15,30,40,30,37821,50429,37823,75.66000366210938,24.34,9528.9,0.32659998536109924,0.1,0.0,4971980.0,0.43619999289512634,56076.7,10654573.0,99.4,1895729,6199.2,45732804.0,95.331,47665,574.78,15% converted — GI 30% / FF 40%
15,30,50,20,37821,63036,25216,75.58999633789062,24.41,9474.2,0.32989999651908875,0.1,0.0,5953141.0,0.43860000371932983,65890.0,12519100.0,99.6,1898015,7385.9,54486164.0,119.163,59581,588.8,15% converted — GI 30% / FF 50%
15,30,60,10,37821,75643,12609,75.5199966430664,24.48,9419.8,0.33320000767707825,0.2,0.0,6986796.0,0.4410000145435333,75703.3,14383627.0,99.6,1899336,8587.2,63346540.0,142.996,71498,602.82,15% converted — GI 30% / FF 60%
15,30,70,0,37821,88251,1,75.44999694824219,24.55,9365.5,0.33649998903274536,0.2,0.0,8069974.0,0.44339999556541443,85517.4,16248306.0,99.7,1900733,9777.0,72122032.0,166.83,83415,616.84,15% converted — GI 30% / FF 70%
15,40,0,60,50429,0,75644,75.5999984741211,24.4,9482.0,0.3174999952316284,0.1,0.0,2449455.0,0.4287000000476837,22430.8,4261852.0,97.8,1865161,2507.8,18501474.0,0.0,0,644.89,15% converted — GI 40% / FF 0%
15,40,10,50,50429,12607,63037,75.52999877929688,24.47,9427.5,0.3206999897956848,0.1,0.0,3284448.0,0.4311999976634979,32244.1,6126379.0,98.8,1883443,3701.6,27308794.0,23.832,11916,658.91,15% converted — GI 40% / FF 10%
15,40,20,40,50429,25214,50430,75.45999908447266,24.54,9373.3,0.3239000141620636,0.1,0.0,4178584.0,0.4336000084877014,42057.4,7990906.0,99.2,1891439,4905.0,36186356.0,47.665,23832,672.92,15% converted — GI 40% / FF 20%
15,40,30,30,50429,37821,37823,75.38999938964844,24.61,9319.2,0.3271999955177307,0.1,0.0,5100802.0,0.4359999895095825,51870.7,9855433.0,99.4,1895729,6107.5,45056756.0,71.497,35748,686.94,15% converted — GI 40% / FF 30%
15,40,40,20,50429,50429,25215,75.31999969482422,24.68,9265.3,0.3303999900817871,0.1,0.0,6088043.0,0.438400000333786,61684.8,11720112.0,99.6,1898015,7294.6,53812788.0,95.331,47665,700.96,15% converted — GI 40% / FF 40%
15,40,50,10,50429,63036,12608,75.25,24.75,9211.6,0.3337000012397766,0.2,0.0,7127673.0,0.4408000111579895,71498.0,13584620.0,99.6,1899336,8495.9,62673692.0,119.163,59581,714.98,15% converted — GI 40% / FF 50%
15,40,60,0,50429,75643,1,75.18000030517578,24.82,9158.1,0.3370000123977661,0.2,0.0,8215890.0,0.4431999921798706,81311.3,15449147.0,99.7,1900733,9685.8,71449624.0,142.996,71498,729.0,15% converted — GI 40% / FF 60%
15,50,0,50,63036,0,63037,75.25,24.75,9211.6,0.32120001316070557,0.1,0.0,3400758.0,0.4309999942779541,28038.4,5327296.0,98.8,1883443,3609.9,26631940.0,0.0,0,771.06,15% converted — GI 50% / FF 0%
15,50,10,40,63036,12607,50430,75.18000030517578,24.82,9158.1,0.3244999945163727,0.1,0.0,4302807.0,0.4334000051021576,37851.7,7191823.0,99.2,1891439,4813.4,35510704.0,23.832,11916,785.08,15% converted — GI 50% / FF 10%
15,50,20,30,63036,25214,37823,75.11000061035156,24.89,9104.8,0.3276999890804291,0.1,0.0,5230944.0,0.4357999861240387,47665.0,9056350.0,99.4,1895729,6016.1,44382324.0,47.665,23832,799.1,15% converted — GI 50% / FF 20%
15,50,30,20,63036,37821,25216,75.04000091552734,24.96,9051.6,0.3310000002384186,0.2,0.0,6224140.0,0.4381999969482422,57478.3,10920877.0,99.6,1898015,7203.1,53138068.0,71.497,35748,813.11,15% converted — GI 50% / FF 30%
15,50,40,10,63036,50429,12608,74.97000122070312,25.03,8998.7,0.3343000113964081,0.2,0.0,7269881.0,0.4406000077724457,67292.3,12785537.0,99.6,1899336,8404.8,62001704.0,95.331,47665,827.13,15% converted — GI 50% / FF 40%
15,50,50,0,63036,63036,1,74.9000015258789,25.1,8945.9,0.3375999927520752,0.2,0.0,8363452.0,0.4429999887943268,77105.6,14650064.0,99.7,1900733,9594.8,70778816.0,119.163,59581,841.15,15% converted — GI 50% / FF 50%
15,60,0,40,75643,0,50430,74.9000015258789,25.1,8945.9,0.32499998807907104,0.1,0.0,4427106.0,0.43320000171661377,33646.0,6392740.0,99.2,1891439,4720.9,34828348.0,0.0,0,897.23,15% converted — GI 60% / FF 0%
15,60,10,30,75643,12607,37823,74.83000183105469,25.17,8893.4,0.32820001244544983,0.1,0.0,5360924.0,0.43560001254081726,43459.3,8257267.0,99.4,1895729,5923.8,43701200.0,23.832,11916,911.25,15% converted — GI 60% / FF 10%
15,60,20,20,75643,25214,25216,74.76000213623047,25.24,8841.0,0.33149999380111694,0.2,0.0,6360328.0,0.43799999356269836,53272.6,10121794.0,99.6,1898015,7111.0,52458160.0,47.665,23832,925.27,15% converted — GI 60% / FF 20%
15,60,30,10,75643,37821,12609,74.69000244140625,25.31,8788.8,0.33480000495910645,0.2,0.0,7411987.0,0.44040000438690186,63085.9,11986321.0,99.6,1899336,8312.7,61322220.0,71.497,35748,939.29,15% converted — GI 60% / FF 30%
15,60,40,0,75643,50429,1,74.62000274658203,25.38,8736.8,0.33809998631477356,0.2,0.0,8510840.0,0.44279998540878296,72899.9,13850981.0,99.7,1900733,9503.0,70101304.0,95.331,47665,953.31,15% converted — GI 60% / FF 40%
15,70,0,30,88251,0,37822,74.55999755859375,25.44,8692.4,0.3287999927997589,0.1,0.0,5490491.0,0.43540000915527344,39254.0,7458260.0,99.4,1895729,5831.4,43019560.0,0.0,0,1023.41,15% converted — GI 70% / FF 0%
15,70,10,20,88251,12607,25215,74.48999786376953,25.51,8640.8,0.3321000039577484,0.2,0.0,6495598.0,0.43779999017715454,49067.3,9322787.0,99.6,1898015,7018.9,51778944.0,23.832,11916,1037.43,15% converted — GI 70% / FF 10%
15,70,20,10,88251,25214,12608,74.41999816894531,25.58,8589.3,0.3353999853134155,0.2,0.0,7553154.0,0.44020000100135803,58880.6,11187314.0,99.6,1899336,8220.7,60643520.0,47.665,23832,1051.45,15% converted — GI 70% / FF 20%
15,70,30,0,88251,37821,1,74.3499984741211,25.65,8538.0,0.33869999647140503,0.2,0.0,8657049.0,0.44269999861717224,68693.9,13051841.0,99.7,1900733,9411.0,69423040.0,71.497,35748,1065.47,15% converted — GI 70% / FF 30%
15,80,0,20,100858,0,25215,74.20999908447266,25.79,8436.0,0.3325999975204468,0.2,0.0,6633238.0,0.4375999867916107,44861.6,8523704.0,99.6,1898015,6927.6,51105752.0,0.0,0,1149.58,15% converted — GI 80% / FF 0%
15,80,10,10,100858,12607,12608,74.13999938964844,25.86,8385.3,0.3359000086784363,0.2,0.0,7696496.0,0.4401000142097473,54674.9,10388231.0,99.6,1899336,8129.6,59971536.0,23.832,11916,1163.6,15% converted — GI 80% / FF 10%
15,80,20,0,100858,25214,1,74.06999969482422,25.93,8334.8,0.3391999900341034,0.2,0.0,8805394.0,0.4424999952316284,64488.2,12252758.0,99.7,1900733,9320.1,68752272.0,47.665,23832,1177.62,15% converted — GI 80% / FF 20%
15,90,0,10,113465,0,12608,73.86000061035156,26.14,8184.2,0.33640000224113464,0.2,0.0,7843180.0,0.4399000108242035,50469.2,9589148.0,99.6,1899336,8037.2,59290180.0,0.0,0,1275.75,15% converted — GI 90% / FF 0%
15,90,10,0,113465,12607,1,73.79000091552734,26.21,8134.4,0.33980000019073486,0.2,0.0,8957692.0,0.4422999918460846,60282.5,11453675.0,99.7,1900733,9227.9,68072120.0,23.832,11916,1289.77,15% converted — GI 90% / FF 10%
15,100,0,0,126073,0,0,73.5199966430664,26.48,7944.0,0.3402999937534332,0.2,0.0,9110606.0,0.44209998846054077,56077.3,10654687.0,99.7,1900733,9136.4,67397728.0,0.0,0,1401.93,15% converted — GI 100% / FF 0%
20,0,0,100,0,0,168097,77.12999725341797,22.87,10722.2,0.30160000920295715,-0.0,0.0,0.0,0.41839998960494995,0.0,0.0,86.9,1655726,-2594.2,-19141070.0,0.0,0,186.92,20% converted — GI 0% / FF 0%
20,0,10,90,0,16809,151288,77.04000091552734,22.96,10646.6,0.30570000410079956,-0.0,0.0,69048.0,0.42160001397132874,13084.1,2485979.0,91.6,1746920,-967.9,-7141528.0,31.776,15888,205.62,20% converted — GI 0% / FF 10%
20,0,20,80,0,33619,134478,76.94999694824219,23.05,10571.3,0.3098999857902527,0.0,0.0,764198.0,0.42480000853538513,26169.0,4972110.0,95.6,1821607,631.0,4655617.0,63.553,31776,224.31,20% converted — GI 0% / FF 20%
20,0,30,70,0,50429,117668,76.8499984741211,23.15,10488.0,0.3140999972820282,0.0,0.0,1742178.0,0.42800000309944153,39253.9,7458241.0,97.8,1864385,2234.5,16485505.0,95.331,47665,243.0,20% converted — GI 0% / FF 30%
20,0,40,60,0,67238,100859,76.76000213623047,23.24,10413.5,0.31839999556541443,0.1,0.0,2794824.0,0.4311999976634979,52338.1,9944239.0,98.9,1885760,3836.6,28304368.0,127.107,63553,261.69,20% converted — GI 0% / FF 40%
20,0,50,50,0,84048,84049,76.66999816894531,23.33,10339.2,0.32269999384880066,0.1,0.0,3951211.0,0.4345000088214874,65423.0,12430370.0,99.4,1894873,5428.8,40049904.0,158.884,79442,280.39,20% converted — GI 0% / FF 50%
20,0,60,40,0,100858,67239,76.58000183105469,23.42,10265.3,0.3269999921321869,0.1,0.0,5210056.0,0.4377000033855438,78507.9,14916501.0,99.5,1897632,7023.5,51812772.0,190.662,95331,299.08,20% converted — GI 0% / FF 60%
20,0,70,30,0,117667,50430,76.4800033569336,23.52,10183.6,0.3314000070095062,0.2,0.0,6546286.0,0.4408999979496002,91592.0,17402480.0,99.6,1899198,8614.4,63547568.0,222.438,111219,317.77,20% converted — GI 0% / FF 70%
20,0,80,20,0,134477,33620,76.38999938964844,23.61,10110.4,0.3357999920845032,0.2,0.0,7936644.0,0.4440999925136566,104676.9,19888611.0,99.7,1901481,10209.8,75313968.0,254.215,127107,336.46,20% converted — GI 0% / FF 80%
20,0,90,10,0,151287,16810,76.30000305175781,23.7,10037.6,0.3402999937534332,0.2,0.0,9411119.0,0.447299987077713,117761.8,22374742.0,99.9,1904175,11784.1,86924896.0,285.993,142996,355.16,20% converted — GI 0% / FF 90%
20,0,100,0,0,168097,0,76.19999694824219,23.8,9957.0,0.3447999954223633,0.2,0.0,10973794.0,0.4505000114440918,130846.7,24860873.0,99.9,1905121,13369.4,98616056.0,317.771,158885,373.85,20% converted — GI 0% / FF 100%
20,10,0,90,16809,0,151288,76.66999816894531,23.33,10339.2,0.30630001425743103,-0.0,0.0,119318.0,0.4214000105857849,7476.6,1420554.0,91.6,1746920,-1092.9,-8063457.0,0.0,0,355.15,20% converted — GI 10% / FF 0%
20,10,10,80,16809,16809,134479,76.58000183105469,23.42,10265.3,0.31049999594688416,0.0,0.0,886337.0,0.4246000051498413,20560.8,3906552.0,95.6,1821607,506.3,3735449.0,31.776,15888,373.84,20% converted — GI 10% / FF 10%
20,10,20,70,16809,33619,117669,76.4800033569336,23.52,10183.6,0.3147999942302704,0.0,0.0,1878533.0,0.4277999997138977,33645.7,6392683.0,97.8,1864385,2110.1,15567682.0,63.553,31776,392.53,20% converted — GI 10% / FF 20%
20,10,30,60,16809,50429,100859,76.38999938964844,23.61,10110.4,0.3190999925136566,0.1,0.0,2943932.0,0.4309999942779541,46730.6,8878814.0,98.9,1885760,3712.5,27389008.0,95.331,47665,411.23,20% converted — GI 10% / FF 30%
20,10,40,50,16809,67238,84050,76.30000305175781,23.7,10037.6,0.32339999079704285,0.1,0.0,4114325.0,0.4341999888420105,59814.7,11364793.0,99.4,1894873,5304.9,39135948.0,127.107,63553,429.92,20% converted — GI 10% / FF 40%
20,10,50,40,16809,84048,67240,76.20999908447266,23.79,9965.0,0.3276999890804291,0.1,0.0,5385097.0,0.4374000132083893,72899.6,13850924.0,99.5,1897632,6899.9,50901436.0,158.884,79442,448.61,20% converted — GI 10% / FF 50%
20,10,60,30,16809,100858,50430,76.11000061035156,23.89,9884.8,0.3321000039577484,0.2,0.0,6732616.0,0.4406000077724457,85984.5,16337055.0,99.6,1899198,8491.2,62638740.0,190.662,95331,467.3,20% converted — GI 10% / FF 60%
20,10,70,20,16809,117667,33621,76.0199966430664,23.98,9813.0,0.33660000562667847,0.2,0.0,8132225.0,0.4438999891281128,99068.6,18823034.0,99.7,1901481,10086.7,74406680.0,222.438,111219,485.99,20% converted — GI 10% / FF 70%
20,10,80,10,16809,134477,16811,75.93000030517578,24.07,9741.5,0.3409999907016754,0.2,0.0,9615260.0,0.4471000134944916,112153.5,21309165.0,99.9,1904175,11661.3,86019024.0,254.215,127107,504.69,20% converted — GI 10% / FF 80%
20,10,90,0,16809,151287,1,75.83000183105469,24.17,9662.4,0.34549999237060547,0.2,0.0,11188360.0,0.450300008058548,125238.4,23795296.0,99.9,1905121,13247.0,97713104.0,285.993,142996,523.38,20% converted — GI 10% / FF 90%
20,20,0,80,33619,0,134478,76.20999908447266,23.79,9965.0,0.31119999289512634,0.0,0.0,1012358.0,0.4242999851703644,14953.7,2841203.0,95.6,1821607,383.5,2829315.0,0.0,0,523.38,20% converted — GI 20% / FF 0%
20,20,10,70,33619,16809,117669,76.11000061035156,23.89,9884.8,0.3154999911785126,0.1,0.0,2017152.0,0.42750000953674316,28037.9,5327201.0,97.8,1864385,1987.5,14663298.0,31.776,15888,542.07,20% converted — GI 20% / FF 10%
20,20,20,60,33619,33619,100859,76.0199966430664,23.98,9813.0,0.3197000026702881,0.1,0.0,3095524.0,0.4307999908924103,41122.8,7813332.0,98.9,1885760,3590.2,26486798.0,63.553,31776,560.77,20% converted — GI 20% / FF 20%
20,20,30,50,33619,50429,84049,75.93000030517578,24.07,9741.5,0.32409998774528503,0.1,0.0,4279902.0,0.4339999854564667,54207.7,10299463.0,99.4,1894873,5183.0,38236648.0,95.331,47665,579.46,20% converted — GI 20% / FF 30%
20,20,40,40,33619,67238,67240,75.83999633789062,24.16,9670.3,0.32839998602867126,0.1,0.0,5561585.0,0.43720000982284546,67291.8,12785442.0,99.5,1897632,6778.2,50003496.0,127.107,63553,598.15,20% converted — GI 20% / FF 40%
20,20,50,30,33619,84048,50430,75.73999786376953,24.26,9591.6,0.3328999876976013,0.2,0.0,6920076.0,0.44040000438690186,80376.7,15271573.0,99.6,1899198,8369.8,61742940.0,158.884,79442,616.84,20% converted — GI 20% / FF 50%
20,20,60,20,33619,100858,33620,75.6500015258789,24.35,9521.1,0.33730000257492065,0.2,0.0,8328667.0,0.44359999895095825,93461.6,17757704.0,99.7,1901481,9965.7,73513720.0,190.662,95331,635.54,20% converted — GI 20% / FF 60%
20,20,70,10,33619,117667,16811,75.55999755859375,24.44,9450.9,0.3418000042438507,0.2,0.0,9820459.0,0.44679999351501465,106545.7,20243683.0,99.9,1904175,11540.4,85127600.0,222.438,111219,654.23,20% converted — GI 20% / FF 70%
20,20,80,0,33619,134477,1,75.45999908447266,24.54,9373.3,0.34619998931884766,0.2,0.0,11403644.0,0.44999998807907104,119630.6,22729814.0,99.9,1905121,13126.4,96823752.0,254.215,127107,672.92,20% converted — GI 20% / FF 80%
20,30,0,70,50429,0,117668,75.73999786376953,24.26,9591.6,0.31610000133514404,0.1,0.0,2157358.0,0.42730000615119934,22430.8,4261852.0,97.8,1864385,1864.3,13754331.0,0.0,0,691.62,20% converted — GI 30% / FF 0%
20,30,10,60,50429,16809,100859,75.6500015258789,24.35,9521.1,0.3203999996185303,0.1,0.0,3248896.0,0.43050000071525574,35514.9,6747831.0,98.9,1885760,3467.2,25579744.0,31.776,15888,710.31,20% converted — GI 30% / FF 10%
20,30,20,50,50429,33619,84049,75.55999755859375,24.44,9450.9,0.3248000144958496,0.1,0.0,4447077.0,0.43369999527931213,48599.8,9233962.0,99.4,1894873,5060.3,37331744.0,63.553,31776,729.0,20% converted — GI 30% / FF 20%
20,30,30,40,50429,50429,67239,75.47000122070312,24.53,9381.0,0.32919999957084656,0.1,0.0,5739914.0,0.43689998984336853,61684.8,11720112.0,99.5,1897632,6655.8,49101092.0,95.331,47665,747.69,20% converted — GI 30% / FF 30%
20,30,40,30,50429,67238,50430,75.37000274658203,24.63,9303.8,0.3336000144481659,0.2,0.0,7109146.0,0.4401000142097473,74768.9,14206091.0,99.6,1899198,8247.7,60842388.0,127.107,63553,766.39,20% converted — GI 30% / FF 40%
20,30,50,20,50429,84048,33620,75.27999877929688,24.72,9234.6,0.33799999952316284,0.2,0.0,8526453.0,0.44339999556541443,87853.8,16692222.0,99.7,1901481,9843.8,72615272.0,158.884,79442,785.08,20% converted — GI 30% / FF 50%
20,30,60,10,50429,100858,16810,75.19000244140625,24.81,9165.7,0.3425000011920929,0.2,0.0,10027200.0,0.4465999901294708,100938.7,19178353.0,99.9,1904175,11419.0,84232648.0,190.662,95331,803.77,20% converted — GI 30% / FF 60%
20,30,70,0,50429,117667,1,75.08999633789062,24.91,9089.5,0.34700000286102295,0.3,0.0,11619988.0,0.4498000144958496,114022.8,21664332.0,99.9,1905121,13005.1,95929648.0,222.438,111219,822.46,20% converted — GI 30% / FF 70%
20,40,0,60,67238,0,100859,75.27999877929688,24.72,9234.6,0.32109999656677246,0.1,0.0,3401254.0,0.4302999973297119,29907.5,5682425.0,98.9,1885760,3344.1,24671186.0,0.0,0,859.84,20% converted — GI 40% / FF 0%
20,40,10,50,67238,16809,84050,75.19000244140625,24.81,9165.7,0.3255000114440918,0.1,0.0,4613143.0,0.4334999918937683,42991.6,8168404.0,99.4,1894873,4937.3,36424612.0,31.776,15888,878.53,20% converted — GI 40% / FF 10%
20,40,20,40,67238,33619,67240,75.0999984741211,24.9,9097.1,0.32989999651908875,0.1,0.0,5916788.0,0.4366999864578247,56076.5,10654535.0,99.5,1897632,6533.2,48196560.0,63.553,31776,897.23,20% converted — GI 40% / FF 20%
20,40,30,30,67238,50429,50430,75.0,25.0,9021.3,0.3343000113964081,0.2,0.0,7296456.0,0.4399000108242035,69161.4,13140666.0,99.6,1899198,8125.4,59940312.0,95.331,47665,915.92,20% converted — GI 40% / FF 30%
20,40,40,20,67238,67238,33621,74.91000366210938,25.09,8953.5,0.33880001306533813,0.2,0.0,8722218.0,0.4431000053882599,82245.5,15626645.0,99.7,1901481,9721.8,71714800.0,127.107,63553,934.61,20% converted — GI 40% / FF 40%
20,40,50,10,67238,84048,16811,74.81999969482422,25.18,8885.9,0.3431999981403351,0.2,0.0,10232134.0,0.4462999999523163,95330.4,18112776.0,99.9,1904175,11297.1,83333544.0,158.884,79442,953.3,20% converted — GI 40% / FF 50%
20,40,60,0,67238,100858,1,74.7300033569336,25.27,8818.6,0.34769999980926514,0.3,0.0,11834710.0,0.4494999945163727,108415.3,20598907.0,99.9,1905121,12883.7,95034056.0,190.662,95331,972.0,20% converted — GI 40% / FF 60%
20,50,0,50,84048,0,84049,74.81999969482422,25.18,8885.9,0.326200008392334,0.1,0.0,4783138.0,0.43320000171661377,37384.6,7103074.0,99.4,1894873,4815.0,35522276.0,0.0,0,1028.08,20% converted — GI 50% / FF 0%
20,50,10,40,84048,16809,67240,74.7300033569336,25.27,8818.6,0.33059999346733093,0.1,0.0,6097509.0,0.43639999628067017,50468.7,9589053.0,99.5,1897632,6411.1,47295632.0,31.776,15888,1046.77,20% converted — GI 50% / FF 10%
20,50,20,30,84048,33619,50430,74.62999725341797,25.37,8744.2,0.33500000834465027,0.2,0.0,7487326.0,0.43970000743865967,63553.6,12075184.0,99.6,1899198,8003.5,59041544.0,63.553,31776,1065.46,20% converted — GI 50% / FF 20%
20,50,30,20,84048,50429,33620,74.54000091552734,25.46,8677.6,0.3395000100135803,0.2,0.0,8921638.0,0.44290000200271606,76638.5,14561315.0,99.7,1901481,9600.3,70818808.0,95.331,47665,1084.15,20% converted — GI 50% / FF 30%
20,50,40,10,84048,67238,16811,74.44999694824219,25.55,8611.3,0.3440000116825104,0.2,0.0,10441387.0,0.44609999656677246,89722.6,17047294.0,99.9,1904175,11175.8,82439024.0,127.107,63553,1102.84,20% converted — GI 50% / FF 40%
20,50,50,0,84048,84048,1,74.36000061035156,25.64,8545.3,0.34850001335144043,0.3,0.0,12053811.0,0.44929999113082886,102807.5,19533425.0,99.9,1905121,12762.7,94141656.0,158.884,79442,1121.54,20% converted — GI 50% / FF 50%
20,60,0,40,100858,0,67239,74.36000061035156,25.64,8545.3,0.3312999904155731,0.2,0.0,6280156.0,0.43619999289512634,44861.6,8523704.0,99.5,1897632,6288.5,46391352.0,0.0,0,1196.31,20% converted — GI 60% / FF 0%
20,60,10,30,100858,16809,50430,74.26000213623047,25.74,8472.4,0.3357999920845032,0.2,0.0,7679570.0,0.43939998745918274,57945.8,11009702.0,99.6,1899198,7881.2,58139116.0,31.776,15888,1215.0,20% converted — GI 60% / FF 10%
20,60,20,20,100858,33619,33620,74.16999816894531,25.83,8407.0,0.3402000069618225,0.2,0.0,9122334.0,0.4426000118255615,71030.7,13495833.0,99.7,1901481,9478.2,69918512.0,63.553,31776,1233.7,20% converted — GI 60% / FF 20%
20,60,30,10,100858,50429,16810,74.08000183105469,25.92,8342.0,0.34470000863075256,0.2,0.0,10652023.0,0.4458000063896179,84115.6,15981964.0,99.9,1904175,11054.2,81542216.0,95.331,47665,1252.39,20% converted — GI 60% / FF 30%
20,60,40,0,100858,67238,1,73.98999786376953,26.01,8277.2,0.3492000102996826,0.3,0.0,12273801.0,0.44909998774528503,97199.7,18467943.0,99.9,1905121,12641.2,93245720.0,127.107,63553,1271.08,20% converted — GI 60% / FF 40%
20,70,0,30,117667,0,50430,73.88999938964844,26.11,8205.6,0.33649998903274536,0.2,0.0,7872544.0,0.4392000138759613,52338.3,9944277.0,99.6,1899198,7758.8,57236548.0,0.0,0,1364.54,20% converted — GI 70% / FF 0%
20,70,10,20,117667,16809,33621,73.80000305175781,26.2,8141.5,0.3409999907016754,0.2,0.0,9323745.0,0.4424000084400177,65422.4,12430256.0,99.7,1901481,9356.0,69017488.0,31.776,15888,1383.23,20% converted — GI 70% / FF 10%
20,70,20,10,117667,33619,16811,73.70999908447266,26.29,8077.7,0.34549999237060547,0.2,0.0,10863358.0,0.4456000030040741,78507.3,14916387.0,99.9,1904175,10932.3,80642616.0,63.553,31776,1401.92,20% converted — GI 70% / FF 20%
20,70,30,0,117667,50429,1,73.62000274658203,26.38,8014.2,0.3499999940395355,0.3,0.0,12494186.0,0.4487999975681305,91592.2,17402518.0,99.9,1905121,12519.7,92349584.0,95.331,47665,1420.61,20% converted — GI 70% / FF 30%
20,80,0,20,134477,0,33620,73.43000030517578,26.57,7881.1,0.3416999876499176,0.2,0.0,9524075.0,0.44209998846054077,59815.4,11364926.0,99.7,1901481,9233.4,68112928.0,0.0,0,1532.77,20% converted — GI 80% / FF 0%
20,80,10,10,134477,16809,16811,73.33999633789062,26.66,7818.6,0.34619998931884766,0.2,0.0,11073963.0,0.44530001282691956,72899.5,13850905.0,99.9,1904175,10809.8,79739592.0,31.776,15888,1551.46,20% converted — GI 80% / FF 10%
20,80,20,0,134477,33619,1,73.25,26.75,7756.3,0.3506999909877777,0.3,0.0,12713553.0,0.44859999418258667,85984.4,16337036.0,99.9,1905121,12397.5,91448768.0,63.553,31776,1570.15,20% converted — GI 80% / FF 20%
20,90,0,10,151287,0,16810,72.97000122070312,27.03,7564.4,0.34700000286102295,0.3,0.0,11289414.0,0.44510000944137573,67292.5,12785575.0,99.9,1904175,10688.9,78847488.0,0.0,0,1701.0,20% converted — GI 90% / FF 0%
20,90,10,0,151287,16809,1,72.87999725341797,27.12,7503.3,0.351500004529953,0.3,0.0,12938178.0,0.44830000400543213,80376.6,15271554.0,99.9,1905121,12276.6,90557448.0,31.776,15888,1719.7,20% converted — GI 90% / FF 10%
20,100,0,0,168097,0,0,72.51000213623047,27.49,7255.3,0.3522999882698059,0.3,0.0,13166714.0,0.4481000006198883,74769.5,14206205.0,99.9,1905121,12154.7,89658336.0,0.0,0,1869.24,20% converted — GI 100% / FF 0%
25,0,0,100,0,0,210122,77.27999877929688,22.72,10849.0,0.3000999987125397,-0.0,0.0,0.0,0.41690000891685486,0.0,0.0,86.0,1639349,-3247.2,-23959514.0,0.0,0,233.66,25% converted — GI 0% / FF 0%
25,0,10,90,0,21012,189110,77.16000366210938,22.84,10747.5,0.3052999973297119,-0.0,0.0,98296.0,0.42089998722076416,16355.7,3107583.0,91.8,1750744,-1234.5,-9108823.0,39.721,19860,257.02,25% converted — GI 0% / FF 10%
25,0,20,80,0,42024,168098,77.05000305175781,22.95,10655.0,0.31060001254081726,0.0,0.0,963123.0,0.42500001192092896,32711.5,6215185.0,96.6,1842046,780.1,5755427.0,79.442,39721,280.39,25% converted — GI 0% / FF 20%
25,0,30,70,0,63036,147086,76.93000030517578,23.07,10554.6,0.3158999979496002,0.1,0.0,2213251.0,0.42899999022483826,49067.2,9322768.0,98.7,1881648,2799.3,20652284.0,119.163,59581,303.75,25% converted — GI 0% / FF 30%
25,0,40,60,0,84048,126074,76.81999969482422,23.18,10463.1,0.3212999999523163,0.1,0.0,3621689.0,0.43299999833106995,65423.0,12430370.0,99.4,1894937,4788.8,35328608.0,158.884,79442,327.12,25% converted — GI 0% / FF 40%
25,0,50,50,0,105061,105061,76.69999694824219,23.3,10363.9,0.32679998874664307,0.1,0.0,5165765.0,0.43700000643730164,81779.5,15538105.0,99.6,1898193,6785.8,50059976.0,198.607,99303,350.48,25% converted — GI 0% / FF 50%
25,0,60,40,0,126073,84049,76.58999633789062,23.41,10273.5,0.33239999413490295,0.2,0.0,6842849.0,0.4410000145435333,98135.2,18645688.0,99.6,1899643,8764.1,64651812.0,238.328,119164,373.85,25% converted — GI 0% / FF 60%
25,0,70,30,0,147085,63037,76.47000122070312,23.53,10175.5,0.3379000127315521,0.2,0.0,8638036.0,0.44510000944137573,114491.0,21753290.0,99.7,1901397,10743.2,79248064.0,278.049,139024,397.21,25% converted — GI 0% / FF 70%
25,0,80,20,0,168097,42025,76.3499984741211,23.65,10078.0,0.34360000491142273,0.2,0.0,10511596.0,0.44909998774528503,130846.7,24860873.0,99.9,1905030,12735.2,93939280.0,317.771,158885,420.58,25% converted — GI 0% / FF 80%
25,0,90,10,0,189109,21013,76.23999786376953,23.76,9989.2,0.3492000102996826,0.3,0.0,12489229.0,0.4530999958515167,147202.4,27968456.0,100.0,1905418,14686.6,108329728.0,357.492,178746,443.94,25% converted — GI 0% / FF 90%
25,0,100,0,0,210122,0,76.12000274658203,23.88,9892.8,0.3549000024795532,0.3,0.0,14633885.0,0.4571000039577484,163559.0,31076210.0,100.0,1905707,16666.1,122926144.0,397.215,198607,467.31,25% converted — GI 0% / FF 100%
25,10,0,90,21012,0,189110,76.69999694824219,23.3,10363.9,0.3061999976634979,-0.0,0.0,161758.0,0.4205999970436096,9346.1,1775759.0,91.8,1750744,-1389.1,-10249503.0,0.0,0,443.94,25% converted — GI 10% / FF 0%
25,10,10,80,21012,21012,168098,76.58999633789062,23.41,10273.5,0.31139999628067017,0.0,0.0,1120310.0,0.424699991941452,25701.9,4883361.0,96.6,1842046,626.0,4618158.0,39.721,19860,467.31,25% converted — GI 10% / FF 10%
25,10,20,70,21012,42024,147086,76.47000122070312,23.53,10175.5,0.31679999828338623,0.1,0.0,2392447.0,0.4287000000476837,42057.6,7990944.0,98.7,1881648,2645.6,19518422.0,79.442,39721,490.67,25% converted — GI 10% / FF 20%
25,10,30,60,21012,63036,126074,76.36000061035156,23.64,10086.1,0.3222000002861023,0.1,0.0,3823240.0,0.4327000081539154,58413.4,11098546.0,99.4,1894937,4635.5,34198136.0,119.163,59581,514.04,25% converted — GI 10% / FF 30%
25,10,40,50,21012,84048,105062,76.23999786376953,23.76,9989.2,0.3276999890804291,0.1,0.0,5386169.0,0.4366999864578247,74769.1,14206129.0,99.6,1898193,6633.0,48932612.0,158.884,79442,537.41,25% converted — GI 10% / FF 40%
25,10,50,40,21012,105061,84049,76.12000274658203,23.88,9892.8,0.33329999446868896,0.2,0.0,7079210.0,0.4406999945640564,91125.6,17313864.0,99.6,1899643,8611.8,63528056.0,198.607,99303,560.77,25% converted — GI 10% / FF 50%
25,10,60,30,21012,126073,63037,76.01000213623047,23.99,9805.0,0.33889999985694885,0.2,0.0,8887906.0,0.4447999894618988,107481.4,20421466.0,99.7,1901397,10591.3,78127664.0,238.328,119164,584.14,25% converted — GI 10% / FF 60%
25,10,70,20,21012,147085,42025,75.88999938964844,24.11,9709.8,0.34450000524520874,0.2,0.0,10775619.0,0.4487999975681305,123837.1,23529049.0,99.9,1905030,12583.8,92822184.0,278.049,139024,607.5,25% converted — GI 10% / FF 70%
25,10,80,10,21012,168097,21013,75.77999877929688,24.22,9623.0,0.35019999742507935,0.3,0.0,12767626.0,0.4528000056743622,140192.8,26636632.0,100.0,1905418,14535.6,107215976.0,317.771,158885,630.87,25% converted — GI 10% / FF 80%
25,10,90,0,21012,189109,1,75.66000366210938,24.34,9528.9,0.35580000281333923,0.3,0.0,14925846.0,0.45680001378059387,156548.6,29744234.0,100.0,1905707,16515.5,121815136.0,357.492,178746,654.23,25% converted — GI 10% / FF 90%
25,20,0,80,42024,0,168098,76.12000274658203,23.88,9892.8,0.3122999966144562,0.0,0.0,1279236.0,0.4242999851703644,18692.3,3551537.0,96.6,1842046,471.2,3476182.0,0.0,0,654.23,25% converted — GI 20% / FF 0%
25,20,10,70,42024,21012,147086,76.01000213623047,23.99,9805.0,0.31769999861717224,0.1,0.0,2572212.0,0.4284000098705292,35048.0,6659120.0,98.7,1881648,2491.3,18379902.0,39.721,19860,677.6,25% converted — GI 20% / FF 10%
25,20,20,60,42024,42024,126074,75.88999938964844,24.11,9709.8,0.3231000006198883,0.1,0.0,4025830.0,0.4323999881744385,51403.8,9766722.0,99.4,1894937,4481.6,33062984.0,79.442,39721,700.96,25% converted — GI 20% / FF 20%
25,20,30,50,42024,63036,105062,75.77999877929688,24.22,9623.0,0.3285999894142151,0.1,0.0,5607616.0,0.43639999628067017,67759.5,12874305.0,99.6,1898193,6479.6,47800848.0,119.163,59581,724.33,25% converted — GI 20% / FF 30%
25,20,40,40,42024,84048,84050,75.66000366210938,24.34,9528.9,0.334199994802475,0.2,0.0,7315545.0,0.44040000438690186,84115.2,15981888.0,99.6,1899643,8458.7,62398888.0,158.884,79442,747.69,25% converted — GI 20% / FF 40%
25,20,50,30,42024,105061,63037,75.55000305175781,24.45,9443.1,0.33980000019073486,0.2,0.0,9137690.0,0.44440001249313354,100471.8,19089642.0,99.7,1901397,10438.7,77002672.0,198.607,99303,771.06,25% converted — GI 20% / FF 50%
25,20,60,20,42024,126073,42025,75.43000030517578,24.57,9350.1,0.34540000557899475,0.2,0.0,11040741.0,0.44850000739097595,116827.5,22197225.0,99.9,1905030,12431.7,91700592.0,238.328,119164,794.43,25% converted — GI 20% / FF 60%
25,20,70,10,42024,147085,21013,75.30999755859375,24.69,9257.6,0.35109999775886536,0.3,0.0,13047046.0,0.45249998569488525,133183.2,25304808.0,100.0,1905418,14384.0,106097640.0,278.049,139024,817.79,25% converted — GI 20% / FF 70%
25,20,80,0,42024,168097,1,75.19999694824219,24.8,9173.3,0.35679998993873596,0.3,0.0,15218177.0,0.45649999380111694,149539.0,28412410.0,100.0,1905707,16364.2,120700184.0,317.771,158885,841.16,25% converted — GI 20% / FF 80%
25,30,0,70,63036,0,147086,75.55000305175781,24.45,9443.1,0.31850001215934753,0.1,0.0,2756184.0,0.42809998989105225,28038.4,5327296.0,98.7,1881648,2336.1,17235172.0,0.0,0,864.52,25% converted — GI 30% / FF 0%
25,30,10,60,63036,21012,126074,75.43000030517578,24.57,9350.1,0.3240000009536743,0.1,0.0,4232790.0,0.43209999799728394,44394.2,8434898.0,99.4,1894937,4326.9,31921658.0,39.721,19860,887.89,25% converted — GI 30% / FF 10%
25,30,20,50,63036,42024,105062,75.30999755859375,24.69,9257.6,0.3294999897480011,0.1,0.0,5832623.0,0.4361000061035156,60749.9,11542481.0,99.6,1898193,6325.3,46662896.0,79.442,39721,911.25,25% converted — GI 30% / FF 20%
25,30,30,40,63036,63036,84050,75.19999694824219,24.8,9173.3,0.335099995136261,0.2,0.0,7555988.0,0.4401000142097473,77105.6,14650064.0,99.6,1899643,8304.9,61264320.0,119.163,59581,934.62,25% converted — GI 30% / FF 30%
25,30,40,30,63036,84048,63038,75.08000183105469,24.92,9082.0,0.3407000005245209,0.2,0.0,9391068.0,0.4440999925136566,93461.4,17757666.0,99.7,1901397,10285.3,75871312.0,158.884,79442,957.98,25% converted — GI 30% / FF 40%
25,30,50,20,63036,105061,42025,74.97000122070312,25.03,8998.7,0.3463999927043915,0.2,0.0,11310264.0,0.448199987411499,109817.9,20865401.0,99.9,1905030,12278.7,90572864.0,198.607,99303,981.35,25% converted — GI 30% / FF 50%
25,30,60,10,63036,126073,21013,74.8499984741211,25.15,8908.4,0.3521000146865845,0.3,0.0,13330370.0,0.4521999955177307,126173.6,23972984.0,100.0,1905418,14231.5,104973136.0,238.328,119164,1004.71,25% converted — GI 30% / FF 60%
25,30,70,0,63036,147085,1,74.7300033569336,25.27,8818.6,0.3578000068664551,0.3,0.0,15513269.0,0.4562000036239624,142529.4,27080586.0,100.0,1905707,16212.2,119579088.0,278.049,139024,1028.08,25% converted — GI 30% / FF 70%
25,40,0,60,84048,0,126074,74.97000122070312,25.03,8998.7,0.3249000012874603,0.1,0.0,4442758.0,0.4318000078201294,37384.6,7103074.0,99.4,1894937,4174.0,30793590.0,0.0,0,1074.81,25% converted — GI 40% / FF 0%
25,40,10,50,84048,21012,105062,74.8499984741211,25.15,8908.4,0.3303999900817871,0.1,0.0,6059728.0,0.4357999861240387,53740.3,10210657.0,99.6,1898193,6172.8,45538232.0,39.721,19860,1098.17,25% converted — GI 40% / FF 10%
25,40,20,40,84048,42024,84050,74.73999786376953,25.26,8826.1,0.335999995470047,0.2,0.0,7798314.0,0.4397999942302704,70096.0,13318240.0,99.6,1899643,8152.8,60142956.0,79.442,39721,1121.54,25% converted — GI 40% / FF 20%
25,40,30,30,84048,63036,63038,74.62000274658203,25.38,8736.8,0.3416000008583069,0.2,0.0,9646707.0,0.4438000023365021,86451.8,16425842.0,99.7,1901397,10133.7,74753216.0,119.163,59581,1144.9,25% converted — GI 40% / FF 30%
25,40,40,20,84048,84048,42026,74.51000213623047,25.49,8655.5,0.3472999930381775,0.3,0.0,11581731.0,0.44780001044273376,102807.5,19533425.0,99.9,1905030,12127.5,89457192.0,158.884,79442,1168.27,25% converted — GI 40% / FF 40%
25,40,50,10,84048,105061,21013,74.38999938964844,25.61,8567.3,0.3529999852180481,0.3,0.0,13615558.0,0.45190000534057617,119164.0,22641160.0,100.0,1905418,14080.8,103861824.0,198.607,99303,1191.64,25% converted — GI 40% / FF 50%
25,40,60,0,84048,126073,1,74.2699966430664,25.73,8479.6,0.3587000072002411,0.3,0.0,15808816.0,0.45590001344680786,135519.8,25748762.0,100.0,1905707,16061.9,118471128.0,238.328,119164,1215.0,25% converted — GI 40% / FF 60%
25,50,0,50,105061,0,105061,74.38999938964844,25.61,8567.3,0.3312999904155731,0.2,0.0,6286146.0,0.43549999594688416,46731.1,8878909.0,99.6,1898193,6019.3,44405944.0,0.0,0,1285.11,25% converted — GI 50% / FF 0%
25,50,10,40,105061,21012,84049,74.27999877929688,25.72,8486.9,0.336899995803833,0.2,0.0,8039473.0,0.43950000405311584,63086.9,11986511.0,99.6,1899643,7999.8,59014576.0,39.721,19860,1308.47,25% converted — GI 50% / FF 10%
25,50,20,30,105061,42024,63037,74.16000366210938,25.84,8399.8,0.3425999879837036,0.2,0.0,9900671.0,0.44350001215934753,79442.6,15094094.0,99.7,1901397,9981.1,73627624.0,79.442,39721,1331.84,25% converted — GI 50% / FF 20%
25,50,30,20,105061,63036,42025,74.04000091552734,25.96,8313.2,0.3483000099658966,0.3,0.0,11851729.0,0.44749999046325684,95798.4,18201696.0,99.9,1905030,11975.4,88335768.0,119.163,59581,1355.2,25% converted — GI 50% / FF 30%
25,50,40,10,105061,84048,21013,73.93000030517578,26.07,8234.2,0.3540000021457672,0.3,0.0,13899525.0,0.45159998536109924,112154.1,21309279.0,100.0,1905418,13929.0,102742736.0,158.884,79442,1378.57,25% converted — GI 50% / FF 40%
25,50,50,0,105061,105061,0,73.80999755859375,26.19,8148.7,0.3596999943256378,0.3,0.0,16101963.0,0.45559999346733093,128510.6,24417014.0,100.0,1905707,15910.7,117355952.0,198.607,99303,1401.93,25% converted — GI 50% / FF 50%
25,60,0,40,126073,0,84049,73.80999755859375,26.19,8148.7,0.3379000127315521,0.2,0.0,8283797.0,0.4392000138759613,56077.3,10654687.0,99.6,1899643,7847.7,57892480.0,0.0,0,1495.39,25% converted — GI 60% / FF 0%
25,60,10,30,126073,21012,63037,73.69999694824219,26.3,8070.7,0.3434999883174896,0.2,0.0,10158624.0,0.4431999921798706,72433.0,13762270.0,99.7,1901397,9829.4,72508848.0,39.721,19860,1518.76,25% converted — GI 60% / FF 10%
25,60,20,20,126073,42024,42025,73.58000183105469,26.42,7986.1,0.3492000102996826,0.3,0.0,12125571.0,0.4472000002861023,88788.8,16869872.0,99.9,1905030,11824.2,87220408.0,79.442,39721,1542.12,25% converted — GI 60% / FF 20%
25,60,30,10,126073,63036,21013,73.45999908447266,26.54,7902.1,0.3549000024795532,0.3,0.0,14187821.0,0.451200008392334,105144.5,19977455.0,100.0,1905418,13778.2,101630584.0,119.163,59581,1565.49,25% converted — GI 60% / FF 30%
25,60,40,0,126073,84048,1,73.3499984741211,26.65,7825.5,0.36059999465942383,0.3,0.0,16398605.0,0.4553000032901764,121500.2,23085038.0,100.0,1905707,15760.3,116246576.0,158.884,79442,1588.86,25% converted — GI 60% / FF 40%
25,70,0,30,147085,0,63037,73.23999786376953,26.76,7749.4,0.34439998865127563,0.2,0.0,10419396.0,0.44290000200271606,65423.4,12430446.0,99.7,1901397,9677.2,71386192.0,0.0,0,1705.68,25% converted — GI 70% / FF 0%
25,70,10,20,147085,21012,42025,73.12000274658203,26.88,7666.8,0.35010001063346863,0.3,0.0,12401425.0,0.44690001010894775,81779.1,15538029.0,99.9,1905030,11672.4,86101008.0,39.721,19860,1729.05,25% converted — GI 70% / FF 10%
25,70,20,10,147085,42024,21013,73.0,27.0,7584.8,0.35589998960494995,0.3,0.0,14477773.0,0.45089998841285706,98134.9,18645631.0,100.0,1905418,13626.9,100514568.0,79.442,39721,1752.41,25% converted — GI 70% / FF 20%
25,70,30,0,147085,63036,1,72.88999938964844,27.11,7510.1,0.36160001158714294,0.3,0.0,16696210.0,0.45500001311302185,114490.6,21753214.0,100.0,1905707,15609.4,115133936.0,119.163,59581,1775.78,25% converted — GI 70% / FF 30%
25,80,0,20,168097,0,42025,72.66000366210938,27.34,7355.2,0.35109999775886536,0.3,0.0,12677529.0,0.4465999901294708,74769.5,14206205.0,99.9,1905030,11519.1,84970856.0,0.0,0,1915.97,25% converted — GI 80% / FF 0%
25,80,10,10,168097,21012,21013,72.54000091552734,27.46,7275.2,0.35679998993873596,0.3,0.0,14768373.0,0.4505999982357025,91125.3,17313807.0,100.0,1905418,13474.0,99387744.0,39.721,19860,1939.34,25% converted — GI 80% / FF 10%
25,80,20,0,168097,42024,1,72.41999816894531,27.58,7195.6,0.3625999987125397,0.3,0.0,16993612.0,0.4546000063419342,107481.0,20421390.0,100.0,1905707,15457.0,114010400.0,79.442,39721,1962.7,25% converted — GI 80% / FF 20%
25,90,0,10,189109,0,21013,72.08000183105469,27.92,6973.1,0.3578000068664551,0.3,0.0,15059049.0,0.450300008058548,84115.7,15981983.0,100.0,1905418,13323.9,98280384.0,0.0,0,2126.26,25% converted — GI 90% / FF 0%
25,90,10,0,189109,21012,1,71.95999908447266,28.04,6895.5,0.3634999990463257,0.4,0.0,17290758.0,0.4542999863624573,100471.4,19089566.0,100.0,1905707,15307.3,112906352.0,39.721,19860,2149.62,25% converted — GI 90% / FF 10%
25,100,0,0,210122,0,0,71.5,28.5,6602.6,0.3644999861717224,0.4,0.0,17597326.0,0.45399999618530273,93462.3,17757837.0,100.0,1905707,15155.0,111783440.0,0.0,0,2336.56,25% converted — GI 100% / FF 0%
30,0,0,100,0,0,252146,77.43000030517578,22.57,10976.8,0.2987000048160553,-0.1,0.0,0.0,0.4154999852180481,0.0,0.0,85.1,1623203,-3898.8,-28767308.0,0.0,0,280.39,30% converted — GI 0% / FF 0%
30,0,10,90,0,25214,226932,77.29000091552734,22.71,10857.5,0.30489999055862427,-0.0,0.0,101156.0,0.4203000068664551,19626.6,3729054.0,92.0,1753248,-1478.1,-10906094.0,47.665,23832,308.42,30% converted — GI 0% / FF 10%
30,0,20,80,0,50429,201717,77.1500015258789,22.85,10739.0,0.31130000948905945,0.0,0.0,1145821.0,0.4250999987125397,39253.9,7458241.0,97.1,1851391,930.0,6861395.0,95.331,47665,336.46,30% converted — GI 0% / FF 20%
30,0,30,70,0,75643,176503,77.01000213623047,22.99,10621.4,0.31779998540878296,0.1,0.0,2688466.0,0.42989999055862427,58880.5,11187295.0,99.1,1889713,3336.0,24611382.0,142.996,71498,364.5,30% converted — GI 0% / FF 30%
30,0,40,60,0,100858,151288,76.87000274658203,23.13,10504.6,0.32440000772476196,0.1,0.0,4473145.0,0.43479999899864197,78507.9,14916501.0,99.6,1898084,5745.1,42382884.0,190.662,95331,392.54,30% converted — GI 0% / FF 40%
30,0,50,50,0,126073,126073,76.7300033569336,23.27,10388.7,0.3310999870300293,0.2,0.0,6466514.0,0.43959999084472656,98135.2,18645688.0,99.7,1899711,8123.8,59928616.0,238.328,119164,420.58,30% converted — GI 0% / FF 50%
30,0,60,40,0,151287,100859,76.58999633789062,23.41,10273.5,0.337799996137619,0.2,0.0,8580267.0,0.44440001249313354,117761.8,22374742.0,99.8,1901853,10502.9,77475872.0,285.993,142996,448.62,30% converted — GI 0% / FF 60%
30,0,70,30,0,176502,75644,76.45999908447266,23.54,10167.3,0.34459999203681946,0.2,0.0,10850892.0,0.44920000433921814,137389.2,26103948.0,99.9,1904501,12873.2,94956888.0,333.659,166829,476.66,30% converted — GI 0% / FF 70%
30,0,80,20,0,201716,50430,76.31999969482422,23.68,10053.7,0.351500004529953,0.3,0.0,13292177.0,0.45399999618530273,157015.7,29832983.0,100.0,1905410,15234.4,112368672.0,381.324,190662,504.69,30% converted — GI 0% / FF 80%
30,0,90,10,0,226931,25215,76.18000030517578,23.82,9940.9,0.35830000042915344,0.3,0.0,15850942.0,0.45890000462532043,176643.1,33562189.0,100.0,1906175,17587.9,129722880.0,428.99,214495,532.73,30% converted — GI 0% / FF 90%
30,0,100,0,0,252146,0,76.04000091552734,23.96,9828.9,0.365200012922287,0.4,0.0,18549568.0,0.46369999647140503,196270.4,37291376.0,100.0,1906244,19943.3,147088688.0,476.657,238328,560.77,30% converted — GI 0% / FF 100%
30,10,0,90,25214,0,226932,76.73999786376953,23.26,10396.9,0.3059000074863434,-0.0,0.0,176625.0,0.41990000009536743,11215.2,2130888.0,92.0,1753248,-1664.0,-12277615.0,0.0,0,532.73,30% converted — GI 10% / FF 0%
30,10,10,80,25214,25214,201718,76.5999984741211,23.4,10281.7,0.3122999966144562,0.0,0.0,1337499.0,0.424699991941452,30841.8,5859942.0,97.1,1851391,744.8,5494754.0,47.665,23832,560.77,30% converted — GI 10% / FF 10%
30,10,20,70,25214,50429,176503,76.45999908447266,23.54,10167.3,0.3188000023365021,0.1,0.0,2913348.0,0.4296000003814697,50469.1,9589129.0,99.1,1889713,3151.4,23249660.0,95.331,47665,588.81,30% converted — GI 10% / FF 20%
30,10,30,60,25214,75643,151289,76.31999969482422,23.68,10053.7,0.3255000114440918,0.1,0.0,4729554.0,0.4343999922275543,70095.7,13318183.0,99.6,1898084,5561.1,41025956.0,142.996,71498,616.84,30% converted — GI 10% / FF 30%
30,10,40,50,25214,100858,126074,76.18000030517578,23.82,9940.9,0.33219999074935913,0.2,0.0,6747163.0,0.4392000138759613,89723.1,17047389.0,99.7,1899711,7940.4,58575772.0,190.662,95331,644.88,30% converted — GI 10% / FF 40%
30,10,50,40,25214,126073,100859,76.04000091552734,23.96,9828.9,0.33899998664855957,0.2,0.0,8879954.0,0.4440000057220459,109350.4,20776576.0,99.8,1901853,10320.2,76128768.0,238.328,119164,672.92,30% converted — GI 10% / FF 50%
30,10,60,30,25214,151287,75645,75.9000015258789,24.1,9717.7,0.3458000123500824,0.2,0.0,11173107.0,0.4489000141620636,128977.0,24505630.0,99.9,1904501,12691.2,93614280.0,285.993,142996,700.96,30% converted — GI 10% / FF 60%
30,10,70,20,25214,176502,50430,75.76000213623047,24.24,9607.3,0.35260000824928284,0.3,0.0,13635326.0,0.4537000060081482,148604.3,28234817.0,100.0,1905410,15053.0,111031080.0,333.659,166829,729.0,30% converted — GI 10% / FF 70%
30,10,80,10,25214,201716,25216,75.62000274658203,24.38,9497.6,0.359499990940094,0.3,0.0,16207316.0,0.4584999978542328,168230.9,31963871.0,100.0,1906175,17407.0,128388808.0,381.324,190662,757.04,30% converted — GI 10% / FF 80%
30,10,90,0,25214,226931,1,75.4800033569336,24.52,9388.8,0.36640000343322754,0.4,0.0,18914916.0,0.4632999897003174,187858.3,35693077.0,100.0,1906244,19763.1,145760176.0,428.99,214495,785.08,30% converted — GI 10% / FF 90%
30,20,0,80,50429,0,201717,76.04000091552734,23.96,9828.9,0.313400000333786,0.0,0.0,1531459.0,0.4244000017642975,22430.8,4261852.0,97.1,1851391,559.8,4130064.0,0.0,0,785.08,30% converted — GI 20% / FF 0%
30,20,10,70,50429,25214,176503,75.9000015258789,24.1,9717.7,0.3199000060558319,0.1,0.0,3140088.0,0.4291999936103821,42057.4,7990906.0,99.1,1889713,2967.1,21889836.0,47.665,23832,813.12,30% converted — GI 20% / FF 10%
30,20,20,60,50429,50429,151288,75.76000213623047,24.24,9607.3,0.3264999985694885,0.1,0.0,4987049.0,0.4339999854564667,61684.8,11720112.0,99.6,1898084,5377.4,39671128.0,95.331,47665,841.16,30% converted — GI 20% / FF 20%
30,20,30,50,50429,75643,126074,75.62999725341797,24.37,9505.4,0.33329999446868896,0.2,0.0,7028158.0,0.43880000710487366,81311.3,15449147.0,99.7,1899711,7757.3,57225680.0,142.996,71498,869.19,30% converted — GI 20% / FF 30%
30,20,40,40,50429,100858,100859,75.48999786376953,24.51,9396.5,0.3400999903678894,0.2,0.0,9178852.0,0.44369998574256897,100938.7,19178353.0,99.8,1901853,10137.8,74783496.0,190.662,95331,897.23,30% converted — GI 20% / FF 40%
30,20,50,30,50429,126073,75644,75.3499984741211,24.65,9288.4,0.34689998626708984,0.3,0.0,11494888.0,0.44850000739097595,120566.0,22907540.0,99.9,1904501,12509.4,92274128.0,238.328,119164,925.27,30% converted — GI 20% / FF 50%
30,20,60,20,50429,151287,50430,75.20999908447266,24.79,9181.0,0.3537999987602234,0.3,0.0,13976284.0,0.45329999923706055,140192.6,26636594.0,100.0,1905410,14871.9,109695496.0,285.993,142996,953.31,30% converted — GI 20% / FF 60%
30,20,70,10,50429,176502,25215,75.06999969482422,24.93,9074.4,0.36059999465942383,0.3,0.0,16560114.0,0.45809999108314514,159820.0,30365800.0,100.0,1906175,17226.7,127059432.0,333.659,166829,981.35,30% converted — GI 20% / FF 70%
30,20,80,0,50429,201716,1,74.93000030517578,25.07,8968.5,0.3675000071525574,0.4,0.0,19276576.0,0.4629000127315521,179446.6,34094854.0,100.0,1906244,19583.2,144434176.0,381.324,190662,1009.39,30% converted — GI 20% / FF 80%
30,30,0,70,75643,0,176503,75.3499984741211,24.65,9288.4,0.32100000977516174,0.1,0.0,3373303.0,0.42879998683929443,33646.0,6392740.0,99.1,1889713,2782.2,20526096.0,0.0,0,1037.42,30% converted — GI 30% / FF 0%
30,30,10,60,75643,25214,151289,75.20999908447266,24.79,9181.0,0.32760000228881836,0.1,0.0,5250134.0,0.4336000084877014,53272.6,10121794.0,99.6,1898084,5193.2,38312216.0,47.665,23832,1065.46,30% converted — GI 30% / FF 10%
30,30,20,50,75643,50429,126074,75.06999969482422,24.93,9074.4,0.3343999981880188,0.2,0.0,7313968.0,0.43849998712539673,72899.9,13850981.0,99.7,1899711,7573.7,55871708.0,95.331,47665,1093.5,30% converted — GI 30% / FF 20%
30,30,30,40,75643,75643,100860,74.93000030517578,25.07,8968.5,0.34119999408721924,0.2,0.0,9482816.0,0.4433000087738037,92526.5,17580035.0,99.8,1901853,9954.9,73434352.0,142.996,71498,1121.54,30% converted — GI 30% / FF 30%
30,30,40,30,75643,100858,75645,74.79000091552734,25.21,8863.4,0.3479999899864197,0.3,0.0,11821890.0,0.4481000006198883,112153.9,21309241.0,99.9,1904501,12327.1,90929552.0,190.662,95331,1149.58,30% converted — GI 30% / FF 40%
30,30,50,20,75643,126073,50430,74.6500015258789,25.35,8759.1,0.3549000024795532,0.3,0.0,14323329.0,0.4528999924659729,131781.2,25038428.0,100.0,1905410,14690.2,108356000.0,238.328,119164,1177.61,30% converted — GI 30% / FF 50%
30,30,60,10,75643,151287,25216,74.51000213623047,25.49,8655.5,0.3617999851703644,0.3,0.0,16918222.0,0.4578000009059906,151407.8,28767482.0,100.0,1906175,17045.5,125723176.0,285.993,142996,1205.65,30% converted — GI 30% / FF 60%
30,30,70,0,75643,176502,1,74.37999725341797,25.62,8560.0,0.3686999976634979,0.4,0.0,19643280.0,0.4625999927520752,171035.2,32496688.0,100.0,1906244,19402.8,143104144.0,333.659,166829,1233.69,30% converted — GI 30% / FF 70%
30,40,0,60,100858,0,151288,74.66000366210938,25.34,8766.5,0.3287000060081482,0.1,0.0,5516886.0,0.4332999885082245,44861.6,8523704.0,99.6,1898084,5008.1,36946520.0,0.0,0,1289.77,30% converted — GI 40% / FF 0%
30,40,10,50,100858,25214,126074,74.5199966430664,25.48,8662.9,0.33550000190734863,0.2,0.0,7603317.0,0.43810001015663147,64488.2,12252758.0,99.7,1899711,7389.2,54510792.0,47.665,23832,1317.81,30% converted — GI 40% / FF 10%
30,40,20,40,100858,50429,100859,74.37999725341797,25.62,8560.0,0.3422999978065491,0.2,0.0,9790429.0,0.44290000200271606,84115.6,15981964.0,99.8,1901853,9771.0,72078336.0,95.331,47665,1345.85,30% converted — GI 40% / FF 20%
30,40,30,30,100858,75643,75645,74.23999786376953,25.76,8457.8,0.3492000102996826,0.3,0.0,12152881.0,0.44769999384880066,103742.1,19710999.0,99.9,1904501,12143.9,89578256.0,142.996,71498,1373.89,30% converted — GI 40% / FF 30%
30,40,40,20,100858,100858,50430,74.0999984741211,25.9,8356.4,0.3560999929904938,0.3,0.0,14673353.0,0.45260000228881836,123369.5,23440205.0,100.0,1905410,14507.6,107009544.0,190.662,95331,1401.93,30% converted — GI 40% / FF 40%
30,40,50,10,100858,126073,25215,73.95999908447266,26.04,8255.7,0.3630000054836273,0.4,0.0,17278652.0,0.45739999413490295,142996.9,27169411.0,100.0,1906175,16863.7,124383072.0,238.328,119164,1429.97,30% converted — GI 40% / FF 50%
30,40,60,0,100858,151287,1,73.81999969482422,26.18,8155.8,0.3698999881744385,0.4,0.0,20011996.0,0.46219998598098755,162623.4,30898446.0,100.0,1906244,19221.5,141767408.0,285.993,142996,1458.0,30% converted — GI 40% / FF 60%
30,50,0,50,126073,0,126073,73.95999908447266,26.04,8255.7,0.33660000562667847,0.2,0.0,7895580.0,0.4377000033855438,56077.3,10654687.0,99.7,1899711,7206.5,53162836.0,0.0,0,1542.12,30% converted — GI 50% / FF 0%
30,50,10,40,126073,25214,100859,73.81999969482422,26.18,8155.8,0.3434000015258789,0.2,0.0,10100929.0,0.4424999952316284,75703.8,14383722.0,99.8,1901853,9588.8,70734368.0,47.665,23832,1570.16,30% converted — GI 50% / FF 10%
30,50,20,30,126073,50429,75644,73.68000030517578,26.32,8056.5,0.35030001401901245,0.3,0.0,12486120.0,0.4474000036716461,95331.2,18112928.0,99.9,1904501,11962.3,88239512.0,95.331,47665,1598.2,30% converted — GI 50% / FF 20%
30,50,30,20,126073,75643,50430,73.55000305175781,26.45,7965.1,0.3571999967098236,0.3,0.0,15023954.0,0.4521999955177307,114957.8,21841982.0,100.0,1905410,14326.7,105675176.0,142.996,71498,1626.24,30% converted — GI 50% / FF 30%
30,50,40,10,126073,100858,25215,73.41000366210938,26.59,7867.2,0.36410000920295715,0.4,0.0,17639012.0,0.4569999873638153,134585.1,25571169.0,100.0,1906175,16683.4,123053464.0,190.662,95331,1654.28,30% converted — GI 50% / FF 40%
30,50,50,0,126073,126073,0,73.2699966430664,26.73,7770.1,0.3711000084877014,0.4,0.0,20380936.0,0.4618000090122223,154212.5,29300375.0,100.0,1906244,19041.9,140443072.0,238.328,119164,1682.32,30% converted — GI 50% / FF 50%
30,60,0,40,151287,0,100859,73.2699966430664,26.73,7770.1,0.34459999203681946,0.2,0.0,10410667.0,0.4422000050544739,67292.5,12785575.0,99.8,1901853,9405.9,69385072.0,0.0,0,1794.47,30% converted — GI 60% / FF 0%
30,60,10,30,151287,25214,75645,73.12999725341797,26.87,7673.7,0.3513999879360199,0.3,0.0,12818352.0,0.44699999690055847,86919.0,16514610.0,99.9,1904501,11780.0,86894624.0,47.665,23832,1822.5,30% converted — GI 60% / FF 10%
30,60,20,20,151287,50429,50430,72.98999786376953,27.01,7578.0,0.35839998722076416,0.3,0.0,15372746.0,0.45179998874664307,106546.4,20243816.0,100.0,1905410,14145.0,104335584.0,95.331,47665,1850.54,30% converted — GI 60% / FF 20%
30,60,30,10,151287,75643,25216,72.8499984741211,27.15,7483.0,0.3652999997138977,0.4,0.0,17996756.0,0.45660001039505005,126173.0,23972870.0,100.0,1906175,16502.2,121717048.0,142.996,71498,1878.58,30% converted — GI 60% / FF 30%
30,60,40,0,151287,100858,1,72.70999908447266,27.29,7388.7,0.37220001220703125,0.4,0.0,20746948.0,0.46149998903274536,145800.3,27702057.0,100.0,1906244,18861.4,139112512.0,190.662,95331,1906.62,30% converted — GI 60% / FF 40%
30,70,0,30,176502,0,75644,72.58000183105469,27.42,7301.8,0.35260000824928284,0.3,0.0,13156870.0,0.4465999901294708,78508.1,14916539.0,99.9,1904501,11597.7,85550376.0,0.0,0,2046.82,30% converted — GI 70% / FF 0%
30,70,10,20,176502,25214,50430,72.44000244140625,27.56,7208.9,0.359499990940094,0.3,0.0,15726724.0,0.4514000117778778,98134.7,18645593.0,100.0,1905410,13963.3,102995840.0,47.665,23832,2074.86,30% converted — GI 70% / FF 10%
30,70,20,10,176502,50429,25215,72.30000305175781,27.7,7116.6,0.36649999022483826,0.4,0.0,18359532.0,0.4562999904155731,117762.0,22374780.0,100.0,1906175,16321.3,120383616.0,95.331,47665,2102.9,30% converted — GI 70% / FF 20%
30,70,30,0,176502,75643,1,72.16000366210938,27.84,7025.1,0.3734000027179718,0.4,0.0,21118160.0,0.4611000120639801,137388.6,26103834.0,100.0,1906244,18681.0,137782304.0,142.996,71498,2130.93,30% converted — GI 70% / FF 30%
30,80,0,20,201716,0,50430,71.87999725341797,28.12,6844.0,0.36070001125335693,0.3,0.0,16081957.0,0.4510999917984009,89723.3,17047427.0,100.0,1905410,13781.7,101656240.0,0.0,0,2299.16,30% converted — GI 80% / FF 0%
30,80,10,10,201716,25214,25216,71.73999786376953,28.26,6754.5,0.3675999939441681,0.4,0.0,18723394.0,0.45590001344680786,109349.9,20776481.0,100.0,1906175,16140.1,119047336.0,47.665,23832,2327.2,30% converted — GI 80% / FF 10%
30,80,20,0,201716,50429,1,71.5999984741211,28.4,6665.7,0.37459999322891235,0.4,0.0,21490502.0,0.46070000529289246,128977.2,24505668.0,100.0,1906244,18500.6,136452304.0,95.331,47665,2355.24,30% converted — GI 80% / FF 20%
30,90,0,10,226931,0,25215,71.19000244140625,28.81,6409.4,0.36880001425743103,0.4,0.0,19085442.0,0.4555000066757202,100938.9,19178391.0,100.0,1906175,15959.2,117713240.0,0.0,0,2551.51,30% converted — GI 90% / FF 0%
30,90,10,0,226931,25214,1,71.05000305175781,28.95,6323.2,0.3758000135421753,0.4,0.0,21860492.0,0.4603999853134155,120565.5,22907445.0,100.0,1906244,18320.1,135121568.0,47.665,23832,2579.55,30% converted — GI 90% / FF 10%
30,100,0,0,252146,0,0,70.48999786376953,29.51,5985.0,0.37700000405311584,0.4,0.0,22240586.0,0.46000000834465027,112154.5,21309355.0,100.0,1906244,18138.9,133785192.0,0.0,0,2803.86,30% converted — GI 100% / FF 0%
35,0,0,100,0,0,294170,77.58000183105469,22.42,11105.5,0.2971999943256378,-0.1,0.0,0.0,0.414000004529953,0.0,0.0,84.2,1605662,-4548.7,-33563232.0,0.0,0,327.12,35% converted — GI 0% / FF 0%
35,0,10,90,0,29417,264753,77.41999816894531,22.58,10968.2,0.3046000003814697,-0.0,0.0,122670.0,0.4196000099182129,22898.2,4350658.0,92.7,1767034,-1722.0,-12705518.0,55.61,27805,359.83,35% converted — GI 0% / FF 10%
35,0,20,80,0,58834,235336,77.25,22.75,10823.6,0.31209999322891235,0.0,0.0,1346592.0,0.4253000020980835,45796.4,8701316.0,98.0,1868925,1092.2,8057737.0,111.22,55610,392.54,35% converted — GI 0% / FF 20%
35,0,30,70,0,88251,205919,77.08999633789062,22.91,10688.5,0.3197000026702881,0.1,0.0,3209697.0,0.4309000074863434,68694.6,13051974.0,99.4,1894740,3885.8,28667270.0,166.83,83415,425.25,35% converted — GI 0% / FF 30%
35,0,40,60,0,117668,176502,76.93000030517578,23.07,10554.6,0.32749998569488525,0.1,0.0,5392387.0,0.43650001287460327,91592.8,17402632.0,99.6,1899131,6680.3,49281840.0,222.44,111220,457.96,35% converted — GI 0% / FF 40%
35,0,50,50,0,147085,147085,76.7699966430664,23.23,10421.7,0.33550000190734863,0.2,0.0,7817642.0,0.44209998846054077,114491.0,21753290.0,99.8,1901970,9474.4,69890608.0,278.049,139024,490.68,35% converted — GI 0% / FF 50%
35,0,60,40,0,176502,117668,76.5999984741211,23.4,10281.7,0.3434000015258789,0.2,0.0,10434993.0,0.44780001044273376,137389.2,26103948.0,99.9,1904919,12233.4,90238712.0,333.659,166829,523.39,35% converted — GI 0% / FF 60%
35,0,70,30,0,205919,88251,76.44000244140625,23.56,10151.0,0.351500004529953,0.3,0.0,13251484.0,0.45339998602867126,160287.3,30454587.0,100.0,1905702,14995.9,110610248.0,389.269,194634,556.1,35% converted — GI 0% / FF 70%
35,0,80,20,0,235336,58834,76.27999877929688,23.72,10021.4,0.359499990940094,0.3,0.0,16249574.0,0.45899999141693115,183185.5,34805245.0,100.0,1906038,17731.7,130782912.0,444.879,222439,588.81,35% converted — GI 0% / FF 80%
35,0,90,10,0,264753,29417,76.12000274658203,23.88,9892.8,0.3675999939441681,0.4,0.0,19370140.0,0.46470001339912415,206083.7,39155903.0,100.0,1906323,20478.2,151032448.0,500.489,250244,621.52,35% converted — GI 0% / FF 90%
35,0,100,0,0,294170,0,75.94999694824219,24.05,9757.3,0.3756999969482422,0.4,0.0,22604404.0,0.47029998898506165,228981.9,43506561.0,100.0,1906323,23206.8,171148336.0,556.099,278049,654.23,35% converted — GI 0% / FF 100%
35,10,0,90,29417,0,264753,76.7699966430664,23.23,10421.7,0.30570000410079956,-0.0,0.0,210226.0,0.41920000314712524,13084.7,2486093.0,92.7,1767034,-1939.0,-14306713.0,0.0,0,621.52,35% converted — GI 10% / FF 0%
35,10,10,80,29417,29417,235336,76.61000061035156,23.39,10289.9,0.3133000135421753,0.0,0.0,1573183.0,0.42480000853538513,35982.9,6836751.0,98.0,1868925,876.0,6463226.0,55.61,27805,654.23,35% converted — GI 10% / FF 10%
35,10,20,70,29417,58834,205919,76.44000244140625,23.56,10151.0,0.32100000977516174,0.1,0.0,3483174.0,0.43050000071525574,58881.1,11187409.0,99.4,1894740,3670.5,27079394.0,111.22,55610,686.95,35% converted — GI 10% / FF 20%
35,10,30,60,29417,88251,176502,76.27999877929688,23.72,10021.4,0.3287999927997589,0.1,0.0,5703429.0,0.4361000061035156,81779.3,15538067.0,99.6,1899131,6466.0,47700624.0,166.83,83415,719.66,35% converted — GI 10% / FF 30%
35,10,40,50,29417,117668,147085,76.12000274658203,23.88,9892.8,0.3368000090122223,0.2,0.0,8157619.0,0.4417000114917755,104677.5,19888725.0,99.8,1901970,9260.9,68316000.0,222.44,111220,752.37,35% converted — GI 10% / FF 40%
35,10,50,40,29417,147085,117668,75.95999908447266,24.04,9765.3,0.3447999954223633,0.2,0.0,10802846.0,0.447299987077713,127575.6,24239364.0,99.9,1904919,12020.8,88670648.0,278.049,139024,785.08,35% converted — GI 10% / FF 50%
35,10,60,30,29417,176502,88251,75.80000305175781,24.2,9638.7,0.35280001163482666,0.3,0.0,13648636.0,0.453000009059906,150473.8,28590022.0,100.0,1905702,14784.1,109048672.0,333.659,166829,817.79,35% converted — GI 10% / FF 60%
35,10,70,20,29417,205919,58834,75.62999725341797,24.37,9505.4,0.36090001463890076,0.3,0.0,16662761.0,0.4586000144481659,173372.0,32940680.0,100.0,1906038,17520.8,129227768.0,389.269,194634,850.5,35% converted — GI 10% / FF 70%
35,10,80,10,29417,235336,29417,75.47000122070312,24.53,9381.0,0.36899998784065247,0.4,0.0,19794364.0,0.4641999900341034,196270.2,37291338.0,100.0,1906323,20268.1,149483856.0,444.879,222439,883.22,35% converted — GI 10% / FF 80%
35,10,90,0,29417,264753,0,75.30999755859375,24.69,9257.6,0.37700000405311584,0.4,0.0,23039332.0,0.4697999954223633,219168.4,41641996.0,100.0,1906323,22997.6,169606352.0,500.489,250244,915.93,35% converted — GI 10% / FF 90%
35,20,0,80,58834,0,235336,75.95999908447266,24.04,9765.3,0.31450000405311584,0.0,0.0,1807142.0,0.4244000017642975,26169.4,4972186.0,98.0,1868925,659.9,4868770.0,0.0,0,915.93,35% converted — GI 20% / FF 0%
35,20,10,70,58834,29417,205919,75.80000305175781,24.2,9638.7,0.3222000002861023,0.1,0.0,3763729.0,0.4300000071525574,49067.6,9322844.0,99.4,1894740,3455.3,25491580.0,55.61,27805,948.64,35% converted — GI 20% / FF 10%
35,20,20,60,58834,58834,176502,75.63999938964844,24.36,9513.2,0.33009999990463257,0.1,0.0,6020871.0,0.435699999332428,71965.7,13673483.0,99.6,1899131,6251.6,46119396.0,111.22,55610,981.35,35% converted — GI 20% / FF 20%
35,20,30,50,58834,88251,147085,75.47000122070312,24.53,9381.0,0.33809998631477356,0.2,0.0,8503325.0,0.44130000472068787,94863.9,18024141.0,99.8,1901970,9047.5,66741408.0,166.83,83415,1014.06,35% converted — GI 20% / FF 30%
35,20,40,40,58834,117668,117668,75.30999755859375,24.69,9257.6,0.34610000252723694,0.2,0.0,11177534.0,0.44690001010894775,117762.1,22374799.0,99.9,1904919,11808.2,87102584.0,222.44,111220,1046.77,35% converted — GI 20% / FF 40%
35,20,50,30,58834,147085,88251,75.1500015258789,24.85,9135.2,0.35420000553131104,0.3,0.0,14052919.0,0.45249998569488525,140660.3,26725457.0,100.0,1905702,14572.4,107487200.0,278.049,139024,1079.49,35% converted — GI 20% / FF 50%
35,20,60,20,58834,176502,58834,74.98999786376953,25.01,9013.8,0.362199991941452,0.3,0.0,17081620.0,0.45820000767707825,163558.5,31076115.0,100.0,1906038,17309.9,127672888.0,333.659,166829,1112.2,35% converted — GI 20% / FF 60%
35,20,70,10,58834,205919,29417,74.81999969482422,25.18,8885.9,0.3702999949455261,0.4,0.0,20224034.0,0.46380001306533813,186456.7,35426773.0,100.0,1906323,20058.1,147935424.0,389.269,194634,1144.91,35% converted — GI 20% / FF 70%
35,20,80,0,58834,235336,0,74.66000366210938,25.34,8766.5,0.3783999979496002,0.4,0.0,23479682.0,0.46939998865127563,209354.9,39777431.0,100.0,1906323,22788.5,168064352.0,444.879,222439,1177.62,35% converted — GI 20% / FF 80%
35,30,0,70,88251,0,205919,75.1500015258789,24.85,9135.2,0.32350000739097595,0.1,0.0,4046880.0,0.4296000003814697,39254.0,7458260.0,99.4,1894740,3240.7,23908410.0,0.0,0,1210.33,35% converted — GI 30% / FF 0%
35,30,10,60,88251,29417,176502,74.98999786376953,25.01,9013.8,0.3314000070095062,0.2,0.0,6339389.0,0.4352000057697296,62152.2,11808918.0,99.6,1899131,6037.9,44542824.0,55.61,27805,1243.04,35% converted — GI 30% / FF 10%
35,30,20,50,88251,58834,147085,74.83000183105469,25.17,8893.4,0.3393999934196472,0.2,0.0,8848915.0,0.4408000111579895,85050.4,16159576.0,99.8,1901970,8834.6,65171428.0,111.22,55610,1275.76,35% converted — GI 30% / FF 20%
35,30,30,40,88251,88251,117668,74.66000366210938,25.34,8766.5,0.3474000096321106,0.3,0.0,11551565.0,0.4465000033378601,107948.6,20510234.0,99.9,1904919,11596.2,85539280.0,166.83,83415,1308.47,35% converted — GI 30% / FF 30%
35,30,40,30,88251,117668,88251,74.5,25.5,8648.1,0.3555000126361847,0.3,0.0,14452878.0,0.45210000872612,130846.8,24860892.0,100.0,1905702,14361.3,105930424.0,222.44,111220,1341.18,35% converted — GI 30% / FF 40%
35,30,50,20,88251,147085,58834,74.33999633789062,25.66,8530.7,0.3635999858379364,0.4,0.0,17495688.0,0.4577000141143799,153745.0,29211550.0,100.0,1906038,17099.6,126122432.0,278.049,139024,1373.89,35% converted — GI 30% / FF 50%
35,30,60,10,88251,176502,29417,74.18000030517578,25.82,8414.3,0.3716999888420105,0.4,0.0,20648772.0,0.4634000062942505,176643.2,33562208.0,100.0,1906323,19848.7,146391584.0,333.659,166829,1406.6,35% converted — GI 30% / FF 60%
35,30,70,0,88251,205919,0,74.0199966430664,25.98,8298.8,0.3797999918460846,0.5,0.0,23915414.0,0.4690000116825104,199541.4,37912866.0,100.0,1906323,22579.9,166526752.0,389.269,194634,1439.31,35% converted — GI 30% / FF 70%
35,40,0,60,117668,0,176502,74.33999633789062,25.66,8530.7,0.3327000141143799,0.2,0.0,6666054.0,0.43479999899864197,52338.7,9944353.0,99.6,1899131,5823.1,42958776.0,0.0,0,1504.74,35% converted — GI 40% / FF 0%
35,40,10,50,117668,29417,147085,74.18000030517578,25.82,8414.3,0.3407000005245209,0.2,0.0,9202904.0,0.44040000438690186,75236.9,14295011.0,99.8,1901970,8620.7,63594108.0,55.61,27805,1537.45,35% converted — GI 40% / FF 10%
35,40,20,40,117668,58834,117668,74.0199966430664,25.98,8298.8,0.34880000352859497,0.3,0.0,11935500.0,0.44600000977516174,98135.1,18645669.0,99.9,1904919,11383.2,83968280.0,111.22,55610,1570.16,35% converted — GI 40% / FF 20%
35,40,30,30,117668,88251,88251,73.86000061035156,26.14,8184.2,0.35690000653266907,0.3,0.0,14861855.0,0.45170000195503235,121033.3,22996327.0,100.0,1905702,14149.1,104366016.0,166.83,83415,1602.87,35% converted — GI 40% / FF 30%
35,40,40,20,117668,117668,58834,73.69000244140625,26.31,8063.6,0.36500000953674316,0.4,0.0,17918400.0,0.45730000734329224,143931.5,27346985.0,100.0,1906038,16888.3,124564680.0,222.44,111220,1635.59,35% converted — GI 40% / FF 40%
35,40,50,10,117668,147085,29417,73.52999877929688,26.47,7951.0,0.37310001254081726,0.4,0.0,21081626.0,0.4629000127315521,166829.7,31697643.0,100.0,1906323,19638.3,144840352.0,278.049,139024,1668.3,35% converted — GI 40% / FF 50%
35,40,60,0,117668,176502,0,73.37000274658203,26.63,7839.4,0.38119998574256897,0.5,0.0,24358864.0,0.4684999883174896,189727.9,36048301.0,100.0,1906323,22370.3,164982048.0,333.659,166829,1701.01,35% converted — GI 40% / FF 60%
35,50,0,50,147085,0,147085,73.52999877929688,26.47,7951.0,0.34200000762939453,0.2,0.0,9560211.0,0.4399999976158142,65423.4,12430446.0,99.8,1901970,8406.0,62009952.0,0.0,0,1799.14,35% converted — GI 50% / FF 0%
35,50,10,40,147085,29417,117668,73.37000274658203,26.63,7839.4,0.35010001063346863,0.3,0.0,12323206.0,0.4456000030040741,88321.6,16781104.0,99.9,1904919,11169.3,82390920.0,55.61,27805,1831.86,35% converted — GI 50% / FF 10%
35,50,20,30,147085,58834,88251,73.20999908447266,26.79,7728.7,0.3582000136375427,0.3,0.0,15272400.0,0.451200008392334,111219.8,21131762.0,100.0,1905702,13936.1,102795080.0,111.22,55610,1864.57,35% converted — GI 50% / FF 20%
35,50,30,20,147085,88251,58834,73.05000305175781,26.95,7618.9,0.36629998683929443,0.4,0.0,18342120.0,0.4569000005722046,134118.0,25482420.0,100.0,1906038,16676.2,123000216.0,166.83,83415,1897.28,35% converted — GI 50% / FF 30%
35,50,40,10,147085,117668,29417,72.87999725341797,27.12,7503.3,0.37450000643730164,0.4,0.0,21515524.0,0.4625000059604645,157016.2,29833078.0,100.0,1906323,19427.0,143282272.0,222.44,111220,1929.99,35% converted — GI 50% / FF 40%
35,50,50,0,147085,147085,0,72.72000122070312,27.28,7395.4,0.38260000944137573,0.5,0.0,24803140.0,0.46810001134872437,179914.4,34183736.0,100.0,1906323,22159.9,163430752.0,278.049,139024,1962.7,35% converted — GI 50% / FF 50%
35,60,0,40,176502,0,117668,72.72000122070312,27.28,7395.4,0.3513999879360199,0.3,0.0,12714272.0,0.44519999623298645,78508.1,14916539.0,99.9,1904919,10957.2,80826272.0,0.0,0,2093.55,35% converted — GI 60% / FF 0%
35,60,10,30,176502,29417,88251,72.55999755859375,27.44,7288.5,0.3596000075340271,0.3,0.0,15684132.0,0.45080000162124634,101406.3,19267197.0,100.0,1905702,13724.8,101237048.0,55.61,27805,2126.26,35% converted — GI 60% / FF 10%
35,60,20,20,176502,58834,58834,72.4000015258789,27.6,7182.4,0.3677000105381012,0.4,0.0,18766572.0,0.4564000070095062,124304.5,23617855.0,100.0,1906038,16465.8,121448680.0,111.22,55610,2158.97,35% converted — GI 60% / FF 20%
35,60,30,10,176502,88251,29417,72.23999786376953,27.76,7077.3,0.3758000135421753,0.4,0.0,21950060.0,0.46209999918937683,147202.7,27968513.0,100.0,1906323,19217.4,141737328.0,166.83,83415,2191.68,35% converted — GI 60% / FF 30%
35,60,40,0,176502,117668,0,72.06999969482422,27.93,6966.6,0.3840000033378601,0.5,0.0,25247876.0,0.4677000045776367,170100.9,32319171.0,100.0,1906323,21951.2,161892080.0,222.44,111220,2224.4,35% converted — GI 60% / FF 40%
35,70,0,30,205919,0,88251,71.91000366210938,28.09,6863.3,0.36090001463890076,0.3,0.0,16095612.0,0.4503999948501587,91592.8,17402632.0,100.0,1905702,13512.3,99670136.0,0.0,0,2387.95,35% converted — GI 70% / FF 0%
35,70,10,20,205919,29417,58834,71.75,28.25,6760.9,0.36910000443458557,0.4,0.0,19190240.0,0.4560000002384186,114491.0,21753290.0,100.0,1906038,16254.2,119888240.0,55.61,27805,2420.67,35% converted — GI 70% / FF 10%
35,70,20,10,205919,58834,29417,71.58999633789062,28.41,6659.4,0.37720000743865967,0.4,0.0,22384016.0,0.46160000562667847,137389.2,26103948.0,100.0,1906323,19006.7,140183424.0,111.22,55610,2453.38,35% converted — GI 70% / FF 20%
35,70,30,0,205919,88251,0,71.43000030517578,28.57,6558.7,0.3853999972343445,0.5,0.0,25691738.0,0.46720001101493835,160287.3,30454587.0,100.0,1906323,21741.3,160344608.0,166.83,83415,2486.09,35% converted — GI 70% / FF 30%
35,80,0,20,235336,0,58834,71.11000061035156,28.89,6360.1,0.37049999833106995,0.4,0.0,19615366.0,0.45559999346733093,104677.5,19888725.0,100.0,1906038,16043.6,118336176.0,0.0,0,2682.36,35% converted — GI 80% / FF 0%
35,80,10,10,235336,29417,29417,70.94000244140625,29.06,6256.0,0.37860000133514404,0.5,0.0,22819752.0,0.4611999988555908,127575.6,24239364.0,100.0,1906323,18797.0,138637920.0,55.61,27805,2715.07,35% converted — GI 80% / FF 10%
35,80,20,0,235336,58834,0,70.77999877929688,29.22,6158.8,0.38679999113082886,0.5,0.0,26136942.0,0.4668000042438507,150473.8,28590022.0,100.0,1906323,21532.5,158805456.0,111.22,55610,2747.78,35% converted — GI 80% / FF 20%
35,90,0,10,264753,0,29417,70.30000305175781,29.7,5872.7,0.3799999952316284,0.5,0.0,23258468.0,0.4607999920845032,117762.1,22374799.0,100.0,1906323,18585.7,137079472.0,0.0,0,2976.77,35% converted — GI 90% / FF 0%
35,90,10,0,264753,29417,0,70.12999725341797,29.87,5773.2,0.3882000148296356,0.5,0.0,26584664.0,0.46639999747276306,140660.3,26725457.0,100.0,1906323,21322.0,157253520.0,55.61,27805,3009.48,35% converted — GI 90% / FF 10%
35,100,0,0,294170,0,0,69.48999786376953,30.51,5407.0,0.38960000872612,0.5,0.0,27039650.0,0.4659999907016754,130846.8,24860892.0,100.0,1906323,21111.9,155704816.0,0.0,0,3271.17,35% converted — GI 100% / FF 0%
40,0,0,100,0,0,336195,77.7300033569336,22.27,11235.2,0.2957000136375427,-0.1,0.0,0.0,0.41260001063346863,0.0,0.0,83.2,1585686,-5200.7,-38374836.0,0.0,0,373.85,40% converted — GI 0% / FF 0%
40,0,10,90,0,33619,302576,77.54000091552734,22.46,11071.1,0.3041999936103821,-0.0,0.0,115182.0,0.4189999997615814,26169.0,4972110.0,92.7,1767547,-1974.3,-14567004.0,63.553,31776,411.23,40% converted — GI 0% / FF 10%
40,0,20,80,0,67239,268956,77.36000061035156,22.64,10917.0,0.31279999017715454,0.0,0.0,1562544.0,0.4253999888896942,52338.8,9944372.0,98.6,1879920,1236.4,9122040.0,127.109,63554,448.62,40% converted — GI 0% / FF 20%
40,0,30,70,0,100858,235337,77.16999816894531,22.83,10755.9,0.32170000672340393,0.1,0.0,3777095.0,0.4318000078201294,78507.9,14916501.0,99.5,1896005,4436.4,32729000.0,190.662,95331,486.0,40% converted — GI 0% / FF 30%
40,0,40,60,0,134478,201717,76.9800033569336,23.02,10596.3,0.33079999685287476,0.1,0.0,6358793.0,0.4383000135421753,104677.7,19888763.0,99.7,1900932,7614.8,56174488.0,254.217,127108,523.39,40% converted — GI 0% / FF 40%
40,0,50,50,0,168097,168098,76.80000305175781,23.2,10446.6,0.3398999869823456,0.2,0.0,9237386.0,0.4447000026702881,130846.7,24860873.0,99.8,1903371,10788.2,79580392.0,317.771,158885,560.77,40% converted — GI 0% / FF 50%
40,0,60,40,0,201717,134478,76.61000061035156,23.39,10289.9,0.3490999937057495,0.3,0.0,12395622.0,0.4510999917984009,157016.5,29833135.0,100.0,1905860,13951.3,102907128.0,381.326,190663,598.16,40% converted — GI 0% / FF 60%
40,0,70,30,0,235336,100859,76.43000030517578,23.57,10142.9,0.35839998722076416,0.3,0.0,15782261.0,0.4575999975204468,183185.5,34805245.0,100.0,1906201,17094.9,126087936.0,444.879,222439,635.54,40% converted — GI 0% / FF 70%
40,0,80,20,0,268956,67239,76.23999786376953,23.76,9989.2,0.3677000105381012,0.4,0.0,19347932.0,0.46399998664855957,209355.4,39777526.0,100.0,1906323,20220.4,149131856.0,508.434,254217,672.93,40% converted — GI 0% / FF 80%
40,0,90,10,0,302575,33620,76.05999755859375,23.94,9844.9,0.37689998745918274,0.4,0.0,22989298.0,0.47040000557899475,235524.4,44749636.0,100.0,1906323,23345.2,172168512.0,571.988,285994,710.31,40% converted — GI 0% / FF 90%
40,0,100,0,0,336195,0,75.87000274658203,24.13,9694.0,0.3862000107765198,0.5,0.0,26786684.0,0.47690001130104065,261694.2,49721898.0,100.0,1906323,26444.0,195010432.0,635.543,317771,747.7,40% converted — GI 0% / FF 100%
40,10,0,90,33619,0,302576,76.80000305175781,23.2,10446.6,0.30550000071525574,-0.0,0.0,210246.0,0.41850000619888306,14953.7,2841203.0,92.7,1767547,-2221.9,-16394154.0,0.0,0,710.31,40% converted — GI 10% / FF 0%
40,10,10,80,33619,33619,268957,76.62000274658203,23.38,10298.1,0.3142000138759613,0.0,0.0,1829535.0,0.42489999532699585,41122.8,7813332.0,98.6,1879920,989.8,7302518.0,63.553,31776,747.69,40% converted — GI 10% / FF 10%
40,10,20,70,33619,67239,235337,76.43000030517578,23.57,10142.9,0.323199987411499,0.1,0.0,4105996.0,0.43140000104904175,67292.6,12785594.0,99.5,1896005,4191.1,30919278.0,127.109,63554,785.08,40% converted — GI 10% / FF 20%
40,10,30,60,33619,100858,201718,76.25,23.75,9997.2,0.33219999074935913,0.2,0.0,6732531.0,0.43779999017715454,93461.6,17757704.0,99.7,1900932,7370.6,54373364.0,190.662,95331,822.46,40% converted — GI 10% / FF 30%
40,10,40,50,33619,134478,168098,76.05999755859375,23.94,9844.9,0.34139999747276306,0.2,0.0,9644192.0,0.4442000091075897,119631.4,22729966.0,99.8,1903371,10545.2,77787864.0,254.217,127108,859.85,40% converted — GI 10% / FF 40%
40,10,50,40,33619,168097,134479,75.87000274658203,24.13,9694.0,0.3506999909877777,0.3,0.0,12842409.0,0.4505999982357025,145800.4,27702076.0,100.0,1905860,13709.3,101122624.0,317.771,158885,897.23,40% converted — GI 10% / FF 50%
40,10,60,30,33619,201717,100859,75.69000244140625,24.31,9552.3,0.36000001430511475,0.3,0.0,16253505.0,0.4571000039577484,171970.2,32674338.0,100.0,1906201,16854.2,124312488.0,381.326,190663,934.62,40% converted — GI 10% / FF 60%
40,10,70,20,33619,235336,67240,75.5,24.5,9404.3,0.3691999912261963,0.4,0.0,19835202.0,0.4634999930858612,198139.3,37646467.0,100.0,1906323,19980.7,147364624.0,444.879,222439,972.0,40% converted — GI 10% / FF 70%
40,10,80,10,33619,268956,33620,75.31999969482422,24.68,9265.3,0.3785000145435333,0.4,0.0,23490340.0,0.4699000120162964,224309.1,42618729.0,100.0,1906323,23106.7,170410000.0,508.434,254217,1009.39,40% converted — GI 10% / FF 80%
40,10,90,0,33619,302575,1,75.12999725341797,24.87,9120.0,0.38769999146461487,0.5,0.0,27299352.0,0.4763999879360199,250478.1,47590839.0,100.0,1906323,26206.4,193259664.0,571.988,285994,1046.77,40% converted — GI 10% / FF 90%
40,20,0,80,67239,0,268956,75.87999725341797,24.12,9701.9,0.3156000077724457,0.1,0.0,2104251.0,0.4244000017642975,29907.9,5682501.0,98.6,1879920,743.4,5484864.0,0.0,0,1046.78,40% converted — GI 20% / FF 0%
40,20,10,70,67239,33619,235337,75.69000244140625,24.31,9552.3,0.3246000111103058,0.1,0.0,4440554.0,0.4309000074863434,56076.9,10654611.0,99.5,1896005,3945.7,29109190.0,63.553,31776,1084.16,40% converted — GI 20% / FF 10%
40,20,20,60,67239,67239,201717,75.51000213623047,24.49,9412.0,0.3337000012397766,0.2,0.0,7110033.0,0.4372999966144562,82246.7,15626873.0,99.7,1900932,7126.4,52571932.0,127.109,63554,1121.55,40% converted — GI 20% / FF 20%
40,20,30,50,67239,100858,168098,75.31999969482422,24.68,9265.3,0.34290000796318054,0.2,0.0,10055305.0,0.44369998574256897,108415.8,20599002.0,99.8,1903371,10302.1,75994936.0,190.662,95331,1158.93,40% converted — GI 20% / FF 30%
40,20,40,40,67239,134478,134478,75.13999938964844,24.86,9127.6,0.3522000014781952,0.3,0.0,13293477.0,0.45010000467300415,134585.6,25571264.0,100.0,1905860,13467.4,99338816.0,254.217,127108,1196.32,40% converted — GI 20% / FF 40%
40,20,50,30,67239,168097,100859,74.94999694824219,25.05,8983.6,0.36149999499320984,0.3,0.0,16726129.0,0.45660001039505005,160754.6,30543374.0,100.0,1906201,16613.3,122536680.0,317.771,158885,1233.7,40% converted — GI 20% / FF 50%
40,20,60,20,67239,201717,67239,74.76000213623047,25.24,8841.0,0.3707999885082245,0.4,0.0,20322924.0,0.46299999952316284,186924.4,35515636.0,100.0,1906323,19741.0,145597536.0,381.326,190663,1271.09,40% converted — GI 20% / FF 60%
40,20,70,10,67239,235336,33620,74.58000183105469,25.42,8707.2,0.3801000118255615,0.5,0.0,23991708.0,0.46939998865127563,213093.4,40487746.0,100.0,1906323,22868.1,168650928.0,444.879,222439,1308.47,40% converted — GI 20% / FF 70%
40,20,80,0,67239,268956,0,74.38999938964844,25.61,8567.3,0.38929998874664307,0.5,0.0,27812328.0,0.47589999437332153,239263.3,45460027.0,100.0,1906323,25969.0,191509600.0,508.434,254217,1345.86,40% converted — GI 20% / FF 80%
40,30,0,70,100858,0,235337,74.94999694824219,25.05,8983.6,0.3260999917984009,0.1,0.0,4783198.0,0.430400013923645,44861.6,8523704.0,99.5,1896005,3699.9,27296132.0,0.0,0,1383.24,40% converted — GI 30% / FF 0%
40,30,10,60,100858,33619,201718,74.7699966430664,25.23,8848.5,0.3352000117301941,0.2,0.0,7494693.0,0.4368000030517578,71030.7,13495833.0,99.7,1900932,6881.8,50767444.0,63.553,31776,1420.62,40% converted — GI 30% / FF 10%
40,30,20,50,100858,67239,168098,74.58000183105469,25.42,8707.2,0.34450000524520874,0.2,0.0,10474380.0,0.4431999921798706,97200.5,18468095.0,99.8,1903371,10058.6,74199144.0,127.109,63554,1458.01,40% converted — GI 30% / FF 20%
40,30,30,40,100858,100858,134479,74.4000015258789,25.6,8574.6,0.3537999987602234,0.3,0.0,13752796.0,0.4496999979019165,123369.5,23440205.0,100.0,1905860,13225.0,97551144.0,190.662,95331,1495.39,40% converted — GI 30% / FF 30%
40,30,40,30,100858,134478,100859,74.20999908447266,25.79,8436.0,0.36309999227523804,0.4,0.0,17204396.0,0.4560999870300293,149539.3,28412467.0,100.0,1906201,16372.1,120757944.0,254.217,127108,1532.78,40% converted — GI 30% / FF 40%
40,30,50,20,100858,168097,67240,74.02999877929688,25.97,8306.0,0.3723999857902527,0.4,0.0,20815676.0,0.4625000059604645,175708.3,33384577.0,100.0,1906323,19500.8,143826896.0,317.771,158885,1570.16,40% converted — GI 30% / FF 50%
40,30,60,10,100858,201717,33620,73.83999633789062,26.16,8170.0,0.3817000091075897,0.5,0.0,24497930.0,0.46889999508857727,201878.2,38356858.0,100.0,1906323,22629.1,166889152.0,381.326,190663,1607.55,40% converted — GI 30% / FF 60%
40,30,70,0,100858,235336,1,73.6500015258789,26.35,8035.4,0.39089998602867126,0.5,0.0,28329494.0,0.47540000081062317,228047.2,43328968.0,100.0,1906323,25731.1,189755776.0,444.879,222439,1644.93,40% converted — GI 30% / FF 70%
40,40,0,60,134478,0,201717,74.02999877929688,25.97,8306.0,0.3366999924182892,0.2,0.0,7880970.0,0.43630000948905945,59815.8,11365002.0,99.7,1900932,6637.6,48966140.0,0.0,0,1719.7,40% converted — GI 40% / FF 0%
40,40,10,50,134478,33619,168098,73.83999633789062,26.16,8170.0,0.34599998593330383,0.2,0.0,10896073.0,0.44269999861717224,85984.8,16337112.0,99.8,1903371,9815.5,72406360.0,63.553,31776,1757.09,40% converted — GI 40% / FF 10%
40,40,20,40,134478,67239,134478,73.66000366210938,26.34,8042.4,0.35530000925064087,0.3,0.0,14210385.0,0.44920000433921814,112154.7,21309393.0,100.0,1905860,12983.1,95767392.0,127.109,63554,1794.47,40% converted — GI 40% / FF 20%
40,40,30,30,134478,100858,100859,73.47000122070312,26.53,7909.1,0.3646000027656555,0.4,0.0,17679998.0,0.45559999346733093,138323.7,26281503.0,100.0,1906201,16131.3,118982272.0,190.662,95331,1831.86,40% converted — GI 40% / FF 30%
40,40,40,20,134478,134478,67239,73.29000091552734,26.71,7783.9,0.37400001287460327,0.4,0.0,21305626.0,0.4620000123977661,164493.5,31253765.0,100.0,1906323,19261.2,142060096.0,254.217,127108,1869.24,40% converted — GI 40% / FF 40%
40,40,50,10,134478,168097,33620,73.0999984741211,26.9,7653.1,0.3833000063896179,0.5,0.0,25001538.0,0.4684000015258789,190662.5,36225875.0,100.0,1906323,22390.5,165130480.0,317.771,158885,1906.63,40% converted — GI 40% / FF 50%
40,40,60,0,134478,201717,0,72.91999816894531,27.08,7530.4,0.39250001311302185,0.5,0.0,28844240.0,0.4749000072479248,216832.3,41198137.0,100.0,1906323,25493.7,188005904.0,381.326,190663,1944.01,40% converted — GI 40% / FF 60%
40,50,0,50,168097,0,168098,73.0999984741211,26.9,7653.1,0.3474999964237213,0.3,0.0,11326952.0,0.4422000050544739,74769.5,14206205.0,99.8,1903371,9571.6,70607416.0,0.0,0,2056.16,40% converted — GI 50% / FF 0%
40,50,10,40,168097,33619,134479,72.91999816894531,27.08,7530.4,0.35690000653266907,0.3,0.0,14675828.0,0.4487000107765198,100938.6,19178334.0,100.0,1905860,12740.3,93976584.0,63.553,31776,2093.55,40% converted — GI 50% / FF 10%
40,50,20,30,168097,67239,100859,72.7300033569336,27.27,7402.2,0.3662000000476837,0.4,0.0,18162808.0,0.45509999990463257,127108.4,24150596.0,100.0,1906201,15889.6,117200568.0,127.109,63554,2130.93,40% converted — GI 50% / FF 20%
40,50,30,20,168097,100858,67240,72.55000305175781,27.45,7281.8,0.37549999356269836,0.4,0.0,21801852.0,0.46149998903274536,153277.4,29122706.0,100.0,1906323,19020.6,140286336.0,190.662,95331,2168.32,40% converted — GI 50% / FF 30%
40,50,40,10,168097,134478,33620,72.36000061035156,27.64,7156.1,0.3849000036716461,0.5,0.0,25510878.0,0.46799999475479126,179447.2,34094968.0,100.0,1906323,22151.1,163365584.0,254.217,127108,2205.7,40% converted — GI 50% / FF 40%
40,50,50,0,168097,168097,1,72.18000030517578,27.82,7038.1,0.39419999718666077,0.5,0.0,29364322.0,0.47440001368522644,205616.3,39067097.0,100.0,1906323,25255.3,186248752.0,317.771,158885,2243.09,40% converted — GI 50% / FF 50%
40,60,0,40,201717,0,134478,72.18000030517578,27.82,7038.1,0.35839998722076416,0.3,0.0,15144951.0,0.448199987411499,89723.7,17047503.0,100.0,1905860,12497.1,92183496.0,0.0,0,2392.63,40% converted — GI 60% / FF 0%
40,60,10,30,201717,33619,100859,71.98999786376953,28.01,6914.8,0.3677999973297119,0.4,0.0,18649034.0,0.4546000063419342,115892.8,22019632.0,100.0,1906201,15647.6,115415504.0,63.553,31776,2430.02,40% converted — GI 60% / FF 10%
40,60,20,20,201717,67239,67239,71.80999755859375,28.19,6799.2,0.37709999084472656,0.4,0.0,22301910.0,0.460999995470047,142062.6,26991894.0,100.0,1906323,18779.7,138510256.0,127.109,63554,2467.4,40% converted — GI 60% / FF 20%
40,60,30,10,201717,100858,33620,71.62000274658203,28.38,6678.3,0.3865000009536743,0.5,0.0,26024064.0,0.4675000011920929,168231.6,31964004.0,100.0,1906323,21911.3,161597504.0,190.662,95331,2504.79,40% converted — GI 60% / FF 30%
40,60,40,0,201717,134478,0,71.44000244140625,28.56,6565.0,0.39579999446868896,0.6,0.0,29889254.0,0.4738999903202057,194401.4,36936266.0,100.0,1906323,25016.7,184489712.0,254.217,127108,2542.17,40% converted — GI 60% / FF 40%
40,70,0,30,235336,0,100859,71.25,28.75,6446.6,0.3693999946117401,0.4,0.0,19132334.0,0.45410001277923584,104677.5,19888725.0,100.0,1906201,15405.8,113632536.0,0.0,0,2729.09,40% converted — GI 70% / FF 0%
40,70,10,20,235336,33619,67240,71.06999969482422,28.93,6335.5,0.37869998812675476,0.5,0.0,22798514.0,0.46050000190734863,130846.5,24860835.0,100.0,1906323,18539.0,136735360.0,63.553,31776,2766.48,40% converted — GI 70% / FF 10%
40,70,20,10,235336,67239,33620,70.87999725341797,29.12,6219.4,0.3880999982357025,0.5,0.0,26533450.0,0.46700000762939453,157016.3,29833097.0,100.0,1906323,21671.7,159831552.0,127.109,63554,2803.86,40% converted — GI 70% / FF 20%
40,70,30,0,235336,100858,1,70.69999694824219,29.3,6110.6,0.39739999175071716,0.6,0.0,30409810.0,0.4733999967575073,183185.3,34805207.0,100.0,1906323,24778.2,182731712.0,190.662,95331,2841.25,40% converted — GI 70% / FF 30%
40,80,0,20,268956,0,67239,70.33000183105469,29.67,5890.3,0.38029998540878296,0.5,0.0,23301794.0,0.46000000834465027,119631.6,22730004.0,100.0,1906323,18298.6,134962640.0,0.0,0,3065.56,40% converted — GI 80% / FF 0%
40,80,10,10,268956,33619,33620,70.13999938964844,29.86,5779.0,0.3896999955177307,0.5,0.0,27048876.0,0.46650001406669617,145800.7,27702133.0,100.0,1906323,21432.3,158067072.0,63.553,31776,3102.94,40% converted — GI 80% / FF 10%
40,80,20,0,268956,67239,0,69.95999908447266,30.04,5674.6,0.39899998903274536,0.6,0.0,30936628.0,0.47290000319480896,171970.5,32674395.0,100.0,1906323,24540.0,180975920.0,127.109,63554,3140.33,40% converted — GI 80% / FF 20%
40,90,0,10,302575,0,33620,69.41000366210938,30.59,5362.2,0.3912999927997589,0.5,0.0,27561694.0,0.4659999907016754,134585.4,25571226.0,100.0,1906323,21191.8,156293712.0,0.0,0,3402.02,40% converted — GI 90% / FF 0%
40,90,10,0,302575,33619,1,69.22000122070312,30.78,5256.5,0.40059998631477356,0.6,0.0,31460298.0,0.4724000096321106,160754.4,30543336.0,100.0,1906323,24300.5,179210592.0,63.553,31776,3439.4,40% converted — GI 90% / FF 10%
40,100,0,0,336195,0,0,68.4800033569336,31.52,4856.0,0.40220001339912415,0.6,0.0,31995538.0,0.47189998626708984,149539.5,28412505.0,100.0,1906323,24062.0,177452368.0,0.0,0,3738.49,40% converted — GI 100% / FF 0%
45,0,0,100,0,0,378219,77.87999725341797,22.12,11365.8,0.29420000314712524,-0.1,0.0,0.0,0.41110000014305115,0.0,0.0,82.2,1566285,-5850.9,-43172800.0,0.0,0,420.58,45% converted — GI 0% / FF 0%
45,0,10,90,0,37821,340398,77.66999816894531,22.33,11183.2,0.30379998683929443,-0.0,0.0,136351.0,0.41830000281333923,29439.9,5593581.0,93.3,1777974,-2231.9,-16467763.0,71.497,35748,462.64,45% converted — GI 0% / FF 10%
45,0,20,80,0,75643,302576,77.45999908447266,22.54,11002.4,0.31360000371932983,0.0,0.0,1821036.0,0.42559999227523804,58880.5,11187295.0,98.8,1884229,1391.8,10268442.0,142.996,71498,504.69,45% converted — GI 0% / FF 20%
45,0,30,70,0,113465,264754,77.25,22.75,10823.6,0.3237000107765198,0.1,0.0,4381464.0,0.4327999949455261,88321.2,16781028.0,99.6,1897822,4984.6,36773036.0,214.494,107247,546.75,45% converted — GI 0% / FF 30%
45,0,40,60,0,151287,226932,77.04000091552734,22.96,10646.6,0.33410000801086426,0.2,0.0,7410246.0,0.4399999976158142,117761.8,22374742.0,99.8,1901990,8561.1,63154444.0,285.993,142996,588.81,45% converted — GI 0% / FF 40%
45,0,50,50,0,189109,189110,76.83000183105469,23.17,10471.4,0.34450000524520874,0.2,0.0,10775611.0,0.447299987077713,147202.4,27968456.0,100.0,1905775,12116.6,89376904.0,357.492,178746,630.87,45% converted — GI 0% / FF 50%
45,0,60,40,0,226931,151288,76.62000274658203,23.38,10298.1,0.35499998927116394,0.3,0.0,14518254.0,0.4544999897480011,176643.1,33562189.0,100.0,1906082,15679.7,115652136.0,428.99,214495,672.93,45% converted — GI 0% / FF 60%
45,0,70,30,0,264753,113466,76.41000366210938,23.59,10126.7,0.3653999865055084,0.4,0.0,18466806.0,0.4616999924182892,206083.7,39155903.0,100.0,1906320,19204.6,141642512.0,500.489,250244,714.98,45% converted — GI 0% / FF 70%
45,0,80,20,0,302575,75644,76.20999908447266,23.79,9965.0,0.375900000333786,0.4,0.0,22546882.0,0.4690000116825104,235524.4,44749636.0,100.0,1906323,22704.6,167446128.0,571.988,285994,757.04,45% converted — GI 0% / FF 80%
45,0,90,10,0,340397,37822,76.0,24.0,9797.1,0.3862999975681305,0.5,0.0,26739588.0,0.47620001435279846,264965.0,50343350.0,100.0,1906323,26198.8,193203536.0,643.486,321743,799.1,45% converted — GI 0% / FF 90%
45,0,100,0,0,378219,0,75.79000091552734,24.21,9630.9,0.396699994802475,0.6,0.0,31099584.0,0.48339998722076416,294405.7,55937083.0,100.0,1906323,29672.3,218804688.0,714.985,357492,841.16,45% converted — GI 0% / FF 100%
45,10,0,90,37821,0,340398,76.83999633789062,23.16,10479.7,0.3052999973297119,-0.0,0.0,254859.0,0.41780000925064087,16822.8,3196332.0,93.3,1777974,-2509.6,-18516720.0,0.0,0,799.09,45% converted — GI 10% / FF 0%
45,10,10,80,37821,37821,302577,76.62999725341797,23.37,10306.3,0.31520000100135803,0.1,0.0,2134029.0,0.42500001192092896,46262.6,8789894.0,98.8,1884229,1115.6,8230378.0,71.497,35748,841.15,45% converted — GI 10% / FF 10%
45,10,20,70,37821,75643,264755,76.41999816894531,23.58,10134.8,0.3253999948501587,0.1,0.0,4768129.0,0.43220001459121704,75703.3,14383627.0,99.6,1897822,4709.8,34746008.0,142.996,71498,883.21,45% converted — GI 10% / FF 20%
45,10,30,60,37821,113465,226933,76.20999908447266,23.79,9965.0,0.33570000529289246,0.2,0.0,7848142.0,0.43950000405311584,105143.9,19977341.0,99.8,1901990,8287.6,61136668.0,214.494,107247,925.27,45% converted — GI 10% / FF 30%
45,10,40,50,37821,151287,189111,76.0,24.0,9797.1,0.34619998931884766,0.2,0.0,11261346.0,0.44670000672340393,134584.6,25571074.0,100.0,1905775,11844.6,87371360.0,285.993,142996,967.32,45% converted — GI 10% / FF 40%
45,10,50,40,37821,189109,151289,75.79000091552734,24.21,9630.9,0.35670000314712524,0.3,0.0,15045416.0,0.45399999618530273,164025.2,31164788.0,100.0,1906082,15409.1,113657456.0,357.492,178746,1009.38,45% converted — GI 10% / FF 50%
45,10,60,30,37821,226931,113467,75.58000183105469,24.42,9466.4,0.36719998717308044,0.4,0.0,19014812.0,0.4611999988555908,193465.9,36758521.0,100.0,1906320,18935.3,139657184.0,428.99,214495,1051.44,45% converted — GI 10% / FF 60%
45,10,70,20,37821,264753,75645,75.37000274658203,24.63,9303.8,0.37770000100135803,0.4,0.0,23110506.0,0.4684000015258789,222906.5,42352235.0,100.0,1906323,22436.9,165472480.0,500.489,250244,1093.5,45% converted — GI 10% / FF 70%
45,10,80,10,37821,302575,37823,75.16999816894531,24.83,9150.4,0.3880999982357025,0.5,0.0,27317844.0,0.4756999909877777,252347.2,47945968.0,100.0,1906323,25932.5,191240272.0,571.988,285994,1135.56,45% converted — GI 10% / FF 80%
45,10,90,0,37821,340397,1,74.95999908447266,25.04,8991.1,0.398499995470047,0.6,0.0,31692678.0,0.4828999936580658,281787.8,53539682.0,100.0,1906323,29407.3,216851520.0,643.486,321743,1177.61,45% converted — GI 10% / FF 90%
45,20,0,80,75643,0,302576,75.80000305175781,24.2,9638.7,0.31679999828338623,0.1,0.0,2455930.0,0.4244999885559082,33646.0,6392740.0,98.8,1884229,837.4,6178308.0,0.0,0,1177.61,45% converted — GI 20% / FF 0%
45,20,10,70,75643,37821,264755,75.58999633789062,24.41,9474.2,0.3269999921321869,0.1,0.0,5160998.0,0.4316999912261963,63085.9,11986321.0,99.6,1897822,4433.1,32704828.0,71.497,35748,1219.67,45% converted — GI 20% / FF 10%
45,20,20,60,75643,75643,226933,75.37999725341797,24.62,9311.5,0.3375000059604645,0.2,0.0,8293030.0,0.4388999938964844,92526.5,17580035.0,99.8,1901990,8012.3,59106432.0,142.996,71498,1261.73,45% converted — GI 20% / FF 20%
45,20,30,50,75643,113465,189111,75.16999816894531,24.83,9150.4,0.34790000319480896,0.3,0.0,11754642.0,0.44620001316070557,121967.2,23173768.0,100.0,1905775,11570.8,85352096.0,214.494,107247,1303.79,45% converted — GI 20% / FF 30%
45,20,40,40,75643,151287,151289,74.95999908447266,25.04,8991.1,0.35850000381469727,0.3,0.0,15576176.0,0.45339998602867126,151407.8,28767482.0,100.0,1906082,15136.8,111648976.0,285.993,142996,1345.85,45% converted — GI 20% / FF 40%
45,20,50,30,75643,189109,113467,74.75,25.25,8833.5,0.36899998784065247,0.4,0.0,19565996.0,0.46059998869895935,180848.5,34361215.0,100.0,1906320,18664.3,137659440.0,357.492,178746,1387.9,45% converted — GI 20% / FF 50%
45,20,60,20,75643,226931,75645,74.54000091552734,25.46,8677.6,0.37940001487731934,0.5,0.0,23677780.0,0.46790000796318054,210289.1,39954929.0,100.0,1906323,22167.3,163485408.0,428.99,214495,1429.96,45% converted — GI 20% / FF 60%
45,20,70,10,75643,264753,37823,74.33000183105469,25.67,8523.4,0.38989999890327454,0.5,0.0,27900420.0,0.47510001063346863,239729.7,45548643.0,100.0,1906323,25664.4,189264240.0,500.489,250244,1472.02,45% converted — GI 20% / FF 70%
45,20,80,0,75643,302575,1,74.12999725341797,25.87,8378.1,0.400299996137619,0.6,0.0,32289988.0,0.4823000133037567,269170.4,51142376.0,100.0,1906323,29140.6,214885840.0,571.988,285994,1514.08,45% converted — GI 20% / FF 80%
45,30,0,70,113465,0,264754,74.76000213623047,25.24,8841.0,0.3287000060081482,0.1,0.0,5559606.0,0.4311000108718872,50469.2,9589148.0,99.6,1897822,4157.2,30669524.0,0.0,0,1556.14,45% converted — GI 30% / FF 0%
45,30,10,60,113465,37821,226933,74.55000305175781,25.45,8685.0,0.3391999900341034,0.2,0.0,8740367.0,0.438400000333786,79909.1,15182729.0,99.8,1901990,7737.9,57082072.0,71.497,35748,1598.19,45% converted — GI 30% / FF 10%
45,30,20,50,113465,75643,189111,74.33999633789062,25.66,8530.7,0.349700003862381,0.3,0.0,12251079.0,0.4456000030040741,109349.7,20776443.0,100.0,1905775,11297.8,83338520.0,142.996,71498,1640.25,45% converted — GI 30% / FF 20%
45,30,30,40,113465,113465,151289,74.12999725341797,25.87,8378.1,0.3601999878883362,0.3,0.0,16104360.0,0.4528000056743622,138790.4,26370176.0,100.0,1906082,14865.2,109646320.0,214.494,107247,1682.31,45% converted — GI 30% / FF 30%
45,30,40,30,113465,151287,113467,73.91999816894531,26.08,8227.1,0.37070000171661377,0.4,0.0,20113640.0,0.460099995136261,168231.0,31963890.0,100.0,1906320,18394.2,135667568.0,285.993,142996,1724.37,45% converted — GI 30% / FF 40%
45,30,50,20,113465,189109,75645,73.70999908447266,26.29,8077.7,0.38119998574256897,0.5,0.0,24241996.0,0.4672999978065491,197671.7,37557623.0,100.0,1906323,21898.6,161504016.0,357.492,178746,1766.43,45% converted — GI 30% / FF 50%
45,30,60,10,113465,226931,37823,73.5,26.5,7930.0,0.39169999957084656,0.5,0.0,28479206.0,0.47450000047683716,227112.3,43151337.0,100.0,1906323,25397.0,187293248.0,428.99,214495,1808.48,45% converted — GI 30% / FF 60%
45,30,70,0,113465,264753,1,73.29000091552734,26.71,7783.9,0.40209999680519104,0.6,0.0,32883620.0,0.48179998993873596,256553.0,48745070.0,100.0,1906323,28874.6,212925696.0,500.489,250244,1850.54,45% converted — GI 30% / FF 70%
45,40,0,60,151287,0,226932,73.70999908447266,26.29,8077.7,0.3409000039100647,0.2,0.0,9196906.0,0.43779999017715454,67292.5,12785575.0,99.8,1901990,7463.3,55057028.0,0.0,0,1934.66,45% converted — GI 40% / FF 0%
45,40,10,50,151287,37821,189111,73.51000213623047,26.49,7937.0,0.3513999879360199,0.3,0.0,12757788.0,0.4449999928474426,96732.3,18379137.0,100.0,1905775,11024.5,81322784.0,71.497,35748,1976.72,45% converted — GI 40% / FF 10%
45,40,20,40,151287,75643,151289,73.30000305175781,26.7,7790.9,0.3619999885559082,0.3,0.0,16638525.0,0.4523000121116638,126173.0,23972870.0,100.0,1906082,14593.3,107641352.0,142.996,71498,2018.77,45% converted — GI 40% / FF 20%
45,40,30,30,151287,113465,113467,73.08999633789062,26.91,7646.3,0.3725000023841858,0.4,0.0,20666834.0,0.4595000147819519,155613.6,29566584.0,100.0,1906320,18123.7,133673496.0,214.494,107247,2060.83,45% converted — GI 40% / FF 30%
45,40,40,20,151287,151287,75645,72.87999725341797,27.12,7503.3,0.382999986410141,0.5,0.0,24811932.0,0.4666999876499176,185054.3,35160317.0,100.0,1906323,21629.5,159520672.0,285.993,142996,2102.89,45% converted — GI 40% / FF 40%
45,40,50,10,151287,189109,37823,72.66999816894531,27.33,7361.9,0.3935000002384186,0.5,0.0,29063752.0,0.4740000069141388,214494.9,40754031.0,100.0,1906323,25129.4,185320592.0,357.492,178746,2144.95,45% converted — GI 40% / FF 50%
45,40,60,0,151287,226931,1,72.45999908447266,27.54,7222.1,0.40389999747276306,0.6,0.0,33483486.0,0.4812000095844269,243935.5,46347745.0,100.0,1906323,28608.4,210963520.0,428.99,214495,2187.01,45% converted — GI 40% / FF 60%
45,50,0,50,189109,0,189110,72.66999816894531,27.33,7361.9,0.3531999886035919,0.3,0.0,13268100.0,0.44449999928474426,84115.7,15981983.0,100.0,1905775,10751.2,79307576.0,0.0,0,2313.18,45% converted — GI 50% / FF 0%
45,50,10,40,189109,37821,151289,72.47000122070312,27.53,7228.7,0.3637000024318695,0.4,0.0,17173034.0,0.45170000195503235,113555.5,21575545.0,100.0,1906082,14321.5,105636960.0,71.497,35748,2355.24,45% converted — GI 50% / FF 10%
45,50,20,30,189109,75643,113467,72.26000213623047,27.74,7090.4,0.3743000030517578,0.4,0.0,21219702.0,0.45899999141693115,142996.2,27169278.0,100.0,1906320,17853.3,131679704.0,142.996,71498,2397.3,45% converted — GI 50% / FF 20%
45,50,30,20,189109,113465,75645,72.05000305175781,27.95,6953.6,0.384799987077713,0.5,0.0,25381842.0,0.46619999408721924,172436.8,32762992.0,100.0,1906323,21360.5,157537472.0,214.494,107247,2439.36,45% converted — GI 50% / FF 30%
45,50,40,10,189109,151287,37823,71.83999633789062,28.16,6818.4,0.3953000009059906,0.6,0.0,29647498.0,0.4733999967575073,201877.5,38356725.0,100.0,1906323,24861.8,183347936.0,285.993,142996,2481.41,45% converted — GI 50% / FF 40%
45,50,50,0,189109,189109,1,71.62999725341797,28.37,6684.7,0.4056999981403351,0.6,0.0,34082848.0,0.48069998621940613,231318.1,43950439.0,100.0,1906323,28342.2,209001552.0,357.492,178746,2523.47,45% converted — GI 50% / FF 50%
45,60,0,40,226931,0,151288,71.62999725341797,28.37,6684.7,0.36550000309944153,0.4,0.0,17713404.0,0.451200008392334,100938.9,19178391.0,100.0,1906082,14047.5,103616944.0,0.0,0,2691.7,45% converted — GI 60% / FF 0%
45,60,10,30,226931,37821,113467,71.43000030517578,28.57,6558.7,0.37610000371932983,0.4,0.0,21777536.0,0.45840001106262207,130378.8,24771972.0,100.0,1906320,17580.8,129670480.0,71.497,35748,2733.76,45% converted — GI 60% / FF 10%
45,60,20,20,226931,75643,75645,71.22000122070312,28.78,6428.0,0.38659998774528503,0.5,0.0,25956886.0,0.46560001373291016,159819.4,30365686.0,100.0,1906323,21089.4,155539040.0,142.996,71498,2775.82,45% converted — GI 60% / FF 20%
45,60,30,10,226931,113465,37823,71.01000213623047,28.99,6298.7,0.3971000015735626,0.6,0.0,30236618.0,0.47290000319480896,189260.1,35959419.0,100.0,1906323,24592.1,181360176.0,214.494,107247,2817.88,45% converted — GI 60% / FF 30%
45,60,40,0,226931,151287,1,70.80000305175781,29.2,6170.9,0.4075999855995178,0.6,0.0,34687848.0,0.48010000586509705,218700.7,41553133.0,100.0,1906323,28073.9,207024384.0,285.993,142996,2859.94,45% converted — GI 60% / FF 40%
45,70,0,30,264753,0,113466,70.58999633789062,29.41,6044.7,0.37790000438690186,0.4,0.0,22335790.0,0.4578000009059906,117762.1,22374799.0,100.0,1906320,17309.9,127672704.0,0.0,0,3070.23,45% converted — GI 70% / FF 0%
45,70,10,20,264753,37821,75645,70.38999938964844,29.61,5925.7,0.38850000500679016,0.5,0.0,26532070.0,0.4650999903678894,147202.0,27968380.0,100.0,1906323,20819.7,153550640.0,71.497,35748,3112.28,45% converted — GI 70% / FF 10%
45,70,20,10,264753,75643,37823,70.18000030517578,29.82,5802.3,0.39899998903274536,0.6,0.0,30826844.0,0.4722999930381775,176642.6,33562094.0,100.0,1906323,24323.8,179382576.0,142.996,71498,3154.34,45% converted — GI 70% / FF 20%
45,70,30,0,264753,113465,1,69.97000122070312,30.03,5680.4,0.40939998626708984,0.6,0.0,35294296.0,0.4794999957084656,206083.3,39155827.0,100.0,1906323,27807.0,205057296.0,214.494,107247,3196.4,45% converted — GI 70% / FF 30%
45,80,0,20,302575,0,75644,69.55000305175781,30.45,5440.8,0.3903000056743622,0.5,0.0,27109458.0,0.4645000100135803,134585.4,25571226.0,100.0,1906323,20550.5,151565360.0,0.0,0,3448.75,45% converted — GI 80% / FF 0%
45,80,10,10,302575,37821,37823,69.3499984741211,30.65,5328.7,0.4007999897003174,0.6,0.0,31418908.0,0.4717999994754791,164025.2,31164788.0,100.0,1906323,24055.9,177407712.0,71.497,35748,3490.81,45% converted — GI 80% / FF 10%
45,80,20,0,302575,75643,1,69.13999938964844,30.86,5212.4,0.41119998693466187,0.7,0.0,35903768.0,0.4790000021457672,193465.9,36758521.0,100.0,1906323,27540.6,203092880.0,142.996,71498,3532.87,45% converted — GI 80% / FF 20%
45,90,0,10,340397,0,37822,68.51000213623047,31.49,4871.9,0.4025999903678894,0.6,0.0,32012264.0,0.47119998931884766,151408.6,28767634.0,100.0,1906323,23787.0,175425312.0,0.0,0,3827.27,45% converted — GI 90% / FF 0%
45,90,10,0,340397,37821,1,68.30999755859375,31.69,4766.4,0.413100004196167,0.7,0.0,36515092.0,0.47839999198913574,180848.5,34361215.0,100.0,1906323,27273.0,201120800.0,71.497,35748,3869.33,45% converted — GI 90% / FF 10%
45,100,0,0,378219,0,0,67.47000122070312,32.53,4337.1,0.414900004863739,0.7,0.0,37137980.0,0.4778999984264374,168231.8,31964042.0,100.0,1906323,27005.5,199149936.0,0.0,0,4205.8,45% converted — GI 100% / FF 0%
50,0,0,100,0,0,420244,78.0199966430664,21.98,11488.7,0.29269999265670776,-0.1,0.0,0.0,0.40959998965263367,0.0,0.0,81.0,1544845,-6507.2,-48016524.0,0.0,0,467.31,50% converted — GI 0% / FF 0%
50,0,10,90,0,42024,378220,77.79000091552734,22.21,11287.3,0.3034000098705292,-0.0,0.0,168368.0,0.41769999265670776,32711.5,6215185.0,93.9,1790080,-2466.8,-18201288.0,79.442,39721,514.04,50% converted — GI 0% / FF 10%
50,0,20,80,0,84048,336196,77.55999755859375,22.44,11088.3,0.31439998745918274,0.0,0.0,2059105.0,0.42570000886917114,65423.0,12430370.0,99.3,1892133,1545.8,11404272.0,158.884,79442,560.77,50% converted — GI 0% / FF 20%
50,0,30,70,0,126073,294171,77.33000183105469,22.67,10891.5,0.32580000162124634,0.1,0.0,5021666.0,0.43380001187324524,98135.2,18645688.0,99.6,1898694,5530.5,40800324.0,238.328,119164,607.5,50% converted — GI 0% / FF 30%
50,0,40,60,0,168097,252147,77.0999984741211,22.9,10696.9,0.33739998936653137,0.2,0.0,8486802.0,0.44179999828338623,130846.7,24860873.0,100.0,1905594,9501.5,70089960.0,317.771,158885,654.24,50% converted — GI 0% / FF 40%
50,0,50,50,0,210122,210122,76.86000061035156,23.14,10496.3,0.3490999937057495,0.3,0.0,12406508.0,0.4498000144958496,163559.0,31076210.0,100.0,1906282,13449.4,99206264.0,397.215,198607,700.97,50% converted — GI 0% / FF 50%
50,0,60,40,0,252146,168098,76.62999725341797,23.37,10306.3,0.36079999804496765,0.3,0.0,16705379.0,0.4578999876976013,196270.4,37291376.0,100.0,1906323,17379.9,128188848.0,476.657,238328,747.7,50% converted — GI 0% / FF 60%
50,0,70,30,0,294170,126074,76.4000015258789,23.6,10118.5,0.3725000023841858,0.4,0.0,21213536.0,0.4659000039100647,228981.9,43506561.0,100.0,1906323,21292.2,157033808.0,556.099,278049,794.43,50% converted — GI 0% / FF 70%
50,0,80,20,0,336195,84049,76.16999816894531,23.83,9932.9,0.3840999901294708,0.5,0.0,25830852.0,0.4738999903202057,261694.2,49721898.0,100.0,1906323,25172.0,185635072.0,635.543,317771,841.16,50% converted — GI 0% / FF 80%
50,0,90,10,0,378219,42025,75.94000244140625,24.06,9749.4,0.39570000767707825,0.6,0.0,30599884.0,0.4819999933242798,294405.7,55937083.0,100.0,1906323,29047.7,214201632.0,714.985,357492,887.89,50% converted — GI 0% / FF 90%
50,0,100,0,0,420244,0,75.70999908447266,24.29,9568.0,0.40709999203681946,0.6,0.0,35550320.0,0.49000000953674316,327117.9,62152401.0,100.0,1906323,32884.3,242475648.0,794.429,397214,934.62,50% converted — GI 0% / FF 100%
50,10,0,90,42024,0,378220,76.87000274658203,23.13,10504.6,0.3050999939441681,-0.0,0.0,296124.0,0.4171000123023987,18692.3,3551537.0,93.9,1790080,-2776.7,-20488244.0,0.0,0,887.89,50% converted — GI 10% / FF 0%
50,10,10,80,42024,42024,336196,76.63999938964844,23.36,10314.6,0.31619998812675476,0.1,0.0,2419462.0,0.4250999987125397,51403.8,9766722.0,99.3,1892133,1237.6,9130894.0,79.442,39721,934.62,50% converted — GI 10% / FF 10%
50,10,20,70,42024,84048,294172,76.41000366210938,23.59,10126.7,0.3276999890804291,0.1,0.0,5472236.0,0.43309998512268066,84115.2,15981888.0,99.6,1898694,5224.1,38539708.0,158.884,79442,981.35,50% converted — GI 10% / FF 20%
50,10,30,60,42024,126073,252147,76.16999816894531,23.83,9932.9,0.3393000066280365,0.2,0.0,8997550.0,0.44119998812675476,116827.5,22197225.0,100.0,1905594,9196.9,67843448.0,238.328,119164,1028.08,50% converted — GI 10% / FF 30%
50,10,40,50,42024,168097,210123,75.94000244140625,24.06,9749.4,0.35100001096725464,0.3,0.0,12981456.0,0.44920000433921814,149539.0,28412410.0,100.0,1906282,13146.5,96972320.0,317.771,158885,1074.81,50% converted — GI 10% / FF 40%
50,10,50,40,42024,210122,168098,75.70999908447266,24.29,9568.0,0.3628000020980835,0.4,0.0,17310810.0,0.45730000734329224,182251.2,34627728.0,100.0,1906323,17078.8,125969056.0,397.215,198607,1121.54,50% converted — GI 10% / FF 50%
50,10,60,30,42024,252146,126074,75.4800033569336,24.52,9388.8,0.37450000643730164,0.4,0.0,21841896.0,0.4652999937534332,214962.7,40842913.0,100.0,1906323,20992.9,154827280.0,476.657,238328,1168.27,50% converted — GI 10% / FF 60%
50,10,70,20,42024,294170,84050,75.25,24.75,9211.6,0.38609999418258667,0.5,0.0,26478912.0,0.4733000099658966,247674.2,47058098.0,100.0,1906323,24874.4,183440752.0,556.099,278049,1215.0,50% converted — GI 10% / FF 70%
50,10,80,10,42024,336195,42025,75.01000213623047,24.99,9028.9,0.3977000117301941,0.6,0.0,31266556.0,0.4814000129699707,280386.5,53273435.0,100.0,1906323,28751.9,212021056.0,635.543,317771,1261.74,50% converted — GI 10% / FF 80%
50,10,90,0,42024,378219,1,74.77999877929688,25.22,8855.9,0.4090999960899353,0.6,0.0,36240200.0,0.4893999993801117,313097.9,59488601.0,100.0,1906323,32590.1,240307488.0,714.985,357492,1308.47,50% converted — GI 10% / FF 90%
50,20,0,80,84048,0,336196,75.70999908447266,24.29,9568.0,0.3179999887943268,0.1,0.0,2791427.0,0.4244999885559082,37384.6,7103074.0,99.3,1892133,929.7,6858968.0,0.0,0,1308.46,50% converted — GI 20% / FF 0%
50,20,10,70,84048,42024,294172,75.4800033569336,24.52,9388.8,0.3294999897480011,0.1,0.0,5928388.0,0.4325000047683716,70096.0,13318240.0,99.6,1898694,4917.9,36281312.0,79.442,39721,1355.19,50% converted — GI 20% / FF 10%
50,20,20,60,84048,84048,252148,75.25,24.75,9211.6,0.34119999408721924,0.2,0.0,9513260.0,0.4406000077724457,102807.5,19533425.0,100.0,1905594,8892.3,65597360.0,158.884,79442,1401.93,50% converted — GI 20% / FF 20%
50,20,30,50,84048,126073,210123,75.0199966430664,24.98,9036.5,0.3529999852180481,0.3,0.0,13558272.0,0.44859999418258667,135519.8,25748762.0,100.0,1906282,12843.9,94740544.0,238.328,119164,1448.66,50% converted — GI 20% / FF 30%
50,20,40,40,84048,168097,168099,74.77999877929688,25.22,8855.9,0.36469998955726624,0.4,0.0,17916224.0,0.45660001039505005,168231.3,31963947.0,100.0,1906323,16777.7,123749048.0,317.771,158885,1495.39,50% converted — GI 20% / FF 40%
50,20,50,30,84048,210122,126074,74.55000305175781,25.45,8685.0,0.3765000104904175,0.4,0.0,22468896.0,0.46470001339912415,200943.5,38179265.0,100.0,1906323,20693.8,152622048.0,397.215,198607,1542.12,50% converted — GI 20% / FF 50%
50,20,60,20,84048,252146,84050,74.31999969482422,25.68,8516.1,0.3880999982357025,0.5,0.0,27124978.0,0.47269999980926514,233655.0,44394450.0,100.0,1906323,24577.0,181248752.0,476.657,238328,1588.85,50% converted — GI 20% / FF 60%
50,20,70,10,84048,294170,42026,74.08999633789062,25.91,8349.2,0.39969998598098755,0.6,0.0,31930748.0,0.48069998621940613,266366.5,50609635.0,100.0,1906323,28456.1,209841168.0,556.099,278049,1635.58,50% converted — GI 20% / FF 70%
50,20,80,0,84048,336195,1,73.86000061035156,26.14,8184.2,0.41119998693466187,0.7,0.0,36928140.0,0.4887999892234802,299078.7,56824953.0,100.0,1906323,32296.1,238141296.0,635.543,317771,1682.31,50% converted — GI 20% / FF 80%
50,30,0,70,126073,0,294171,74.55999755859375,25.44,8692.4,0.3314000070095062,0.2,0.0,6388976.0,0.4318999946117401,56077.3,10654687.0,99.6,1898694,4612.1,34025164.0,0.0,0,1729.05,50% converted — GI 30% / FF 0%
50,30,10,60,126073,42024,252147,74.33000183105469,25.67,8523.4,0.34310001134872437,0.2,0.0,10033862.0,0.4399000108242035,88788.8,16869872.0,100.0,1905594,8588.3,63355076.0,79.442,39721,1775.78,50% converted — GI 30% / FF 10%
50,30,20,50,126073,84048,210123,74.08999633789062,25.91,8349.2,0.3549000024795532,0.3,0.0,14134414.0,0.4480000138282776,121500.2,23085038.0,100.0,1906282,12541.5,92510552.0,158.884,79442,1822.51,50% converted — GI 30% / FF 20%
50,30,30,40,126073,126073,168098,73.86000061035156,26.14,8184.2,0.3666999936103821,0.4,0.0,18519324.0,0.4560000002384186,154212.5,29300375.0,100.0,1906323,16477.3,121533904.0,238.328,119164,1869.24,50% converted — GI 30% / FF 30%
50,30,40,30,126073,168097,126074,73.62999725341797,26.37,8021.3,0.3785000145435333,0.4,0.0,23092000.0,0.4641000032424927,186924.0,35515560.0,100.0,1906323,20394.9,150418512.0,317.771,158885,1915.97,50% converted — GI 30% / FF 40%
50,30,50,20,126073,210122,84049,73.4000015258789,26.6,7860.3,0.39010000228881836,0.5,0.0,27768016.0,0.47209998965263367,219636.2,41730878.0,100.0,1906323,24279.9,179059088.0,397.215,198607,1962.71,50% converted — GI 30% / FF 50%
50,30,60,10,126073,252146,42025,73.16999816894531,26.83,7701.2,0.4016999900341034,0.6,0.0,32591924.0,0.48010000586509705,252347.7,47946063.0,100.0,1906323,28160.8,207664592.0,476.657,238328,2009.44,50% converted — GI 30% / FF 60%
50,30,70,0,126073,294170,1,72.93000030517578,27.07,7537.2,0.4131999909877777,0.7,0.0,37611296.0,0.48820000886917114,285059.2,54161248.0,100.0,1906323,32002.4,235976928.0,556.099,278049,2056.17,50% converted — GI 30% / FF 70%
50,40,0,60,168097,0,252147,73.4000015258789,26.6,7860.3,0.3450999855995178,0.2,0.0,10561702.0,0.439300000667572,74769.5,14206205.0,100.0,1905594,8283.3,61105280.0,0.0,0,2149.63,50% converted — GI 40% / FF 0%
50,40,10,50,168097,42024,210123,73.16999816894531,26.83,7701.2,0.35690000653266907,0.3,0.0,14713656.0,0.4474000036716461,107481.0,20421390.0,100.0,1906282,12238.2,90274168.0,79.442,39721,2196.36,50% converted — GI 40% / FF 10%
50,40,20,40,168097,84048,168099,72.94000244140625,27.06,7544.0,0.3686999976634979,0.4,0.0,19123374.0,0.4553999900817871,140192.5,26636575.0,100.0,1906323,16175.6,119309304.0,158.884,79442,2243.09,50% converted — GI 40% / FF 20%
50,40,30,30,168097,126073,126074,72.70999908447266,27.29,7388.7,0.3804999887943268,0.5,0.0,23715562.0,0.4634000062942505,172904.8,32851912.0,100.0,1906323,20095.2,148208608.0,238.328,119164,2289.82,50% converted — GI 40% / FF 30%
50,40,40,20,168097,168097,84050,72.47000122070312,27.53,7228.7,0.3921000063419342,0.5,0.0,28410008.0,0.4715000092983246,205616.3,39067097.0,100.0,1906323,23981.8,176861648.0,317.771,158885,2336.55,50% converted — GI 40% / FF 40%
50,40,50,10,168097,210122,42025,72.23999786376953,27.76,7077.3,0.40380001068115234,0.6,0.0,33252848.0,0.4794999957084656,238328.5,45282415.0,100.0,1906323,27864.5,205481056.0,397.215,198607,2383.28,50% converted — GI 40% / FF 50%
50,40,60,0,168097,252146,1,72.01000213623047,27.99,6927.7,0.41519999504089355,0.7,0.0,38293044.0,0.4875999987125397,271040.0,51497600.0,100.0,1906323,31707.9,233806256.0,476.657,238328,2430.01,50% converted — GI 40% / FF 60%
50,50,0,50,210122,0,210122,72.25,27.75,7083.8,0.3589000105857849,0.3,0.0,15297754.0,0.44670000672340393,93462.3,17757837.0,100.0,1906282,11935.0,88037624.0,0.0,0,2570.21,50% converted — GI 50% / FF 0%
50,50,10,40,210122,42024,168098,72.01000213623047,27.99,6927.7,0.37070000171661377,0.4,0.0,19732836.0,0.454800009727478,126173.7,23973003.0,100.0,1906323,15874.2,117086824.0,79.442,39721,2616.94,50% converted — GI 50% / FF 10%
50,50,20,30,210122,84048,126074,71.77999877929688,28.22,6780.0,0.3824999928474426,0.5,0.0,24344594.0,0.462799996137619,158885.2,30188188.0,100.0,1906323,19795.3,145997760.0,158.884,79442,2663.67,50% converted — GI 50% / FF 20%
50,50,30,20,210122,126073,84049,71.55000305175781,28.45,6634.1,0.39419999718666077,0.5,0.0,29058566.0,0.4708999991416931,191597.5,36403525.0,100.0,1906323,23683.8,174664672.0,238.328,119164,2710.41,50% converted — GI 50% / FF 30%
50,50,40,10,210122,168097,42025,71.31999969482422,28.68,6490.0,0.4058000147342682,0.6,0.0,33920052.0,0.4788999855518341,224309.0,42618710.0,100.0,1906323,27568.2,203296448.0,317.771,158885,2757.14,50% converted — GI 50% / FF 40%
50,50,50,0,210122,210122,0,71.08999633789062,28.91,6347.8,0.4172999858856201,0.7,0.0,38980232.0,0.4869000017642975,257021.2,48834028.0,100.0,1906323,31413.3,231635184.0,397.215,198607,2803.87,50% converted — GI 50% / FF 50%
50,60,0,40,252146,0,168098,71.08999633789062,28.91,6347.8,0.3727000057697296,0.4,0.0,20345022.0,0.45419999957084656,112154.5,21309355.0,100.0,1906323,15572.0,114858576.0,0.0,0,2990.79,50% converted — GI 60% / FF 0%
50,60,10,30,252146,42024,126074,70.86000061035156,29.14,6207.3,0.38449999690055847,0.5,0.0,24976580.0,0.46219998598098755,144866.0,27524540.0,100.0,1906323,19494.9,143783008.0,79.442,39721,3037.52,50% converted — GI 60% / FF 10%
50,60,20,20,252146,84048,84050,70.62999725341797,29.37,6068.6,0.3962000012397766,0.6,0.0,29708708.0,0.4702000021934509,177577.5,33739725.0,100.0,1906323,23385.0,172462144.0,158.884,79442,3084.25,50% converted — GI 60% / FF 20%
50,60,30,10,252146,126073,42025,70.38999938964844,29.61,5925.7,0.40779998898506165,0.6,0.0,34590416.0,0.478300005197525,210289.8,39955062.0,100.0,1906323,27271.2,201107904.0,238.328,119164,3130.98,50% converted — GI 60% / FF 30%
50,60,40,0,252146,168097,1,70.16000366210938,29.84,5790.7,0.41929998993873596,0.7,0.0,39667296.0,0.486299991607666,243001.2,46170228.0,100.0,1906323,31118.0,229459136.0,317.771,158885,3177.71,50% converted — GI 60% / FF 40%
50,70,0,30,294170,0,126074,69.93000030517578,30.07,5657.3,0.3865000009536743,0.5,0.0,25615024.0,0.46160000562667847,130846.8,24860892.0,100.0,1906323,19193.9,141564288.0,0.0,0,3411.36,50% converted — GI 70% / FF 0%
50,70,10,20,294170,42024,84050,69.69999694824219,30.3,5525.7,0.39820000529289246,0.6,0.0,30366218.0,0.46959999203681946,163558.3,31076077.0,100.0,1906323,23085.9,170256800.0,79.442,39721,3458.1,50% converted — GI 70% / FF 10%
50,70,20,10,294170,84048,42026,69.47000122070312,30.53,5395.8,0.4099000096321106,0.6,0.0,35268668.0,0.47769999504089355,196269.8,37291262.0,100.0,1906323,26973.7,198914704.0,158.884,79442,3504.83,50% converted — GI 70% / FF 20%
50,70,30,0,294170,126073,1,69.23999786376953,30.76,5267.6,0.4212999939918518,0.7,0.0,40360268.0,0.48570001125335693,228982.0,43506580.0,100.0,1906323,30822.3,227279872.0,238.328,119164,3551.56,50% converted — GI 70% / FF 30%
50,80,0,20,336195,0,84049,68.77999877929688,31.22,5016.3,0.4002000093460083,0.6,0.0,31021508.0,0.4690000116825104,149539.5,28412505.0,100.0,1906323,22787.4,168056640.0,0.0,0,3831.95,50% converted — GI 80% / FF 0%
50,80,10,10,336195,42024,42025,68.55000305175781,31.45,4893.1,0.41190001368522644,0.7,0.0,35945896.0,0.47699999809265137,182251.0,34627690.0,100.0,1906323,26677.0,196727952.0,79.442,39721,3878.68,50% converted — GI 80% / FF 10%
50,80,20,0,336195,84048,1,68.30999755859375,31.69,4766.4,0.42340001463890076,0.7,0.0,41050176.0,0.48510000109672546,214962.5,40842875.0,100.0,1906323,30527.2,225105072.0,158.884,79442,3925.41,50% converted — GI 80% / FF 20%
50,90,0,10,378219,0,42025,67.62000274658203,32.38,4412.2,0.4138999879360199,0.7,0.0,36627692.0,0.4763999879360199,168231.8,31964042.0,100.0,1906323,26378.6,194528736.0,0.0,0,4252.53,50% converted — GI 90% / FF 0%
50,90,10,0,378219,42024,1,67.38999938964844,32.61,4297.4,0.4253999888896942,0.7,0.0,41742296.0,0.484499990940094,200943.3,38179227.0,100.0,1906323,30230.5,222918992.0,79.442,39721,4299.26,50% converted — GI 90% / FF 10%
50,100,0,0,420244,0,0,66.47000122070312,33.53,3854.3,0.42750000953674316,0.8,0.0,42441064.0,0.4837999939918518,186924.5,35515655.0,100.0,1906323,29935.1,220741664.0,0.0,0,4673.11,50% converted — GI 100% / FF 0%
