pct_converted,green_infrastructure_pct,food_forest_pct,pct_highdensity,n_wet,n_for,n_hd,mean_cn,flood_reduction,runoff_acre_feet,mean_hm,cooling_f,flood_damage_avoided_usd,cooling_energy_savings_usd,mean_ndvi,carbon_tons_co2,carbon_value_usd,nature_access_pct,people_with_nature_access,preventable_mh_cases,avoided_mh_cost_usd,food_mln_lbs,people_fed,total_cost_mln,scenario_name
0,0,0,100,0,0,0,75.66999816894531,24.33,1591.0,0.19439999759197235,0.0,0.0,0.0,0.23260000348091125,0.0,0.0,9.5,6390,0.0,0.0,0.0,0,0.0,0% converted — GI 0% / FF 0%
0,0,10,90,0,0,0,75.66999816894531,24.33,1591.0,0.19439999759197235,0.0,0.0,0.0,0.23260000348091125,0.0,0.0,9.5,6390,0.0,0.0,0.0,0,0.0,0% converted — GI 0% / FF 10%
0,0,20,80,0,0,0,75.66999816894531,24.33,1591.0,0.19439999759197235,0.0,0.0,0.0,0.23260000348091125,0.0,0.0,9.5,6390,0.0,0.0,0.0,0,0.0,0% converted — GI 0% / FF 20%
0,0,30,70,0,0,0,75.66999816894531,24.33,1591.0,0.19439999759197235,0.0,0.0,0.0,0.23260000348091125,0.0,0.0,9.5,6390,0.0,0.0,0.0,0,0.0,0% converted — GI 0% / FF 30%
0,0,40,60,0,0,0,75.66999816894531,24.33,1591.0,0.19439999759197235,0.0,0.0,0.0,0.23260000348091125,0.0,0.0,9.5,6390,0.0,0.0,0.0,0,0.0,0% converted — GI 0% / FF 40%
0,0,50,50,0,0,0,75.66999816894531,24.33,1591.0,0.19439999759197235,0.0,0.0,0.0,0.23260000348091125,0.0,0.0,9.5,6390,0.0,0.0,0.0,0,0.0,0% converted — GI 0% / FF 50%
0,0,60,40,0,0,0,75.66999816894531,24.33,1591.0,0.19439999759197235,0.0,0.0,0.0,0.23260000348091125,0.0,0.0,9.5,6390,0.0,0.0,0.0,0,0.0,0% converted — GI 0% / FF 60%
0,0,70,30,0,0,0,75.66999816894531,24.33,1591.0,0.19439999759197235,0.0,0.0,0.0,0.23260000348091125,0.0,0.0,9.5,6390,0.0,0.0,0.0,0,0.0,0% converted — GI 0% / FF 70%
0,0,80,20,0,0,0,75.66999816894531,24.33,1591.0,0.19439999759197235,0.0,0.0,0.0,0.23260000348091125,0.0,0.0,9.5,6390,0.0,0.0,0.0,0,0.0,0% converted — GI 0% / FF 80%
0,0,90,10,0,0,0,75.66999816894531,24.33,1591.0,0.19439999759197235,0.0,0.0,0.0,0.23260000348091125,0.0,0.0,9.5,6390,0.0,0.0,0.0,0,0.0,0% converted — GI 0% / FF 90%
0,0,100,0,0,0,0,75.66999816894531,24.33,1591.0,0.19439999759197235,0.0,0.0,0.0,0.23260000348091125,0.0,0.0,9.5,6390,0.0,0.0,0.0,0,0.0,0% converted — GI 0% / FF 100%
0,10,0,90,0,0,0,75.66999816894531,24.33,1591.0,0.19439999759197235,0.0,0.0,0.0,0.23260000348091125,0.0,0.0,9.5,6390,0.0,0.0,0.0,0,0.0,0% converted — GI 10% / FF 0%
0,10,10,80,0,0,0,75.66999816894531,24.33,1591.0,0.19439999759197235,0.0,0.0,0.0,0.23260000348091125,0.0,0.0,9.5,6390,0.0,0.0,0.0,0,0.0,0% converted — GI 10% / FF 10%
0,10,20,70,0,0,0,75.66999816894531,24.33,1591.0,0.19439999759197235,0.0,0.0,0.0,0.23260000348091125,0.0,0.0,9.5,6390,0.0,0.0,0.0,0,0.0,0% converted — GI 10% / FF 20%
0,10,30,60,0,0,0,75.66999816894531,24.33,1591.0,0.19439999759197235,0.0,0.0,0.0,0.23260000348091125,0.0,0.0,9.5,6390,0.0,0.0,0.0,0,0.0,0% converted — GI 10% / FF 30%
0,10,40,50,0,0,0,75.66999816894531,24.33,1591.0,0.19439999759197235,0.0,0.0,0.0,0.23260000348091125,0.0,0.0,9.5,6390,0.0,0.0,0.0,0,0.0,0% converted — GI 10% / FF 40%
0,10,50,40,0,0,0,75.66999816894531,24.33,1591.0,0.19439999759197235,0.0,0.0,0.0,0.23260000348091125,0.0,0.0,9.5,6390,0.0,0.0,0.0,0,0.0,0% converted — GI 10% / FF 50%
0,10,60,30,0,0,0,75.66999816894531,24.33,1591.0,0.19439999759197235,0.0,0.0,0.0,0.23260000348091125,0.0,0.0,9.5,6390,0.0,0.0,0.0,0,0.0,0% converted — GI 10% / FF 60%
0,10,70,20,0,0,0,75.66999816894531,24.33,1591.0,0.19439999759197235,0.0,0.0,0.0,0.23260000348091125,0.0,0.0,9.5,6390,0.0,0.0,0.0,0,0.0,0% converted — GI 10% / FF 70%
0,10,80,10,0,0,0,75.66999816894531,24.33,1591.0,0.19439999759197235,0.0,0.0,0.0,0.23260000348091125,0.0,0.0,9.5,6390,0.0,0.0,0.0,0,0.0,0% converted — GI 10% / FF 80%
0,10,90,0,0,0,0,75.66999816894531,24.33,1591.0,0.19439999759197235,0.0,0.0,0.0,0.23260000348091125,0.0,0.0,9.5,6390,0.0,0.0,0.0,0,0.0,0% converted — GI 10% / FF 90%
0,20,0,80,0,0,0,75.66999816894531,24.33,1591.0,0.19439999759197235,0.0,0.0,0.0,0.23260000348091125,0.0,0.0,9.5,6390,0.0,0.0,0.0,0,0.0,0% converted — GI 20% / FF 0%
0,20,10,70,0,0,0,75.66999816894531,24.33,1591.0,0.19439999759197235,0.0,0.0,0.0,0.23260000348091125,0.0,0.0,9.5,6390,0.0,0.0,0.0,0,0.0,0% converted — GI 20% / FF 10%
0,20,20,60,0,0,0,75.66999816894531,24.33,1591.0,0.19439999759197235,0.0,0.0,0.0,0.23260000348091125,0.0,0.0,9.5,6390,0.0,0.0,0.0,0,0.0,0% converted — GI 20% / FF 20%
0,20,30,50,0,0,0,75.66999816894531,24.33,1591.0,0.19439999759197235,0.0,0.0,0.0,0.23260000348091125,0.0,0.0,9.5,6390,0.0,0.0,0.0,0,0.0,0% converted — GI 20% / FF 30%
0,20,40,40,0,0,0,75.66999816894531,24.33,1591.0,0.19439999759197235,0.0,0.0,0.0,0.23260000348091125,0.0,0.0,9.5,6390,0.0,0.0,0.0,0,0.0,0% converted — GI 20% / FF 40%
0,20,50,30,0,0,0,75.66999816894531,24.33,1591.0,0.19439999759197235,0.0,0.0,0.0,0.23260000348091125,0.0,0.0,9.5,6390,0.0,0.0,0.0,0,0.0,0% converted — GI 20% / FF 50%
0,20,60,20,0,0,0,75.66999816894531,24.33,1591.0,0.19439999759197235,0.0,0.0,0.0,0.23260000348091125,0.0,0.0,9.5,6390,0.0,0.0,0.0,0,0.0,0% converted — GI 20% / FF 60%
0,20,70,10,0,0,0,75.66999816894531,24.33,1591.0,0.19439999759197235,0.0,0.0,0.0,0.23260000348091125,0.0,0.0,9.5,6390,0.0,0.0,0.0,0,0.0,0% converted — GI 20% / FF 70%
0,20,80,0,0,0,0,75.66999816894531,24.33,1591.0,0.19439999759197235,0.0,0.0,0.0,0.23260000348091125,0.0,0.0,9.5,6390,0.0,0.0,0.0,0,0.0,0% converted — GI 20% / FF 80%
0,30,0,70,0,0,0,75.66999816894531,24.33,1591.0,0.19439999759197235,0.0,0.0,0.0,0.23260000348091125,0.0,0.0,9.5,6390,0.0,0.0,0.0,0,0.0,0% converted — GI 30% / FF 0%
0,30,10,60,0,0,0,75.66999816894531,24.33,1591.0,0.19439999759197235,0.0,0.0,0.0,0.23260000348091125,0.0,0.0,9.5,6390,0.0,0.0,0.0,0,0.0,0% converted — GI 30% / FF 10%
0,30,20,50,0,0,0,75.66999816894531,24.33,1591.0,0.19439999759197235,0.0,0.0,0.0,0.23260000348091125,0.0,0.0,9.5,6390,0.0,0.0,0.0,0,0.0,0% converted — GI 30% / FF 20%
0,30,30,40,0,0,0,75.66999816894531,24.33,1591.0,0.19439999759197235,0.0,0.0,0.0,0.23260000348091125,0.0,0.0,9.5,6390,0.0,0.0,0.0,0,0.0,0% converted — GI 30% / FF 30%
0,30,40,30,0,0,0,75.66999816894531,24.33,1591.0,0.19439999759197235,0.0,0.0,0.0,0.23260000348091125,0.0,0.0,9.5,6390,0.0,0.0,0.0,0,0.0,0% converted — GI 30% / FF 40%
0,30,50,20,0,0,0,75.66999816894531,24.33,1591.0,0.19439999759197235,0.0,0.0,0.0,0.23260000348091125,0.0,0.0,9.5,6390,0.0,0.0,0.0,0,0.0,0% converted — GI 30% / FF 50%
0,30,60,10,0,0,0,75.66999816894531,24.33,1591.0,0.19439999759197235,0.0,0.0,0.0,0.23260000348091125,0.0,0.0,9.5,6390,0.0,0.0,0.0,0,0.0,0% converted — GI 30% / FF 60%
0,30,70,0,0,0,0,75.66999816894531,24.33,1591.0,0.19439999759197235,0.0,0.0,0.0,0.23260000348091125,0.0,0.0,9.5,6390,0.0,0.0,0.0,0,0.0,0% converted — GI 30% / FF 70%
0,40,0,60,0,0,0,75.66999816894531,24.33,1591.0,0.19439999759197235,0.0,0.0,0.0,0.23260000348091125,0.0,0.0,9.5,6390,0.0,0.0,0.0,0,0.0,0% converted — GI 40% / FF 0%
0,40,10,50,0,0,0,75.66999816894531,24.33,1591.0,0.19439999759197235,0.0,0.0,0.0,0.23260000348091125,0.0,0.0,9.5,6390,0.0,0.0,0.0,0,0.0,0% converted — GI 40% / FF 10%
0,40,20,40,0,0,0,75.66999816894531,24.33,1591.0,0.19439999759197235,0.0,0.0,0.0,0.23260000348091125,0.0,0.0,9.5,6390,0.0,0.0,0.0,0,0.0,0% converted — GI 40% / FF 20%
0,40,30,30,0,0,0,75.66999816894531,24.33,1591.0,0.19439999759197235,0.0,0.0,0.0,0.23260000348091125,0.0,0.0,9.5,6390,0.0,0.0,0.0,0,0.0,0% converted — GI 40% / FF 30%
0,40,40,20,0,0,0,75.66999816894531,24.33,1591.0,0.19439999759197235,0.0,0.0,0.0,0.23260000348091125,0.0,0.0,9.5,6390,0.0,0.0,0.0,0,0.0,0% converted — GI 40% / FF 40%
0,40,50,10,0,0,0,75.66999816894531,24.33,1591.0,0.19439999759197235,0.0,0.0,0.0,0.23260000348091125,0.0,0.0,9.5,6390,0.0,0.0,0.0,0,0.0,0% converted — GI 40% / FF 50%
0,40,60,0,0,0,0,75.66999816894531,24.33,1591.0,0.19439999759197235,0.0,0.0,0.0,0.23260000348091125,0.0,0.0,9.5,6390,0.0,0.0,0.0,0,0.0,0% converted — GI 40% / FF 60%
0,50,0,50,0,0,0,75.66999816894531,24.33,1591.0,0.19439999759197235,0.0,0.0,0.0,0.23260000348091125,0.0,0.0,9.5,6390,0.0,0.0,0.0,0,0.0,0% converted — GI 50% / FF 0%
0,50,10,40,0,0,0,75.66999816894531,24.33,1591.0,0.19439999759197235,0.0,0.0,0.0,0.23260000348091125,0.0,0.0,9.5,6390,0.0,0.0,0.0,0,0.0,0% converted — GI 50% / FF 10%
0,50,20,30,0,0,0,75.66999816894531,24.33,1591.0,0.19439999759197235,0.0,0.0,0.0,0.23260000348091125,0.0,0.0,9.5,6390,0.0,0.0,0.0,0,0.0,0% converted — GI 50% / FF 20%
0,50,30,20,0,0,0,75.66999816894531,24.33,1591.0,0.19439999759197235,0.0,0.0,0.0,0.23260000348091125,0.0,0.0,9.5,6390,0.0,0.0,0.0,0,0.0,0% converted — GI 50% / FF 30%
0,50,40,10,0,0,0,75.66999816894531,24.33,1591.0,0.19439999759197235,0.0,0.0,0.0,0.23260000348091125,0.0,0.0,9.5,6390,0.0,0.0,0.0,0,0.0,0% converted — GI 50% / FF 40%
0,50,50,0,0,0,0,75.66999816894531,24.33,1591.0,0.19439999759197235,0.0,0.0,0.0,0.23260000348091125,0.0,0.0,9.5,6390,0.0,0.0,0.0,0,0.0,0% converted — GI 50% / FF 50%
0,60,0,40,0,0,0,75.66999816894531,24.33,1591.0,0.19439999759197235,0.0,0.0,0.0,0.23260000348091125,0.0,0.0,9.5,6390,0.0,0.0,0.0,0,0.0,0% converted — GI 60% / FF 0%
0,60,10,30,0,0,0,75.66999816894531,24.33,1591.0,0.19439999759197235,0.0,0.0,0.0,0.23260000348091125,0.0,0.0,9.5,6390,0.0,0.0,0.0,0,0.0,0% converted — GI 60% / FF 10%
0,60,20,20,0,0,0,75.66999816894531,24.33,1591.0,0.19439999759197235,0.0,0.0,0.0,0.23260000348091125,0.0,0.0,9.5,6390,0.0,0.0,0.0,0,0.0,0% converted — GI 60% / FF 20%
0,60,30,10,0,0,0,75.66999816894531,24.33,1591.0,0.19439999759197235,0.0,0.0,0.0,0.23260000348091125,0.0,0.0,9.5,6390,0.0,0.0,0.0,0,0.0,0% converted — GI 60% / FF 30%
0,60,40,0,0,0,0,75.66999816894531,24.33,1591.0,0.19439999759197235,0.0,0.0,0.0,0.23260000348091125,0.0,0.0,9.5,6390,0.0,0.0,0.0,0,0.0,0% converted — GI 60% / FF 40%
0,70,0,30,0,0,0,75.66999816894531,24.33,1591.0,0.19439999759197235,0.0,0.0,0.0,0.23260000348091125,0.0,0.0,9.5,6390,0.0,0.0,0.0,0,0.0,0% converted — GI 70% / FF 0%
0,70,10,20,0,0,0,75.66999816894531,24.33,1591.0,0.19439999759197235,0.0,0.0,0.0,0.23260000348091125,0.0,0.0,9.5,6390,0.0,0.0,0.0,0,0.0,0% converted — GI 70% / FF 10%
0,70,20,10,0,0,0,75.66999816894531,24.33,1591.0,0.19439999759197235,0.0,0.0,0.0,0.23260000348091125,0.0,0.0,9.5,6390,0.0,0.0,0.0,0,0.0,0% converted — GI 70% / FF 20%
0,70,30,0,0,0,0,75.66999816894531,24.33,1591.0,0.19439999759197235,0.0,0.0,0.0,0.23260000348091125,0.0,0.0,9.5,6390,0.0,0.0,0.0,0,0.0,0% converted — GI 70% / FF 30%
0,80,0,20,0,0,0,75.66999816894531,24.33,1591.0,0.19439999759197235,0.0,0.0,0.0,0.23260000348091125,0.0,0.0,9.5,6390,0.0,0.0,0.0,0,0.0,0% converted — GI 80% / FF 0%
0,80,10,10,0,0,0,75.66999816894531,24.33,1591.0,0.19439999759197235,0.0,0.0,0.0,0.23260000348091125,0.0,0.0,9.5,6390,0.0,0.0,0.0,0,0.0,0% converted — GI 80% / FF 10%
0,80,20,0,0,0,0,75.66999816894531,24.33,1591.0,0.19439999759197235,0.0,0.0,0.0,0.23260000348091125,0.0,0.0,9.5,6390,0.0,0.0,0.0,0,0.0,0% converted — GI 80% / FF 20%
0,90,0,10,0,0,0,75.66999816894531,24.33,1591.0,0.19439999759197235,0.0,0.0,0.0,0.23260000348091125,0.0,0.0,9.5,6390,0.0,0.0,0.0,0,0.0,0% converted — GI 90% / FF 0%
0,90,10,0,0,0,0,75.66999816894531,24.33,1591.0,0.19439999759197235,0.0,0.0,0.0,0.23260000348091125,0.0,0.0,9.5,6390,0.0,0.0,0.0,0,0.0,0% converted — GI 90% / FF 10%
0,100,0,0,0,0,0,75.66999816894531,24.33,1591.0,0.19439999759197235,0.0,0.0,0.0,0.23260000348091125,0.0,0.0,9.5,6390,0.0,0.0,0.0,0,0.0,0% converted — GI 100% / FF 0%
5,0,0,100,0,0,1318,75.9000015258789,24.1,1606.6,0.1923999935388565,-0.0,0.0,0.0,0.23080000281333923,0.0,0.0,9.2,6184,-16.5,-121377.0,0.0,0,1.47,5% converted — GI 0% / FF 0%
5,0,10,90,0,131,1187,75.86000061035156,24.14,1603.9,0.193900004029274,-0.0,0.0,12.0,0.23199999332427979,102.0,19380.0,9.5,6386,-3.5,-25765.0,0.335,167,1.61,5% converted — GI 0% / FF 10%
5,0,20,80,0,263,1055,75.83000183105469,24.17,1601.9,0.19550000131130219,0.0,0.0,486.0,0.23319999873638153,204.7,38893.0,9.7,6515,7.4,54410.0,0.673,336,1.76,5% converted — GI 0% / FF 20%
5,0,30,70,0,395,923,75.79000091552734,24.21,1599.1,0.19699999690055847,0.0,0.0,861.0,0.23440000414848328,307.5,58425.0,10.0,6686,21.7,160378.0,1.01,505,1.9,5% converted — GI 0% / FF 30%
5,0,40,60,0,527,791,75.75,24.25,1596.4,0.19850000739097595,0.0,0.0,1616.0,0.23559999465942383,410.2,77938.0,10.2,6821,34.1,251733.0,1.348,674,2.05,5% converted — GI 0% / FF 40%
5,0,50,50,0,659,659,75.72000122070312,24.28,1594.4,0.20010000467300415,0.0,0.0,2439.0,0.23680000007152557,513.0,97470.0,10.4,6976,46.4,342579.0,1.685,842,2.2,5% converted — GI 0% / FF 50%
5,0,60,40,0,790,528,75.68000030517578,24.32,1591.7,0.20160000026226044,0.0,0.0,2903.0,0.23800000548362732,614.9,116831.0,10.7,7176,59.8,441450.0,2.021,1010,2.34,5% converted — GI 0% / FF 60%
5,0,70,30,0,922,396,75.63999938964844,24.36,1588.9,0.20319999754428864,0.0,70005.0,3146.0,0.23919999599456787,717.7,136363.0,11.0,7347,72.1,531690.0,2.358,1179,2.49,5% converted — GI 0% / FF 70%
5,0,80,20,0,1054,264,75.5999984741211,24.4,1586.2,0.20469999313354492,0.0,160012.0,3494.0,0.24050000309944153,820.4,155876.0,11.3,7566,84.3,622284.0,2.696,1348,2.64,5% converted — GI 0% / FF 80%
5,0,90,10,0,1186,132,75.55999755859375,24.44,1583.5,0.2062000036239624,0.0,250019.0,3753.0,0.24169999361038208,923.2,175408.0,11.6,7748,96.2,709628.0,3.033,1516,2.78,5% converted — GI 0% / FF 90%
5,0,100,0,0,1318,0,75.52999877929688,24.47,1581.5,0.2078000009059906,0.0,316691.0,4372.0,0.24289999902248383,1025.9,194921.0,11.9,7938,109.2,805660.0,3.371,1685,2.93,5% converted — GI 0% / FF 100%
5,10,0,90,131,0,1187,75.7300033569336,24.27,1595.1,0.1940000057220459,-0.0,0.0,16.0,0.23190000653266907,58.3,11077.0,9.5,6386,-4.5,-33118.0,0.0,0,2.78,5% converted — GI 10% / FF 0%
5,10,10,80,131,131,1056,75.69000244140625,24.31,1592.3,0.19550000131130219,0.0,0.0,494.0,0.23309999704360962,160.2,30438.0,9.7,6515,6.4,46965.0,0.335,167,2.92,5% converted — GI 10% / FF 10%
5,10,20,70,131,263,924,75.66000366210938,24.34,1590.3,0.19699999690055847,0.0,23335.0,870.0,0.23430000245571136,263.0,49970.0,10.0,6677,20.7,152961.0,0.673,336,3.07,5% converted — GI 10% / FF 20%
5,10,30,60,131,395,792,75.62000274658203,24.38,1587.6,0.19859999418258667,0.0,113342.0,1625.0,0.23549999296665192,365.7,69483.0,10.2,6821,32.9,242598.0,1.01,505,3.22,5% converted — GI 10% / FF 30%
5,10,40,50,131,527,660,75.58000183105469,24.42,1584.9,0.20010000467300415,0.0,203349.0,2449.0,0.23669999837875366,468.5,89015.0,10.4,6976,45.2,333170.0,1.348,674,3.36,5% converted — GI 10% / FF 40%
5,10,50,40,131,659,528,75.54000091552734,24.46,1582.2,0.20160000026226044,0.0,293356.0,2913.0,0.2379000037908554,571.2,108528.0,10.7,7176,58.8,434113.0,1.685,842,3.51,5% converted — GI 10% / FF 50%
5,10,60,30,131,790,397,75.51000213623047,24.49,1580.1,0.20319999754428864,0.0,363361.0,3156.0,0.23909999430179596,673.2,127908.0,11.0,7347,71.1,524357.0,2.021,1010,3.66,5% converted — GI 10% / FF 60%
5,10,70,20,131,922,265,75.47000122070312,24.53,1577.4,0.20469999313354492,0.0,453368.0,3505.0,0.2402999997138977,776.0,147440.0,11.3,7566,83.4,614954.0,2.358,1179,3.8,5% converted — GI 10% / FF 70%
5,10,80,10,131,1054,133,75.43000030517578,24.57,1574.7,0.20630000531673431,0.0,543374.0,3763.0,0.24160000681877136,878.7,166953.0,11.6,7748,95.2,702302.0,2.696,1348,3.95,5% converted — GI 10% / FF 80%
5,10,90,0,131,1186,1,75.38999938964844,24.61,1572.0,0.2078000009059906,0.0,633381.0,4383.0,0.24279999732971191,981.5,186485.0,11.9,7935,108.2,798336.0,3.033,1516,4.1,5% converted — GI 10% / FF 90%
5,20,0,80,263,0,1055,75.55000305175781,24.45,1582.8,0.1956000030040741,0.0,273354.0,504.0,0.2329999953508377,117.0,22230.0,9.7,6515,5.5,40894.0,0.0,0,4.1,5% converted — GI 20% / FF 0%
5,20,10,70,263,131,924,75.5199966430664,24.48,1580.8,0.19709999859333038,0.0,340026.0,880.0,0.23420000076293945,219.0,41610.0,10.0,6677,19.9,146799.0,0.335,167,4.24,5% converted — GI 20% / FF 10%
5,20,20,60,263,263,792,75.4800033569336,24.52,1578.1,0.19859999418258667,0.0,430033.0,1636.0,0.2354000061750412,321.7,61123.0,10.2,6821,32.0,236439.0,0.673,336,4.39,5% converted — GI 20% / FF 20%
5,20,30,50,263,395,660,75.44000244140625,24.56,1575.4,0.20020000636577606,0.0,520039.0,2460.0,0.23659999668598175,424.5,80655.0,10.4,6976,44.3,327014.0,1.01,505,4.54,5% converted — GI 20% / FF 30%
5,20,40,40,263,527,528,75.41000366210938,24.59,1573.4,0.20170000195503235,0.0,586711.0,2924.0,0.2378000020980835,527.2,100168.0,10.7,7176,58.0,427960.0,1.348,674,4.68,5% converted — GI 20% / FF 40%
5,20,50,30,263,659,396,75.37000274658203,24.63,1570.7,0.20319999754428864,0.0,676718.0,3167.0,0.23909999430179596,629.9,119681.0,11.0,7347,70.2,518206.0,1.685,842,4.83,5% converted — GI 20% / FF 50%
5,20,60,20,263,790,265,75.33000183105469,24.67,1568.0,0.20479999482631683,0.0,766725.0,3517.0,0.2402999997138977,731.9,139061.0,11.3,7566,82.5,608807.0,2.021,1010,4.98,5% converted — GI 20% / FF 60%
5,20,70,10,263,922,133,75.29000091552734,24.71,1565.3,0.20630000531673431,0.0,856732.0,3776.0,0.24150000512599945,834.7,158593.0,11.6,7748,94.4,696157.0,2.358,1179,5.12,5% converted — GI 20% / FF 70%
5,20,80,0,263,1054,1,75.26000213623047,24.74,1563.3,0.2079000025987625,0.0,923403.0,4396.0,0.24269999563694,937.4,178106.0,11.9,7935,107.4,792195.0,2.696,1348,5.27,5% converted — GI 20% / FF 80%
5,30,0,70,395,0,923,75.37999725341797,24.62,1571.4,0.19709999859333038,0.0,653383.0,890.0,0.23409999907016754,175.7,33383.0,10.0,6686,18.8,138720.0,0.0,0,5.42,5% converted — GI 30% / FF 0%
5,30,10,60,395,131,792,75.33999633789062,24.66,1568.7,0.19869999587535858,0.0,743390.0,1647.0,0.2353000044822693,277.7,52763.0,10.2,6821,30.9,228293.0,0.335,167,5.56,5% converted — GI 30% / FF 10%
5,30,20,50,395,263,660,75.30999755859375,24.69,1566.6,0.20020000636577606,0.0,813395.0,2471.0,0.23649999499320984,380.4,72276.0,10.4,6976,43.2,318871.0,0.673,336,5.71,5% converted — GI 30% / FF 20%
5,30,30,40,395,395,528,75.2699966430664,24.73,1564.0,0.20170000195503235,0.0,900068.0,2936.0,0.2378000020980835,483.2,91808.0,10.7,7176,56.9,419822.0,1.01,505,5.86,5% converted — GI 30% / FF 30%
5,30,40,30,395,527,396,75.2300033569336,24.77,1561.3,0.20329999923706055,0.0,990075.0,3179.0,0.23899999260902405,585.9,111321.0,11.0,7347,69.1,510072.0,1.348,674,6.0,5% converted — GI 30% / FF 40%
5,30,50,20,395,659,264,75.19000244140625,24.81,1558.6,0.20479999482631683,0.0,1080082.0,3530.0,0.2401999980211258,688.7,130853.0,11.3,7566,81.4,600676.0,1.685,842,6.15,5% converted — GI 30% / FF 50%
5,30,60,10,395,790,133,75.16000366210938,24.84,1556.6,0.20630000531673431,0.0,1146754.0,3789.0,0.24140000343322754,790.6,150214.0,11.6,7748,93.3,688030.0,2.021,1010,6.3,5% converted — GI 30% / FF 60%
5,30,70,0,395,922,1,75.12000274658203,24.88,1553.9,0.2079000025987625,0.0,1236760.0,4410.0,0.2425999939441681,893.4,169746.0,11.9,7935,106.3,784072.0,2.358,1179,6.44,5% converted — GI 30% / FF 70%
5,40,0,60,527,0,791,75.20999908447266,24.79,1559.9,0.19869999587535858,0.0,1036745.0,1659.0,0.23520000278949738,234.4,44536.0,10.2,6821,30.2,223059.0,0.0,0,6.74,5% converted — GI 40% / FF 0%
5,40,10,50,527,131,660,75.16999816894531,24.83,1557.2,0.20029999315738678,0.0,1126752.0,2484.0,0.23639999330043793,336.4,63916.0,10.4,6976,42.3,311848.0,0.335,167,6.89,5% converted — GI 40% / FF 10%
5,40,20,40,527,263,528,75.12999725341797,24.87,1554.6,0.20180000364780426,0.0,1213425.0,2948.0,0.23770000040531158,439.1,83429.0,10.7,7176,56.0,412802.0,0.673,336,7.03,5% converted — GI 40% / FF 20%
5,40,30,30,527,395,396,75.08999633789062,24.91,1551.9,0.20329999923706055,0.0,1303432.0,3192.0,0.23890000581741333,541.9,102961.0,11.0,7347,68.2,503055.0,1.01,505,7.18,5% converted — GI 40% / FF 30%
5,40,40,20,527,527,264,75.05999755859375,24.94,1549.9,0.20489999651908875,0.0,1370104.0,3543.0,0.24009999632835388,644.6,122474.0,11.3,7566,80.5,593662.0,1.348,674,7.33,5% converted — GI 40% / FF 40%
5,40,50,10,527,659,132,75.0199966430664,24.98,1547.2,0.20640000700950623,0.0,1460111.0,3802.0,0.24130000174045563,747.4,142006.0,11.6,7748,92.3,681020.0,1.685,842,7.47,5% converted — GI 40% / FF 50%
5,40,60,0,527,790,1,74.9800033569336,25.02,1544.5,0.20800000429153442,0.1,1550117.0,4424.0,0.24250000715255737,849.3,161367.0,11.9,7935,105.3,777065.0,2.021,1010,7.62,5% converted — GI 40% / FF 60%
5,50,0,50,659,0,659,75.02999877929688,24.97,1547.9,0.20029999315738678,0.0,1436775.0,2507.0,0.23639999330043793,293.1,55689.0,10.4,6976,41.6,306929.0,0.0,0,8.06,5% converted — GI 50% / FF 0%
5,50,10,40,659,131,528,74.98999786376953,25.01,1545.2,0.20180000364780426,0.0,1526782.0,2972.0,0.23759999871253967,395.1,75069.0,10.7,7176,55.0,405818.0,0.335,167,8.21,5% converted — GI 50% / FF 10%
5,50,20,30,659,263,396,74.95999908447266,25.04,1543.2,0.20340000092983246,0.0,1593454.0,3215.0,0.23880000412464142,497.8,94582.0,11.0,7347,67.2,496074.0,0.673,336,8.35,5% converted — GI 50% / FF 20%
5,50,30,20,659,395,264,74.91999816894531,25.08,1540.5,0.20489999651908875,0.0,1683461.0,3569.0,0.23999999463558197,600.6,114114.0,11.3,7566,79.5,586684.0,1.01,505,8.5,5% converted — GI 50% / FF 30%
5,50,40,10,659,527,132,74.87999725341797,25.12,1537.8,0.20649999380111694,0.0,1773468.0,3828.0,0.24120000004768372,703.3,133627.0,11.6,7748,91.4,674044.0,1.348,674,8.65,5% converted — GI 50% / FF 40%
5,50,50,0,659,659,0,74.8499984741211,25.15,1535.8,0.20800000429153442,0.1,1840139.0,4451.0,0.24240000545978546,806.1,153159.0,11.9,7938,104.4,770093.0,1.685,842,8.79,5% converted — GI 50% / FF 50%
5,60,0,40,790,0,528,74.86000061035156,25.14,1536.5,0.20190000534057617,0.0,1816804.0,2985.0,0.23749999701976776,351.4,66766.0,10.7,7176,54.0,398213.0,0.0,0,9.37,5% converted — GI 60% / FF 0%
5,60,10,30,790,131,397,74.81999969482422,25.18,1533.8,0.20340000092983246,0.0,1906811.0,3228.0,0.2387000024318695,453.4,86146.0,11.0,7347,66.2,488473.0,0.335,167,9.52,5% converted — GI 60% / FF 10%
5,60,20,20,790,263,265,74.79000091552734,25.21,1531.8,0.20499999821186066,0.0,1973483.0,3583.0,0.23989999294281006,556.1,105659.0,11.3,7566,78.5,579087.0,0.673,336,9.66,5% converted — GI 60% / FF 20%
5,60,30,10,790,395,133,74.75,25.25,1529.2,0.20649999380111694,0.0,2060156.0,3842.0,0.2410999983549118,658.9,125191.0,11.6,7748,90.3,666451.0,1.01,505,9.81,5% converted — GI 60% / FF 30%
5,60,40,0,790,527,1,74.70999908447266,25.29,1526.5,0.20810000598430634,0.1,2150163.0,4466.0,0.24230000376701355,761.6,144704.0,11.9,7935,103.4,762503.0,1.348,674,9.96,5% converted — GI 60% / FF 40%
5,70,0,30,922,0,396,74.69000244140625,25.31,1525.2,0.20350000262260437,0.0,2193499.0,3235.0,0.2386000007390976,410.1,77919.0,11.0,7347,65.3,481532.0,0.0,0,10.69,5% converted — GI 70% / FF 0%
5,70,10,20,922,131,265,74.6500015258789,25.35,1522.5,0.20499999821186066,0.0,2283506.0,3590.0,0.23980000615119934,512.1,97299.0,11.3,7566,77.6,572149.0,0.335,167,10.84,5% converted — GI 70% / FF 10%
5,70,20,10,922,263,133,74.61000061035156,25.39,1519.9,0.20649999380111694,0.0,2370179.0,3849.0,0.2409999966621399,614.8,116812.0,11.6,7748,89.4,659516.0,0.673,336,10.99,5% converted — GI 70% / FF 20%
5,70,30,0,922,395,1,74.56999969482422,25.43,1517.2,0.20810000598430634,0.1,2460186.0,4474.0,0.24220000207424164,717.6,136344.0,11.9,7935,102.4,755571.0,1.01,505,11.13,5% converted — GI 70% / FF 30%
5,80,0,20,1054,0,264,74.51000213623047,25.49,1513.3,0.20509999990463257,0.0,2590196.0,3600.0,0.23970000445842743,468.8,89072.0,11.3,7566,76.6,565180.0,0.0,0,12.01,5% converted — GI 80% / FF 0%
5,80,10,10,1054,131,133,74.47000122070312,25.53,1510.6,0.20659999549388885,0.0,2680203.0,3859.0,0.24089999496936798,570.8,108452.0,11.6,7748,88.4,652550.0,0.335,167,12.16,5% converted — GI 80% / FF 10%
5,80,20,0,1054,263,1,74.44000244140625,25.56,1508.6,0.20819999277591705,0.1,2746875.0,4485.0,0.24210000038146973,673.5,127965.0,11.9,7935,101.5,748609.0,0.673,336,12.31,5% converted — GI 80% / FF 20%
5,90,0,10,1186,0,132,74.33999633789062,25.66,1502.0,0.20659999549388885,0.0,2966891.0,3866.0,0.24079999327659607,527.5,100225.0,11.6,7748,87.5,645832.0,0.0,0,13.34,5% converted — GI 90% / FF 0%
5,90,10,0,1186,131,1,74.30000305175781,25.7,1499.4,0.20819999277591705,0.1,3053565.0,4492.0,0.24199999868869781,629.5,119605.0,11.9,7935,100.6,741894.0,0.335,167,13.48,5% converted — GI 90% / FF 10%
5,100,0,0,1318,0,0,74.16999816894531,25.83,1490.9,0.20829999446868896,0.1,3336919.0,4510.0,0.2418999969959259,586.2,111378.0,11.9,7938,99.6,734507.0,0.0,0,14.66,5% converted — GI 100% / FF 0%
10,0,0,100,0,0,2637,76.13999938964844,23.86,1623.0,0.19040000438690186,-0.0,0.0,0.0,0.2289000004529953,0.0,0.0,8.8,5916,-32.7,-241080.0,0.0,0,2.93,10% converted — GI 0% / FF 0%
10,0,10,90,0,263,2374,76.05999755859375,23.94,1617.5,0.19339999556541443,-0.0,0.0,333.0,0.2312999963760376,204.7,38893.0,9.3,6240,-5.9,-43853.0,0.673,336,3.22,10% converted — GI 0% / FF 10%
10,0,20,80,0,527,2110,75.98999786376953,24.01,1612.8,0.1965000033378601,0.0,0.0,1383.0,0.2337000072002411,410.2,77938.0,9.9,6660,16.8,123856.0,1.348,674,3.52,10% converted — GI 0% / FF 20%
10,0,30,70,0,791,1846,75.91000366210938,24.09,1607.3,0.1995999962091446,0.0,0.0,2450.0,0.2361000031232834,615.7,116983.0,10.6,7080,40.6,299369.0,2.023,1011,3.81,10% converted — GI 0% / FF 30%
10,0,40,60,0,1054,1583,75.83999633789062,24.16,1602.5,0.20270000398159027,0.0,0.0,3378.0,0.2386000007390976,820.4,155876.0,11.1,7448,64.7,477557.0,2.696,1348,4.1,10% converted — GI 0% / FF 40%
10,0,50,50,0,1318,1319,75.76000213623047,24.24,1597.1,0.20579999685287476,0.0,0.0,4121.0,0.2409999966621399,1025.9,194921.0,11.7,7853,87.4,644634.0,3.371,1685,4.4,10% converted — GI 0% / FF 50%
10,0,60,40,0,1582,1055,75.69000244140625,24.31,1592.3,0.20890000462532043,0.1,0.0,5021.0,0.2433999925851822,1231.4,233966.0,12.2,8172,111.3,820930.0,4.046,2023,4.69,10% converted — GI 0% / FF 60%
10,0,70,30,0,1845,792,75.61000061035156,24.39,1586.9,0.21209999918937683,0.1,136677.0,6171.0,0.24580000340938568,1436.1,272859.0,12.6,8462,137.7,1015739.0,4.719,2359,4.98,10% converted — GI 0% / FF 70%
10,0,80,20,0,2109,528,75.54000091552734,24.46,1582.2,0.2152000069618225,0.1,293356.0,8049.0,0.24819999933242798,1641.6,311904.0,13.1,8774,163.5,1206552.0,5.394,2697,5.28,10% converted — GI 0% / FF 80%
10,0,90,10,0,2373,264,75.45999908447266,24.54,1576.8,0.2184000015258789,0.1,473369.0,8963.0,0.2506999969482422,1847.1,350949.0,13.6,9102,188.0,1386717.0,6.069,3034,5.57,10% converted — GI 0% / FF 90%
10,0,100,0,0,2637,0,75.38999938964844,24.61,1572.0,0.2215999960899353,0.1,633381.0,10496.0,0.2531000077724457,2052.6,389994.0,14.1,9432,212.7,1569400.0,6.744,3372,5.86,10% converted — GI 0% / FF 100%
10,10,0,90,263,0,2374,75.79000091552734,24.21,1599.1,0.19349999725818634,-0.0,0.0,349.0,0.23109999299049377,117.0,22230.0,9.3,6240,-8.0,-59017.0,0.0,0,5.56,10% converted — GI 10% / FF 0%
10,10,10,80,263,263,2111,75.72000122070312,24.28,1594.4,0.19660000503063202,0.0,0.0,1406.0,0.23350000381469727,321.7,61123.0,9.9,6660,14.5,106992.0,0.673,336,5.86,10% converted — GI 10% / FF 10%
10,10,20,70,263,527,1847,75.63999938964844,24.36,1588.9,0.1996999979019165,0.0,70005.0,2472.0,0.23589999973773956,527.2,100168.0,10.6,7075,38.5,284204.0,1.348,674,6.15,10% converted — GI 10% / FF 20%
10,10,30,60,263,791,1583,75.56999969482422,24.43,1584.2,0.20280000567436218,0.0,226684.0,3403.0,0.23839999735355377,732.7,139213.0,11.1,7448,62.7,462430.0,2.023,1011,6.44,10% converted — GI 10% / FF 30%
10,10,40,50,263,1054,1320,75.48999786376953,24.51,1578.8,0.20589999854564667,0.0,406697.0,4148.0,0.24079999327659607,937.4,178106.0,11.7,7853,85.3,629520.0,2.696,1348,6.74,10% converted — GI 10% / FF 40%
10,10,50,40,263,1318,1056,75.41999816894531,24.58,1574.1,0.20900000631809235,0.1,563376.0,5050.0,0.24320000410079956,1142.9,217151.0,12.2,8172,109.2,805734.0,3.371,1685,7.03,10% converted — GI 10% / FF 50%
10,10,60,30,263,1582,792,75.33999633789062,24.66,1568.7,0.21220000088214874,0.1,743390.0,6203.0,0.24560000002384186,1348.4,256196.0,12.6,8462,135.6,1000653.0,4.046,2023,7.32,10% converted — GI 10% / FF 60%
10,10,70,20,263,1845,529,75.2699966430664,24.73,1564.0,0.21529999375343323,0.1,900068.0,8086.0,0.24799999594688416,1553.1,295089.0,13.1,8773,161.4,1190546.0,4.719,2359,7.62,10% converted — GI 10% / FF 70%
10,10,80,10,263,2109,265,75.19999694824219,24.8,1559.3,0.21850000321865082,0.1,1056747.0,9001.0,0.25049999356269836,1758.6,334134.0,13.6,9102,185.9,1371658.0,5.394,2697,7.91,10% converted — GI 10% / FF 80%
10,10,90,0,263,2373,1,75.12000274658203,24.88,1553.9,0.2215999960899353,0.1,1236760.0,10541.0,0.25290000438690186,1964.1,373179.0,14.1,9421,210.7,1554354.0,6.069,3034,8.2,10% converted — GI 10% / FF 90%
10,20,0,80,527,0,2110,75.44999694824219,24.55,1576.1,0.19670000672340393,0.0,496704.0,1429.0,0.23340000212192535,234.4,44536.0,9.9,6660,13.0,95808.0,0.0,0,8.21,10% converted — GI 20% / FF 0%
10,20,10,70,527,263,1847,75.37000274658203,24.63,1570.7,0.19979999959468842,0.0,676718.0,2496.0,0.23579999804496765,439.1,83429.0,10.6,7075,36.8,271320.0,0.673,336,8.5,10% converted — GI 20% / FF 10%
10,20,20,60,527,527,1583,75.29000091552734,24.71,1565.3,0.2029000073671341,0.0,856732.0,3428.0,0.23819999396800995,644.6,122474.0,11.1,7448,60.9,449557.0,1.348,674,8.79,10% converted — GI 20% / FF 20%
10,20,30,50,527,791,1319,75.22000122070312,24.78,1560.6,0.20600000023841858,0.0,1013410.0,4176.0,0.24060000479221344,850.1,161519.0,11.7,7853,83.6,616657.0,2.023,1011,9.09,10% converted — GI 20% / FF 30%
10,20,40,40,527,1054,1056,75.13999938964844,24.86,1555.2,0.20909999310970306,0.1,1193424.0,5080.0,0.24300000071525574,1054.8,200412.0,12.2,8172,107.5,792882.0,2.696,1348,9.38,10% converted — GI 20% / FF 40%
10,20,50,30,527,1318,792,75.06999969482422,24.93,1550.5,0.21220000088214874,0.1,1350102.0,6236.0,0.24539999663829803,1260.3,239457.0,12.6,8462,133.9,987813.0,3.371,1685,9.67,10% converted — GI 20% / FF 50%
10,20,60,20,527,1582,528,75.0,25.0,1545.9,0.21539999544620514,0.1,1503447.0,8125.0,0.24789999425411224,1465.8,278502.0,13.1,8774,159.8,1178651.0,4.046,2023,9.97,10% converted — GI 20% / FF 60%
10,20,70,10,527,1845,265,74.91999816894531,25.08,1540.5,0.21860000491142273,0.1,1683461.0,9043.0,0.25029999017715454,1670.6,317414.0,13.6,9102,184.2,1358840.0,4.719,2359,10.26,10% converted — GI 20% / FF 70%
10,20,80,0,527,2109,1,74.8499984741211,25.15,1535.8,0.22169999778270721,0.1,1840139.0,10591.0,0.25270000100135803,1876.1,356459.0,14.1,9421,209.0,1541549.0,5.394,2697,10.55,10% converted — GI 20% / FF 80%
10,30,0,70,791,0,1846,75.0999984741211,24.9,1552.5,0.19990000128746033,0.0,1283431.0,2527.0,0.23559999465942383,351.8,66842.0,10.6,7080,34.9,257849.0,0.0,0,10.85,10% converted — GI 30% / FF 0%
10,30,10,60,791,263,1583,75.0199966430664,24.98,1547.2,0.2029999941587448,0.0,1460111.0,3459.0,0.23800000548362732,556.6,105754.0,11.1,7448,59.1,436072.0,0.673,336,11.14,10% converted — GI 30% / FF 10%
10,30,20,50,791,527,1319,74.94999694824219,25.05,1542.5,0.2061000019311905,0.0,1616789.0,4209.0,0.24040000140666962,762.1,144799.0,11.7,7853,81.8,603184.0,1.348,674,11.43,10% converted — GI 30% / FF 20%
10,30,30,40,791,791,1055,74.87000274658203,25.13,1537.2,0.20919999480247498,0.1,1793469.0,5116.0,0.24279999732971191,967.6,183844.0,12.2,8172,105.7,779514.0,2.023,1011,11.73,10% converted — GI 30% / FF 30%
10,30,40,30,791,1054,792,74.80000305175781,25.2,1532.5,0.21230000257492065,0.1,1950148.0,6276.0,0.24529999494552612,1172.3,222737.0,12.6,8462,132.1,974363.0,2.696,1348,12.02,10% converted — GI 30% / FF 40%
10,30,50,20,791,1318,528,74.72000122070312,25.28,1527.2,0.21549999713897705,0.1,2126828.0,8171.0,0.24770000576972961,1377.8,261782.0,13.1,8774,157.9,1165213.0,3.371,1685,12.31,10% converted — GI 30% / FF 50%
10,30,60,10,791,1582,264,74.6500015258789,25.35,1522.5,0.21870000660419464,0.1,2283506.0,9090.0,0.2500999867916107,1583.3,300827.0,13.6,9102,182.4,1345415.0,4.046,2023,12.61,10% converted — GI 30% / FF 60%
10,30,70,0,791,1845,1,74.58000183105469,25.42,1517.9,0.22179999947547913,0.1,2436851.0,10647.0,0.2524999976158142,1788.0,339720.0,14.1,9421,207.1,1528135.0,4.719,2359,12.9,10% converted — GI 30% / FF 70%
10,40,0,60,1054,0,1583,74.75,25.25,1529.2,0.2029999941587448,0.0,2060156.0,3485.0,0.2378000020980835,468.8,89072.0,11.1,7448,57.2,422369.0,0.0,0,13.48,10% converted — GI 40% / FF 0%
10,40,10,50,1054,263,1320,74.68000030517578,25.32,1524.5,0.2061000019311905,0.0,2216835.0,4237.0,0.2401999980211258,673.5,127965.0,11.7,7853,79.9,589491.0,0.673,336,13.77,10% converted — GI 40% / FF 10%
10,40,20,40,1054,527,1056,74.5999984741211,25.4,1519.2,0.2092999964952469,0.1,2393515.0,5146.0,0.2425999939441681,879.0,167010.0,12.2,8172,103.8,765738.0,1.348,674,14.07,10% converted — GI 40% / FF 20%
10,40,30,30,1054,791,792,74.52999877929688,25.47,1514.6,0.21240000426769257,0.1,2546860.0,6310.0,0.2451000064611435,1084.5,206055.0,12.6,8462,130.2,960694.0,2.023,1011,14.36,10% converted — GI 40% / FF 30%
10,40,40,20,1054,1054,529,74.45999908447266,25.54,1510.0,0.21559999883174896,0.1,2700204.0,8209.0,0.2475000023841858,1289.3,244967.0,13.1,8773,156.0,1150624.0,2.696,1348,14.65,10% converted — GI 40% / FF 40%
10,40,50,10,1054,1318,265,74.37999725341797,25.62,1504.7,0.21879999339580536,0.1,2876885.0,9131.0,0.2498999983072281,1494.8,284012.0,13.6,9102,180.5,1331770.0,3.371,1685,14.95,10% converted — GI 40% / FF 50%
10,40,60,0,1054,1582,1,74.30999755859375,25.69,1500.1,0.22190000116825104,0.1,3030229.0,10694.0,0.2522999942302704,1700.2,323038.0,14.1,9421,205.3,1514502.0,4.046,2023,15.24,10% converted — GI 40% / FF 60%
10,50,0,50,1318,0,1319,74.41000366210938,25.59,1506.7,0.20630000531673431,0.0,2810213.0,4258.0,0.23999999463558197,586.2,111378.0,11.7,7853,78.2,576641.0,0.0,0,16.12,10% converted — GI 50% / FF 0%
10,50,10,40,1318,263,1056,74.33000183105469,25.67,1501.4,0.2093999981880188,0.1,2986893.0,5169.0,0.24250000715255737,791.0,150290.0,12.2,8172,102.1,752900.0,0.673,336,16.42,10% converted — GI 50% / FF 10%
10,50,20,30,1318,527,792,74.26000213623047,25.74,1496.8,0.21250000596046448,0.1,3140238.0,6336.0,0.24490000307559967,996.5,189335.0,12.6,8462,128.5,947868.0,1.348,674,16.71,10% converted — GI 50% / FF 20%
10,50,30,20,1318,791,528,74.18000030517578,25.82,1491.5,0.21570000052452087,0.1,3316918.0,8238.0,0.24729999899864197,1202.0,228380.0,13.1,8774,154.4,1138743.0,2.023,1011,17.0,10% converted — GI 50% / FF 30%
10,50,40,10,1318,1054,265,74.11000061035156,25.89,1486.9,0.21889999508857727,0.1,3470263.0,9162.0,0.24969999492168427,1406.7,267273.0,13.6,9102,178.8,1318967.0,2.696,1348,17.29,10% converted — GI 50% / FF 40%
10,50,50,0,1318,1318,1,74.02999877929688,25.97,1481.7,0.22200000286102295,0.1,3643609.0,10731.0,0.25209999084472656,1612.2,306318.0,14.1,9421,203.6,1501712.0,3.371,1685,17.59,10% converted — GI 50% / FF 50%
10,60,0,40,1582,0,1055,74.05999755859375,25.94,1483.6,0.2094999998807907,0.1,3580271.0,5195.0,0.24230000376701355,703.7,133703.0,12.2,8172,100.2,739436.0,0.0,0,18.77,10% converted — GI 60% / FF 0%
10,60,10,30,1582,263,792,73.98999786376953,26.01,1479.1,0.2125999927520752,0.1,3730282.0,6364.0,0.24469999969005585,908.4,172596.0,12.6,8462,126.6,934322.0,0.673,336,19.06,10% converted — GI 60% / FF 10%
10,60,20,20,1582,527,528,73.91000366210938,26.09,1473.8,0.21580000221729279,0.1,3906963.0,8271.0,0.24709999561309814,1113.9,211641.0,13.1,8774,152.5,1125209.0,1.348,674,19.35,10% converted — GI 60% / FF 20%
10,60,30,10,1582,791,264,73.83999633789062,26.16,1469.3,0.21899999678134918,0.1,4056974.0,9195.0,0.24950000643730164,1319.4,250686.0,13.6,9102,177.0,1305446.0,2.023,1011,19.64,10% converted — GI 60% / FF 30%
10,60,40,0,1582,1054,1,73.76000213623047,26.24,1464.1,0.22210000455379486,0.1,4230320.0,10770.0,0.25189998745918274,1524.1,289579.0,14.1,9421,201.7,1488203.0,2.696,1348,19.94,10% converted — GI 60% / FF 40%
10,70,0,30,1845,0,792,73.70999908447266,26.29,1460.8,0.2126999944448471,0.1,4340329.0,6397.0,0.24449999630451202,820.7,155933.0,12.6,8462,124.6,919338.0,0.0,0,21.4,10% converted — GI 70% / FF 0%
10,70,10,20,1845,263,529,73.63999938964844,26.36,1456.3,0.2159000039100647,0.1,4490340.0,8309.0,0.24690000712871552,1025.4,194826.0,13.1,8773,150.4,1109306.0,0.673,336,21.69,10% converted — GI 70% / FF 10%
10,70,20,10,1845,527,265,73.55999755859375,26.44,1451.1,0.2190999984741211,0.1,4663686.0,9235.0,0.2493000030517578,1230.9,233871.0,13.6,9102,174.9,1290489.0,1.348,674,21.98,10% converted — GI 70% / FF 20%
10,70,30,0,1845,791,1,73.48999786376953,26.51,1446.5,0.22220000624656677,0.1,4817031.0,10817.0,0.251800000667572,1436.4,272916.0,14.1,9421,199.7,1473261.0,2.023,1011,22.28,10% converted — GI 70% / FF 30%
10,80,0,20,2109,0,528,73.37000274658203,26.63,1438.8,0.2160000056028366,0.1,5073718.0,8364.0,0.2467000037431717,938.1,178239.0,13.1,8774,148.5,1095562.0,0.0,0,24.04,10% converted — GI 80% / FF 0%
10,80,10,10,2109,263,265,73.29000091552734,26.71,1433.6,0.219200000166893,0.1,5247064.0,9293.0,0.2492000013589859,1142.8,217132.0,13.6,9102,172.9,1275825.0,0.673,336,24.33,10% converted — GI 80% / FF 10%
10,80,20,0,2109,527,1,73.22000122070312,26.78,1429.1,0.2222999930381775,0.1,5397075.0,10884.0,0.2515999972820282,1348.3,256177.0,14.1,9421,197.7,1458610.0,1.348,674,24.63,10% converted — GI 80% / FF 20%
10,90,0,10,2373,0,264,73.0199966430664,26.98,1416.3,0.21930000185966492,0.1,5823774.0,9318.0,0.24899999797344208,1055.5,200545.0,13.6,9102,171.1,1261965.0,0.0,0,26.68,10% converted — GI 90% / FF 0%
10,90,10,0,2373,263,1,72.94000244140625,27.06,1411.2,0.2223999947309494,0.1,5993787.0,10915.0,0.2513999938964844,1260.2,239438.0,14.1,9421,195.8,1444763.0,0.673,336,26.97,10% converted — GI 90% / FF 10%
10,100,0,0,2637,0,0,72.66999816894531,27.33,1394.0,0.2224999964237213,0.1,6567164.0,10959.0,0.25119999051094055,1172.9,222851.0,14.1,9432,193.9,1430709.0,0.0,0,29.32,10% converted — GI 100% / FF 0%
15,0,0,100,0,0,3955,76.37999725341797,23.62,1639.5,0.1882999986410141,-0.0,0.0,0.0,0.22699999809265137,0.0,0.0,8.4,5650,-48.5,-357659.0,0.0,0,4.4,15% converted — GI 0% / FF 0%
15,0,10,90,0,395,3560,76.26000213623047,23.74,1631.3,0.19290000200271606,-0.0,0.0,615.0,0.2305999994277954,307.5,58425.0,9.3,6234,-12.9,-94820.0,1.01,505,4.84,15% converted — GI 0% / FF 10%
15,0,20,80,0,791,3164,76.1500015258789,23.85,1623.7,0.19750000536441803,0.0,0.0,1957.0,0.23430000245571136,615.7,116983.0,10.4,6982,21.2,156325.0,2.023,1011,5.28,15% converted — GI 0% / FF 20%
15,0,30,70,0,1186,2769,76.04000091552734,23.96,1616.2,0.2021999955177307,0.0,0.0,3388.0,0.2379000037908554,923.2,175408.0,11.2,7522,56.2,414836.0,3.033,1516,5.72,15% converted — GI 0% / FF 30%
15,0,40,60,0,1582,2373,75.91999816894531,24.08,1608.0,0.2069000005722046,0.0,0.0,5222.0,0.24150000512599945,1231.4,233966.0,11.9,7963,97.5,719037.0,4.046,2023,6.16,15% converted — GI 0% / FF 40%
15,0,50,50,0,1977,1978,75.80999755859375,24.19,1600.5,0.21170000731945038,0.1,0.0,7243.0,0.2451000064611435,1538.9,292391.0,12.7,8482,131.9,972951.0,5.056,2528,6.6,15% converted — GI 0% / FF 50%
15,0,60,40,0,2373,1582,75.69999694824219,24.3,1593.0,0.21639999747276306,0.1,0.0,9508.0,0.24879999458789825,1847.1,350949.0,13.4,8987,167.7,1237502.0,6.069,3034,7.04,15% converted — GI 0% / FF 60%
15,0,70,30,0,2768,1187,75.58000183105469,24.42,1584.9,0.22130000591278076,0.1,203349.0,11494.0,0.2524000108242035,2154.6,409374.0,14.2,9534,203.2,1498987.0,7.079,3539,7.48,15% converted — GI 0% / FF 70%
15,0,80,20,0,3164,791,75.47000122070312,24.53,1577.4,0.22609999775886536,0.1,453368.0,14293.0,0.25600001215934753,2462.9,467951.0,15.0,10014,240.5,1774418.0,8.092,4046,7.92,15% converted — GI 0% / FF 80%
15,0,90,10,0,3559,396,75.36000061035156,24.64,1570.0,0.23100000619888306,0.1,700053.0,18162.0,0.2596000134944916,2770.3,526357.0,15.7,10535,278.2,2052341.0,9.102,4551,8.36,15% converted — GI 0% / FF 90%
15,0,100,0,0,3955,0,75.25,24.75,1562.6,0.23589999973773956,0.2,946738.0,21117.0,0.26330000162124634,3078.6,584934.0,16.6,11108,315.1,2324234.0,10.115,5057,8.8,15% converted — GI 0% / FF 100%
15,10,0,90,395,0,3560,75.86000061035156,24.14,1603.9,0.19300000369548798,-0.0,0.0,643.0,0.23029999434947968,175.7,33383.0,9.3,6234,-15.6,-115023.0,0.0,0,8.35,15% converted — GI 10% / FF 0%
15,10,10,80,395,395,3165,75.75,24.25,1596.4,0.19760000705718994,0.0,0.0,1989.0,0.23399999737739563,483.2,91808.0,10.4,6966,18.5,136150.0,1.01,505,8.79,15% converted — GI 10% / FF 10%
15,10,20,70,395,791,2769,75.62999725341797,24.37,1588.3,0.20239999890327454,0.0,90007.0,3422.0,0.23759999871253967,791.4,150366.0,11.2,7522,53.5,394686.0,2.023,1011,9.23,15% converted — GI 10% / FF 20%
15,10,30,60,395,1186,2374,75.5199966430664,24.48,1580.8,0.2071000039577484,0.0,340026.0,5262.0,0.24120000004768372,1098.9,208791.0,11.9,7963,94.5,696864.0,3.033,1516,9.67,15% converted — GI 10% / FF 30%
15,10,40,50,395,1582,1978,75.4000015258789,24.6,1572.7,0.2117999941110611,0.1,610046.0,7292.0,0.24490000307559967,1407.1,267349.0,12.7,8482,129.2,952858.0,4.046,2023,10.11,15% converted — GI 10% / FF 40%
15,10,50,40,395,1977,1583,75.29000091552734,24.71,1565.3,0.21660000085830688,0.1,856732.0,9559.0,0.2485000044107437,1714.6,325774.0,13.4,8987,164.9,1216388.0,5.056,2528,10.55,15% converted — GI 10% / FF 50%
15,10,60,30,395,2373,1187,75.18000030517578,24.82,1557.9,0.22139999270439148,0.1,1103417.0,11563.0,0.25209999084472656,2022.8,384332.0,14.2,9534,200.5,1478948.0,6.069,3034,10.99,15% converted — GI 10% / FF 60%
15,10,70,20,395,2768,792,75.06999969482422,24.93,1550.5,0.22619999945163727,0.1,1350102.0,14372.0,0.2556999921798706,2330.3,442757.0,15.0,10014,237.6,1752632.0,7.079,3539,11.43,15% converted — GI 10% / FF 70%
15,10,80,10,395,3164,396,74.94999694824219,25.05,1542.5,0.23109999299049377,0.1,1616789.0,18247.0,0.25940001010894775,2638.6,501334.0,15.7,10535,275.5,2032358.0,8.092,4046,11.87,15% converted — GI 10% / FF 80%
15,10,90,0,395,3559,1,74.83999633789062,25.16,1535.2,0.23600000143051147,0.2,1860141.0,21203.0,0.2630000114440918,2946.0,559740.0,16.6,11107,312.4,2304279.0,9.102,4551,12.31,15% converted — GI 10% / FF 90%
15,20,0,80,791,0,3164,75.33000183105469,24.67,1568.0,0.19779999554157257,0.0,766725.0,2028.0,0.2337000072002411,351.8,66842.0,10.4,6982,15.8,116842.0,0.0,0,12.31,15% converted — GI 20% / FF 0%
15,20,10,70,791,395,2769,75.22000122070312,24.78,1560.6,0.20250000059604645,0.0,1013410.0,3465.0,0.23729999363422394,659.3,125267.0,11.2,7522,50.9,375402.0,1.01,505,12.75,15% converted — GI 20% / FF 10%
15,20,20,60,791,791,2373,75.11000061035156,24.89,1553.2,0.20720000565052032,0.0,1260095.0,5311.0,0.2409999966621399,967.6,183844.0,11.9,7963,92.1,679663.0,2.023,1011,13.19,15% converted — GI 20% / FF 20%
15,20,30,50,791,1186,1978,74.98999786376953,25.01,1545.2,0.21199999749660492,0.1,1526782.0,7351.0,0.24459999799728394,1275.0,242250.0,12.7,8482,126.5,933627.0,3.033,1516,13.63,15% converted — GI 20% / FF 30%
15,20,40,40,791,1582,1582,74.87999725341797,25.12,1537.8,0.2167000025510788,0.1,1773468.0,9636.0,0.24819999933242798,1583.3,300827.0,13.4,8987,162.4,1198229.0,4.046,2023,14.07,15% converted — GI 20% / FF 40%
15,20,50,30,791,1977,1187,74.7699966430664,25.23,1530.5,0.2214999943971634,0.1,2016819.0,11644.0,0.251800000667572,1890.7,359233.0,14.2,9534,197.9,1459766.0,5.056,2528,14.51,15% converted — GI 20% / FF 50%
15,20,60,20,791,2373,791,74.66000366210938,25.34,1523.2,0.2264000028371811,0.1,2260171.0,14464.0,0.2554999887943268,2199.0,417810.0,15.0,10014,235.2,1735251.0,6.069,3034,14.95,15% converted — GI 20% / FF 60%
15,20,70,10,791,2768,396,74.54000091552734,25.46,1515.3,0.2312999963760376,0.1,2523524.0,18348.0,0.2590999901294708,2506.4,476216.0,15.7,10535,272.9,2013227.0,7.079,3539,15.39,15% converted — GI 20% / FF 70%
15,20,80,0,791,3164,0,74.43000030517578,25.57,1508.0,0.2362000048160553,0.2,2766876.0,21305.0,0.26269999146461487,2814.7,534793.0,16.6,11108,309.8,2285175.0,8.092,4046,15.83,15% converted — GI 20% / FF 80%
15,30,0,70,1186,0,2769,74.81999969482422,25.18,1533.8,0.20260000228881836,0.0,1906811.0,3507.0,0.2370000034570694,527.5,100225.0,11.2,7522,48.2,355526.0,0.0,0,16.27,15% converted — GI 30% / FF 0%
15,30,10,60,1186,395,2374,74.69999694824219,25.3,1525.9,0.20739999413490295,0.0,2170164.0,5360.0,0.24070000648498535,835.0,158650.0,11.9,7963,89.2,657761.0,1.01,505,16.71,15% converted — GI 30% / FF 10%
15,30,20,50,1186,791,1978,74.58999633789062,25.41,1518.6,0.21209999918937683,0.1,2413516.0,7409.0,0.2442999929189682,1143.2,217208.0,12.7,8482,123.9,913806.0,2.023,1011,17.15,15% converted — GI 30% / FF 20%
15,30,30,40,1186,1186,1583,74.47000122070312,25.53,1510.6,0.21690000593662262,0.1,2680203.0,9696.0,0.24789999425411224,1450.7,275633.0,13.4,8987,159.6,1177385.0,3.033,1516,17.59,15% converted — GI 30% / FF 30%
15,30,40,30,1186,1582,1187,74.36000061035156,25.64,1503.4,0.22169999778270721,0.1,2920221.0,11723.0,0.2515999972820282,1759.0,334210.0,14.2,9534,195.2,1439994.0,4.046,2023,18.03,15% converted — GI 30% / FF 40%
15,30,50,20,1186,1977,792,74.25,25.75,1496.1,0.226500004529953,0.1,3163573.0,14554.0,0.25519999861717224,2066.4,392616.0,15.0,10014,232.3,1713730.0,5.056,2528,18.47,15% converted — GI 30% / FF 50%
15,30,60,10,1186,2373,396,74.13999938964844,25.86,1488.9,0.2313999980688095,0.1,3403591.0,18446.0,0.2587999999523163,2374.7,451193.0,15.7,10535,270.2,1993508.0,6.069,3034,18.91,15% converted — GI 30% / FF 60%
15,30,70,0,1186,2768,1,74.0199966430664,25.98,1481.0,0.2363000065088272,0.2,3666944.0,21403.0,0.2624000012874603,2682.1,509599.0,16.6,11107,307.1,2265483.0,7.079,3539,19.35,15% converted — GI 30% / FF 70%
15,40,0,60,1582,0,2373,74.29000091552734,25.71,1498.7,0.20749999582767487,0.0,3076900.0,5415.0,0.24040000140666962,703.7,133703.0,11.9,7963,86.3,636428.0,0.0,0,20.23,15% converted — GI 40% / FF 0%
15,40,10,50,1582,395,1978,74.18000030517578,25.82,1491.5,0.21220000088214874,0.1,3316918.0,7474.0,0.24400000274181366,1011.1,192109.0,12.7,8482,120.7,890445.0,1.01,505,20.67,15% converted — GI 40% / FF 10%
15,40,20,40,1582,791,1582,74.06999969482422,25.93,1484.3,0.21699999272823334,0.1,3556936.0,9779.0,0.24770000576972961,1319.4,250686.0,13.4,8987,156.6,1155101.0,2.023,1011,21.11,15% converted — GI 40% / FF 20%
15,40,30,30,1582,1186,1187,73.94999694824219,26.05,1476.5,0.22179999947547913,0.1,3816956.0,11810.0,0.25130000710487366,1626.9,309111.0,14.2,9534,192.0,1416691.0,3.033,1516,21.55,15% converted — GI 40% / FF 30%
15,40,40,20,1582,1582,791,73.83999633789062,26.16,1469.3,0.22669999301433563,0.1,4056974.0,14652.0,0.2549000084400177,1935.1,367669.0,15.0,10014,229.4,1692235.0,4.046,2023,21.99,15% converted — GI 40% / FF 40%
15,40,50,10,1582,1977,396,73.7300033569336,26.27,1462.1,0.23160000145435333,0.1,4296992.0,18552.0,0.25850000977516174,2242.6,426094.0,15.7,10535,267.1,1970269.0,5.056,2528,22.43,15% converted — GI 40% / FF 50%
15,40,60,0,1582,2373,0,73.62000274658203,26.38,1455.0,0.23649999499320984,0.2,4533677.0,21509.0,0.2621999979019165,2550.8,484652.0,16.6,11108,304.0,2242274.0,6.069,3034,22.87,15% converted — GI 40% / FF 60%
15,50,0,50,1977,0,1978,73.77999877929688,26.22,1465.4,0.21240000426769257,0.1,4186984.0,7536.0,0.24369999766349792,879.4,167086.0,12.7,8482,118.0,870918.0,0.0,0,24.18,15% converted — GI 50% / FF 0%
15,50,10,40,1977,395,1583,73.66000366210938,26.34,1457.6,0.21719999611377716,0.1,4447003.0,9845.0,0.24740000069141388,1186.8,225492.0,13.4,8987,153.8,1134552.0,1.01,505,24.62,15% converted — GI 50% / FF 10%
15,50,20,30,1977,791,1187,73.55000305175781,26.45,1450.4,0.22200000286102295,0.1,4687022.0,11898.0,0.25099998712539673,1495.1,284069.0,14.2,9534,189.4,1397214.0,2.023,1011,25.06,15% converted — GI 50% / FF 20%
15,50,30,20,1977,1186,792,73.44000244140625,26.56,1443.3,0.22679999470710754,0.1,4923706.0,14752.0,0.25459998846054077,1802.6,342494.0,15.0,10014,226.5,1671008.0,3.033,1516,25.5,15% converted — GI 50% / FF 30%
15,50,40,10,1977,1582,396,73.33000183105469,26.67,1436.2,0.23170000314712524,0.1,5160391.0,18660.0,0.2583000063896179,2110.8,401052.0,15.7,10535,264.4,1950844.0,4.046,2023,25.94,15% converted — GI 50% / FF 40%
15,50,50,0,1977,1977,1,73.20999908447266,26.79,1428.5,0.23659999668598175,0.2,5417077.0,21618.0,0.26190000772476196,2418.3,459477.0,16.6,11107,301.3,2222876.0,5.056,2528,26.38,15% converted — GI 50% / FF 50%
15,60,0,40,2373,0,1582,73.25,26.75,1431.1,0.21729999780654907,0.1,5330404.0,9920.0,0.24709999561309814,1055.5,200545.0,13.4,8987,151.2,1115252.0,0.0,0,28.15,15% converted — GI 60% / FF 0%
15,60,10,30,2373,395,1187,73.13999938964844,26.86,1424.0,0.22210000455379486,0.1,5567088.0,11979.0,0.2506999969482422,1363.0,258970.0,14.2,9534,186.6,1376892.0,1.01,505,28.59,15% converted — GI 60% / FF 10%
15,60,20,20,2373,791,791,73.02999877929688,26.97,1416.9,0.22699999809265137,0.1,5803773.0,14842.0,0.25429999828338623,1671.2,317528.0,15.0,10014,224.0,1652489.0,2.023,1011,29.03,15% converted — GI 60% / FF 20%
15,60,30,10,2373,1186,396,72.91999816894531,27.08,1409.9,0.23190000653266907,0.1,6037124.0,18756.0,0.257999986410141,1978.7,375953.0,15.7,10535,261.7,1930575.0,3.033,1516,29.47,15% converted — GI 60% / FF 30%
15,60,40,0,2373,1582,0,72.80999755859375,27.19,1402.9,0.23680000007152557,0.2,6270475.0,21715.0,0.26159998774528503,2286.9,434511.0,16.6,11108,298.6,2202635.0,4.046,2023,29.91,15% converted — GI 60% / FF 40%
15,70,0,30,2768,0,1187,72.73999786376953,27.26,1398.4,0.2222999930381775,0.1,6420486.0,12043.0,0.25040000677108765,1231.2,233928.0,14.2,9534,183.9,1356780.0,0.0,0,32.1,15% converted — GI 70% / FF 0%
15,70,10,20,2768,395,792,72.62999725341797,27.37,1391.4,0.22709999978542328,0.1,6653837.0,14914.0,0.2540999948978424,1538.7,292353.0,15.0,10014,221.0,1630627.0,1.01,505,32.54,15% converted — GI 70% / FF 10%
15,70,20,10,2768,791,396,72.51000213623047,27.49,1383.8,0.23199999332427979,0.1,6907190.0,18832.0,0.25769999623298645,1846.9,350911.0,15.7,10535,259.0,1910516.0,2.023,1011,32.98,15% converted — GI 70% / FF 20%
15,70,30,0,2768,1186,1,72.4000015258789,27.6,1376.9,0.23690000176429749,0.2,7137207.0,21792.0,0.2612999975681305,2154.4,409336.0,16.6,11107,295.9,2182604.0,3.033,1516,33.42,15% converted — GI 70% / FF 30%
15,80,0,20,3164,0,791,72.20999908447266,27.79,1364.9,0.2273000031709671,0.1,7537237.0,14998.0,0.25380000472068787,1407.3,267387.0,15.0,10014,218.4,1611217.0,0.0,0,36.06,15% converted — GI 80% / FF 0%
15,80,10,10,3164,395,396,72.0999984741211,27.9,1358.0,0.2321999967098236,0.1,7767255.0,18921.0,0.2574000060558319,1714.8,325812.0,15.7,10535,256.1,1889359.0,1.01,505,36.5,15% converted — GI 80% / FF 10%
15,80,20,0,3164,791,0,71.98999786376953,28.01,1351.1,0.2371000051498413,0.2,7997272.0,21883.0,0.26100000739097595,2023.1,384389.0,16.6,11108,293.0,2161477.0,2.023,1011,36.94,15% converted — GI 80% / FF 20%
15,90,0,10,3559,0,396,71.69000244140625,28.31,1332.4,0.23229999840259552,0.1,8620653.0,19023.0,0.257099986076355,1583.0,300770.0,15.7,10535,253.2,1867979.0,0.0,0,40.02,15% converted — GI 90% / FF 0%
15,90,10,0,3559,395,1,71.58000183105469,28.42,1325.6,0.23720000684261322,0.2,8847337.0,21987.0,0.26080000400543213,1890.5,359195.0,16.6,11107,290.1,2140125.0,1.01,505,40.46,15% converted — GI 90% / FF 10%
15,100,0,0,3955,0,0,71.16999816894531,28.83,1300.3,0.23739999532699585,0.2,9690734.0,22070.0,0.2605000138282776,1759.2,334248.0,16.6,11108,287.3,2119206.0,0.0,0,43.98,15% converted — GI 100% / FF 0%
20,0,0,100,0,0,5274,76.62000274658203,23.38,1656.1,0.18629999458789825,-0.0,0.0,0.0,0.22509999573230743,0.0,0.0,8.0,5382,-64.2,-473365.0,0.0,0,5.86,20% converted — GI 0% / FF 0%
20,0,10,90,0,527,4747,76.45999908447266,23.54,1645.0,0.19259999692440033,-0.0,0.0,1137.0,0.23000000417232513,410.2,77938.0,9.2,6181,-14.2,-104554.0,1.348,674,6.45,20% converted — GI 0% / FF 10%
20,0,20,80,0,1054,4220,76.30999755859375,23.69,1634.7,0.1988999992609024,0.0,0.0,2970.0,0.23479999601840973,820.4,155876.0,10.3,6898,30.8,227036.0,2.696,1348,7.04,20% converted — GI 0% / FF 20%
20,0,30,70,0,1582,3692,76.16000366210938,23.84,1624.4,0.20509999990463257,0.0,0.0,4563.0,0.23960000276565552,1231.4,233966.0,11.5,7699,81.9,604181.0,4.046,2023,7.62,20% converted — GI 0% / FF 30%
20,0,40,60,0,2109,3165,76.01000213623047,23.99,1614.1,0.21140000224113464,0.1,0.0,6905.0,0.24449999630451202,1641.6,311904.0,12.7,8511,126.7,934867.0,5.394,2697,8.21,20% converted — GI 0% / FF 40%
20,0,50,50,0,2637,2637,75.86000061035156,24.14,1603.9,0.21789999306201935,0.1,0.0,10293.0,0.2493000030517578,2052.6,389994.0,13.7,9185,175.9,1297634.0,6.744,3372,8.8,20% converted — GI 0% / FF 50%
20,0,60,40,0,3164,2110,75.70999908447266,24.29,1593.7,0.22439999878406525,0.1,0.0,14285.0,0.2542000114917755,2462.9,467951.0,14.7,9824,225.0,1659847.0,8.092,4046,9.38,20% converted — GI 0% / FF 60%
20,0,70,30,0,3691,1583,75.55000305175781,24.45,1582.8,0.23090000450611115,0.1,273354.0,19082.0,0.2590000033378601,2873.1,545889.0,15.8,10589,272.6,2010892.0,9.44,4720,9.97,20% converted — GI 0% / FF 70%
20,0,80,20,0,4219,1055,75.4000015258789,24.6,1572.7,0.23749999701976776,0.2,610046.0,22881.0,0.2637999951839447,3284.1,623979.0,17.0,11364,318.8,2351683.0,10.791,5395,10.56,20% converted — GI 0% / FF 80%
20,0,90,10,0,4746,528,75.25,24.75,1562.6,0.24420000612735748,0.2,946738.0,28642.0,0.2687000036239624,3694.3,701917.0,18.1,12101,370.7,2734472.0,12.138,6069,11.14,20% converted — GI 0% / FF 90%
20,0,100,0,0,5274,0,75.0999984741211,24.9,1552.5,0.25099998712539673,0.2,1283431.0,32806.0,0.273499995470047,4105.3,780007.0,19.2,12850,419.5,3094581.0,13.489,6744,11.73,20% converted — GI 0% / FF 100%
20,10,0,90,527,0,4747,75.93000030517578,24.07,1608.7,0.19280000030994415,-0.0,0.0,1191.0,0.2295999974012375,234.4,44536.0,9.2,6181,-18.0,-132898.0,0.0,0,11.14,20% converted — GI 10% / FF 0%
20,10,10,80,527,527,4220,75.7699966430664,24.23,1597.8,0.19910000264644623,0.0,0.0,3028.0,0.23440000414848328,644.6,122474.0,10.3,6898,26.9,198739.0,1.348,674,11.72,20% converted — GI 10% / FF 10%
20,10,20,70,527,1054,3693,75.62000274658203,24.38,1587.6,0.2053000032901764,0.0,113342.0,4634.0,0.23929999768733978,1054.8,200412.0,11.5,7696,78.1,575936.0,2.696,1348,12.31,20% converted — GI 10% / FF 20%
20,10,30,60,527,1582,3165,75.47000122070312,24.53,1577.4,0.21160000562667847,0.1,453368.0,6990.0,0.24410000443458557,1465.8,278502.0,12.7,8511,122.9,906671.0,4.046,2023,12.9,20% converted — GI 10% / FF 30%
20,10,40,50,527,2109,2638,75.31999969482422,24.68,1567.3,0.21809999644756317,0.1,790060.0,10306.0,0.24889999628067017,1876.1,356459.0,13.7,9185,172.1,1269489.0,5.394,2697,13.48,20% converted — GI 10% / FF 40%
20,10,50,40,527,2637,2110,75.16999816894531,24.83,1557.2,0.22460000216960907,0.1,1126752.0,14417.0,0.25380000472068787,2287.1,434549.0,14.7,9824,221.2,1631753.0,6.744,3372,14.07,20% converted — GI 10% / FF 50%
20,10,60,30,527,3164,1583,75.0199966430664,24.98,1547.2,0.23109999299049377,0.1,1460111.0,19223.0,0.25859999656677246,2697.3,512487.0,15.8,10589,268.8,1982846.0,8.092,4046,14.66,20% converted — GI 10% / FF 60%
20,10,70,20,527,3691,1056,74.87000274658203,25.13,1537.2,0.23770000040531158,0.2,1793469.0,23026.0,0.26350000500679016,3107.5,590425.0,17.0,11364,315.0,2323591.0,9.44,4720,15.24,20% converted — GI 10% / FF 70%
20,10,80,10,527,4219,528,74.72000122070312,25.28,1527.2,0.2443999946117401,0.2,2126828.0,28798.0,0.26829999685287476,3518.5,668515.0,18.1,12101,366.9,2706527.0,10.791,5395,15.83,20% converted — GI 10% / FF 80%
20,10,90,0,527,4746,1,74.56999969482422,25.43,1517.2,0.25119999051094055,0.2,2460186.0,32973.0,0.27309998869895935,3928.7,746453.0,19.2,12850,415.7,3066686.0,12.138,6069,16.42,20% converted — GI 10% / FF 90%
20,20,0,80,1054,0,4220,75.23999786376953,24.76,1561.9,0.19920000433921814,0.0,970073.0,3080.0,0.23409999907016754,468.8,89072.0,10.3,6898,23.5,173249.0,0.0,0,16.41,20% converted — GI 20% / FF 0%
20,20,10,70,1054,527,3693,75.08000183105469,24.92,1551.2,0.20550000667572021,0.0,1326767.0,4696.0,0.23890000581741333,879.0,167010.0,11.5,7696,74.6,550493.0,1.348,674,17.0,20% converted — GI 20% / FF 10%
20,20,20,60,1054,1054,3166,74.94000244140625,25.06,1541.8,0.2117999941110611,0.1,1640124.0,7065.0,0.24369999766349792,1289.3,244967.0,12.7,8509,119.3,880491.0,2.696,1348,17.59,20% converted — GI 20% / FF 20%
20,20,30,50,1054,1582,2638,74.77999877929688,25.22,1531.2,0.218299999833107,0.1,1993484.0,10397.0,0.24860000610351562,1700.2,323038.0,13.7,9185,168.6,1244131.0,4.046,2023,18.17,20% converted — GI 20% / FF 30%
20,20,40,40,1054,2109,2111,74.62999725341797,25.37,1521.2,0.2248000055551529,0.1,2326843.0,14534.0,0.2533999979496002,2110.5,400995.0,14.7,9824,217.5,1604742.0,5.394,2697,18.76,20% converted — GI 20% / FF 40%
20,20,50,30,1054,2637,1583,74.4800033569336,25.52,1511.3,0.2312999963760376,0.1,2656868.0,19348.0,0.2581999897956848,2521.5,479085.0,15.8,10589,265.4,1957577.0,6.744,3372,19.35,20% converted — GI 20% / FF 50%
20,20,60,20,1054,3164,1056,74.33000183105469,25.67,1501.4,0.2379000037908554,0.2,2986893.0,23155.0,0.2630999982357025,2931.7,557023.0,17.0,11364,311.6,2298364.0,8.092,4046,19.93,20% converted — GI 20% / FF 60%
20,20,70,10,1054,3691,529,74.18000030517578,25.82,1491.5,0.24459999799728394,0.2,3316918.0,28939.0,0.2678999900817871,3341.9,634961.0,18.1,12101,363.4,2680421.0,9.44,4720,20.52,20% converted — GI 20% / FF 70%
20,20,80,0,1054,4219,1,74.02999877929688,25.97,1481.7,0.2513999938964844,0.2,3643609.0,33123.0,0.2727999985218048,3752.9,713051.0,19.2,12850,412.3,3041548.0,10.791,5395,21.1,20% converted — GI 20% / FF 80%
20,30,0,70,1582,0,3692,74.54000091552734,25.46,1515.3,0.20569999516010284,0.0,2523524.0,4744.0,0.23849999904632568,703.7,133703.0,11.5,7699,70.7,521502.0,0.0,0,21.7,20% converted — GI 30% / FF 0%
20,30,10,60,1582,527,3165,74.4000015258789,25.6,1506.0,0.21199999749660492,0.1,2833548.0,7124.0,0.2433999925851822,1113.9,211641.0,12.7,8511,115.5,852326.0,1.348,674,22.28,20% converted — GI 30% / FF 10%
20,30,20,50,1582,1054,2638,74.23999786376953,25.76,1495.5,0.21850000321865082,0.1,3183574.0,10472.0,0.24819999933242798,1524.1,289579.0,13.7,9185,164.7,1215240.0,2.696,1348,22.87,20% converted — GI 30% / FF 20%
20,30,30,40,1582,1582,2110,74.08999633789062,25.91,1485.6,0.22499999403953552,0.1,3513599.0,14636.0,0.2529999911785126,1935.1,367669.0,14.7,9824,213.8,1577601.0,4.046,2023,23.46,20% converted — GI 30% / FF 30%
20,30,40,30,1582,2109,1583,73.94000244140625,26.06,1475.8,0.23149999976158142,0.1,3840291.0,19456.0,0.2578999996185303,2345.3,445607.0,15.8,10589,261.5,1928788.0,5.394,2697,24.04,20% converted — GI 30% / FF 40%
20,30,50,20,1582,2637,1055,73.79000091552734,26.21,1466.0,0.23819999396800995,0.2,4166982.0,23268.0,0.26269999146461487,2756.3,523697.0,17.0,11364,307.7,2269719.0,6.744,3372,24.63,20% converted — GI 30% / FF 50%
20,30,60,10,1582,3164,528,73.63999938964844,26.36,1456.3,0.24490000307559967,0.2,4490340.0,29062.0,0.26759999990463257,3166.5,601635.0,18.1,12101,359.6,2652660.0,8.092,4046,25.22,20% converted — GI 30% / FF 60%
20,30,70,0,1582,3691,1,73.48999786376953,26.51,1446.5,0.2515999972820282,0.2,4817031.0,33255.0,0.27239999175071716,3576.7,679573.0,19.2,12850,408.4,3012915.0,9.44,4720,25.8,20% converted — GI 30% / FF 70%
20,40,0,60,2109,0,3165,73.8499984741211,26.15,1469.9,0.21220000088214874,0.1,4036972.0,7196.0,0.24300000071525574,938.1,178239.0,12.7,8511,112.1,826901.0,0.0,0,26.97,20% converted — GI 40% / FF 0%
20,40,10,50,2109,527,2638,73.69999694824219,26.3,1460.2,0.21870000660419464,0.1,4360330.0,10562.0,0.24779999256134033,1348.3,256177.0,13.7,9185,161.3,1189860.0,1.348,674,27.56,20% converted — GI 40% / FF 10%
20,40,20,40,2109,1054,2111,73.55000305175781,26.45,1450.4,0.22519999742507935,0.1,4687022.0,14753.0,0.25270000100135803,1758.5,334115.0,14.7,9824,210.2,1550566.0,2.696,1348,28.14,20% converted — GI 40% / FF 20%
20,40,30,30,2109,1582,1583,73.38999938964844,26.61,1440.1,0.23170000314712524,0.1,5030381.0,19582.0,0.2574999928474426,2169.5,412205.0,15.8,10589,258.0,1903497.0,4.046,2023,28.73,20% converted — GI 40% / FF 30%
20,40,40,20,2109,2109,1056,73.23999786376953,26.76,1430.4,0.23839999735355377,0.2,5353739.0,23401.0,0.2623000144958496,2579.7,490143.0,17.0,11364,304.2,2244378.0,5.394,2697,29.32,20% converted — GI 40% / FF 40%
20,40,50,10,2109,2637,528,73.08999633789062,26.91,1420.8,0.2451000064611435,0.2,5673763.0,29205.0,0.2671999931335449,2990.7,568233.0,18.1,12101,356.2,2627460.0,6.744,3372,29.9,20% converted — GI 40% / FF 50%
20,40,60,0,2109,3164,1,72.94999694824219,27.05,1411.8,0.25189998745918274,0.2,5973786.0,33410.0,0.2720000147819519,3400.9,646171.0,19.2,12850,405.0,2987761.0,8.092,4046,30.49,20% converted — GI 40% / FF 60%
20,50,0,50,2637,0,2637,73.1500015258789,26.85,1424.6,0.21889999508857727,0.1,5547087.0,10760.0,0.2475000023841858,1172.9,222851.0,13.7,9185,157.5,1161967.0,0.0,0,32.26,20% converted — GI 50% / FF 0%
20,50,10,40,2637,527,2110,73.0,27.0,1415.0,0.22540000081062317,0.1,5867111.0,14886.0,0.2522999942302704,1583.2,300808.0,14.7,9824,206.6,1524420.0,1.348,674,32.84,20% converted — GI 50% / FF 10%
20,50,20,30,2637,1054,1583,72.8499984741211,27.15,1405.4,0.23190000653266907,0.1,6187135.0,19725.0,0.257099986076355,1993.4,378746.0,15.8,10589,254.3,1875700.0,2.696,1348,33.43,20% converted — GI 50% / FF 20%
20,50,30,20,2637,1582,1055,72.69999694824219,27.3,1395.9,0.2386000007390976,0.2,6503826.0,23549.0,0.2619999945163727,2404.4,456836.0,17.0,11364,300.5,2216719.0,4.046,2023,34.01,20% converted — GI 50% / FF 30%
20,50,40,10,2637,2109,528,72.55000305175781,27.45,1386.4,0.24529999494552612,0.2,6820516.0,29363.0,0.2667999863624573,2814.6,534774.0,18.1,12101,352.4,2599759.0,5.394,2697,34.6,20% converted — GI 50% / FF 40%
20,50,50,0,2637,2637,0,72.4000015258789,27.6,1376.9,0.25209999084472656,0.2,7137207.0,33580.0,0.271699994802475,3225.6,612864.0,19.2,12850,401.3,2960109.0,6.744,3372,35.19,20% converted — GI 50% / FF 50%
20,60,0,40,3164,0,2110,72.45999908447266,27.54,1380.7,0.225600004196167,0.1,7010531.0,15011.0,0.25189998745918274,1407.3,267387.0,14.7,9824,202.9,1496563.0,0.0,0,37.53,20% converted — GI 60% / FF 0%
20,60,10,30,3164,527,1583,72.30999755859375,27.69,1371.2,0.2320999950170517,0.1,7327222.0,19855.0,0.25679999589920044,1817.6,345344.0,15.8,10589,250.5,1847889.0,1.348,674,38.12,20% converted — GI 60% / FF 10%
20,60,20,20,3164,1054,1056,72.16000366210938,27.84,1361.8,0.23880000412464142,0.2,7640579.0,23685.0,0.26159998774528503,2227.8,423282.0,17.0,11364,296.7,2188862.0,2.696,1348,38.7,20% converted — GI 60% / FF 20%
20,60,30,10,3164,1582,528,72.01000213623047,27.99,1352.4,0.24549999833106995,0.2,7953936.0,29510.0,0.266400009393692,2638.8,501372.0,18.1,12101,348.7,2572047.0,4.046,2023,39.29,20% converted — GI 60% / FF 30%
20,60,40,0,3164,2109,1,71.86000061035156,28.14,1343.0,0.2522999942302704,0.2,8267293.0,33737.0,0.27129998803138733,3049.0,579310.0,19.2,12850,397.5,2932447.0,5.394,2697,39.88,20% converted — GI 60% / FF 40%
20,70,0,30,3691,0,1583,71.7699966430664,28.23,1337.4,0.23229999840259552,0.1,8453974.0,19989.0,0.2563999891281128,1641.8,311942.0,15.8,10589,246.8,1820888.0,0.0,0,42.8,20% converted — GI 70% / FF 0%
20,70,10,20,3691,527,1056,71.62000274658203,28.38,1328.1,0.23899999260902405,0.2,8763997.0,23826.0,0.2612000107765198,2052.0,389880.0,17.0,11364,293.1,2161904.0,1.348,674,43.39,20% converted — GI 70% / FF 10%
20,70,20,10,3691,1054,529,71.47000122070312,28.53,1318.8,0.24570000171661377,0.2,9074020.0,29661.0,0.2660999894142151,2462.2,467818.0,18.1,12101,344.9,2544214.0,2.696,1348,43.98,20% converted — GI 70% / FF 20%
20,70,30,0,3691,1582,1,71.31999969482422,28.68,1309.5,0.2524999976158142,0.2,9384044.0,33900.0,0.27090001106262207,2873.2,545908.0,19.2,12850,393.9,2905586.0,4.046,2023,44.56,20% converted — GI 70% / FF 30%
20,80,0,20,4219,0,1055,71.06999969482422,28.93,1294.2,0.23919999599456787,0.2,9894083.0,23934.0,0.26089999079704285,1876.6,356554.0,17.0,11364,289.5,2135782.0,0.0,0,48.09,20% converted — GI 80% / FF 0%
20,80,10,10,4219,527,528,70.93000030517578,29.07,1285.6,0.2459000051021576,0.2,10180771.0,29777.0,0.26570001244544983,2286.8,434492.0,18.1,12101,341.5,2518972.0,1.348,674,48.67,20% converted — GI 80% / FF 10%
20,80,20,0,4219,1054,1,70.77999877929688,29.22,1276.5,0.25270000100135803,0.2,10484127.0,34026.0,0.2705000042915344,2697.0,512430.0,19.2,12850,390.3,2879467.0,2.696,1348,49.26,20% converted — GI 80% / FF 20%
20,90,0,10,4746,0,528,70.37999725341797,29.62,1252.2,0.24609999358654022,0.2,11294189.0,29941.0,0.2653000056743622,2111.0,401090.0,18.1,12101,337.5,2489523.0,0.0,0,53.36,20% converted — GI 90% / FF 0%
20,90,10,0,4746,527,1,70.2300033569336,29.77,1243.2,0.25290000438690186,0.2,11594211.0,34203.0,0.2702000141143799,2521.2,479028.0,19.2,12850,386.4,2850072.0,1.348,674,53.95,20% converted — GI 90% / FF 10%
20,100,0,0,5274,0,0,69.69000244140625,30.31,1210.9,0.2531999945640564,0.2,12670960.0,34325.0,0.26980000734329224,2345.9,445721.0,19.2,12850,382.6,2822363.0,0.0,0,58.65,20% converted — GI 100% / FF 0%
25,0,0,100,0,0,6593,76.86000061035156,23.14,1672.8,0.1842000037431717,-0.0,0.0,0.0,0.2232999950647354,0.0,0.0,7.6,5098,-80.2,-591598.0,0.0,0,7.33,25% converted — GI 0% / FF 0%
25,0,10,90,0,659,5934,76.66999816894531,23.33,1659.6,0.19200000166893005,-0.0,0.0,1112.0,0.22930000722408295,513.0,97470.0,9.3,6216,-17.9,-131713.0,1.685,842,8.06,25% converted — GI 0% / FF 10%
25,0,20,80,0,1318,5275,76.4800033569336,23.52,1646.4,0.19990000128746033,0.0,0.0,2973.0,0.2353000044822693,1025.9,194921.0,10.7,7173,42.6,314184.0,3.371,1685,8.8,25% converted — GI 0% / FF 20%
25,0,30,70,0,1977,4616,76.29000091552734,23.71,1633.3,0.2079000025987625,0.0,0.0,6150.0,0.24140000343322754,1538.9,292391.0,11.9,7992,104.6,771714.0,5.056,2528,9.53,25% converted — GI 0% / FF 30%
25,0,40,60,0,2637,3956,76.08999633789062,23.91,1619.6,0.2160000056028366,0.1,0.0,9102.0,0.24740000069141388,2052.6,389994.0,13.3,8907,163.4,1205642.0,6.744,3372,10.26,25% converted — GI 0% / FF 40%
25,0,50,50,0,3296,3297,75.91000366210938,24.09,1607.3,0.2240999937057495,0.1,0.0,13543.0,0.2535000145435333,2565.6,487464.0,14.7,9859,220.5,1627048.0,8.43,4215,11.0,25% converted — GI 0% / FF 50%
25,0,60,40,0,3955,2638,75.72000122070312,24.28,1594.4,0.23240000009536743,0.1,0.0,19685.0,0.25949999690055847,3078.6,584934.0,16.1,10798,281.7,2078503.0,10.115,5057,11.73,25% converted — GI 0% / FF 60%
25,0,70,30,0,4615,1978,75.52999877929688,24.47,1581.5,0.24079999327659607,0.2,316691.0,26215.0,0.2655999958515167,3592.3,682537.0,17.4,11635,342.6,2527544.0,11.803,5901,12.46,25% converted — GI 0% / FF 70%
25,0,80,20,0,5274,1319,75.33999633789062,24.66,1568.7,0.2493000030517578,0.2,743390.0,32270.0,0.27160000801086426,4105.3,780007.0,18.8,12611,400.5,2954268.0,13.489,6744,13.2,25% converted — GI 0% / FF 80%
25,0,90,10,0,5933,660,75.1500015258789,24.85,1555.9,0.257999986410141,0.2,1170089.0,39835.0,0.2777000069618225,4618.2,877458.0,20.4,13636,462.3,3410526.0,15.174,7587,13.93,25% converted — GI 0% / FF 90%
25,0,100,0,0,6593,0,74.95999908447266,25.04,1543.2,0.2669000029563904,0.3,1593454.0,46892.0,0.28369998931884766,5132.0,975080.0,21.9,14643,524.5,3868669.0,16.862,8431,14.66,25% converted — GI 0% / FF 100%
25,10,0,90,659,0,5934,75.98999786376953,24.01,1612.8,0.19220000505447388,-0.0,0.0,1171.0,0.2287999987602234,293.1,55689.0,9.3,6216,-22.6,-167051.0,0.0,0,13.93,25% converted — GI 10% / FF 0%
25,10,10,80,659,659,5275,75.80000305175781,24.2,1599.8,0.20010000467300415,0.0,0.0,3038.0,0.23489999771118164,806.1,153159.0,10.7,7173,37.8,278920.0,1.685,842,14.66,25% converted — GI 10% / FF 10%
25,10,20,70,659,1318,4616,75.61000061035156,24.39,1586.9,0.20819999277591705,0.1,136677.0,6235.0,0.24089999496936798,1319.1,250629.0,11.9,7992,99.8,736528.0,3.371,1685,15.39,25% converted — GI 10% / FF 20%
25,10,30,60,659,1977,3957,75.41000366210938,24.59,1573.4,0.21619999408721924,0.1,586711.0,9212.0,0.24699999392032623,1832.0,348080.0,13.3,8907,158.7,1170530.0,5.056,2528,16.13,25% converted — GI 10% / FF 30%
25,10,40,50,659,2637,3297,75.2300033569336,24.77,1561.3,0.22439999878406525,0.1,990075.0,13689.0,0.2529999911785126,2345.8,445702.0,14.7,9859,215.8,1592007.0,6.744,3372,16.86,25% converted — GI 10% / FF 40%
25,10,50,40,659,3296,2638,75.04000091552734,24.96,1548.5,0.23270000517368317,0.1,1416774.0,19846.0,0.2590999901294708,2858.7,543153.0,16.1,10798,277.0,2043538.0,8.43,4215,17.59,25% converted — GI 10% / FF 50%
25,10,60,30,659,3955,1979,74.8499984741211,25.15,1535.8,0.2409999966621399,0.2,1840139.0,26388.0,0.26510000228881836,3371.7,640623.0,17.4,11629,337.9,2492645.0,10.115,5057,18.32,25% converted — GI 10% / FF 60%
25,10,70,20,659,4615,1319,74.66000366210938,25.34,1523.2,0.24950000643730164,0.2,2260171.0,32458.0,0.2712000012397766,3885.4,738226.0,18.8,12611,395.8,2919450.0,11.803,5901,19.06,25% converted — GI 10% / FF 70%
25,10,80,10,659,5274,660,74.47000122070312,25.53,1510.6,0.2583000063896179,0.2,2680203.0,40048.0,0.27720001339912415,4398.4,835696.0,20.4,13636,457.6,3375784.0,13.489,6744,19.79,25% converted — GI 10% / FF 80%
25,10,90,0,659,5933,1,74.27999877929688,25.72,1498.1,0.2671999931335449,0.3,3096901.0,47147.0,0.2833000123500824,4911.4,933166.0,21.9,14643,519.8,3834004.0,15.174,7587,20.52,25% converted — GI 10% / FF 90%
25,20,0,80,1318,0,5275,75.12000274658203,24.88,1553.9,0.2003999948501587,0.0,1236760.0,3092.0,0.23440000414848328,586.2,111378.0,10.7,7173,33.2,244652.0,0.0,0,20.52,25% converted — GI 20% / FF 0%
25,20,10,70,1318,659,4616,74.93000030517578,25.07,1541.2,0.20839999616146088,0.1,1660126.0,6307.0,0.24050000309944153,1099.2,208848.0,11.9,7992,95.2,702337.0,1.685,842,21.25,25% converted — GI 20% / FF 10%
25,20,20,60,1318,1318,3957,74.7300033569336,25.27,1527.9,0.21649999916553497,0.1,2103493.0,9309.0,0.24650000035762787,1612.2,306318.0,13.3,8907,154.0,1136411.0,3.371,1685,21.99,25% converted — GI 20% / FF 20%
25,20,30,50,1318,1977,3298,74.55000305175781,25.45,1515.9,0.22460000216960907,0.1,2503523.0,13700.0,0.2526000142097473,2125.1,403769.0,14.7,9859,211.2,1557960.0,5.056,2528,22.72,25% converted — GI 20% / FF 30%
25,20,40,40,1318,2637,2638,74.36000061035156,25.64,1503.4,0.2328999936580658,0.1,2920221.0,19989.0,0.25859999656677246,2638.9,501391.0,16.1,10798,272.4,2009567.0,6.744,3372,23.45,25% converted — GI 20% / FF 40%
25,20,50,30,1318,3296,1979,74.16999816894531,25.83,1490.9,0.24130000174045563,0.2,3336919.0,26544.0,0.26460000872612,3151.9,598861.0,17.4,11629,333.3,2458750.0,8.43,4215,24.19,25% converted — GI 20% / FF 50%
25,20,60,20,1318,3955,1320,73.9800033569336,26.02,1478.4,0.24979999661445618,0.2,3753618.0,32628.0,0.27070000767707825,3664.8,696312.0,18.8,12611,391.2,2885626.0,10.115,5057,24.92,25% converted — GI 20% / FF 60%
25,20,70,10,1318,4615,660,73.79000091552734,26.21,1466.0,0.25859999656677246,0.2,4166982.0,40244.0,0.2766999900341034,4178.6,793934.0,20.4,13636,453.1,3342034.0,11.803,5901,25.65,25% converted — GI 20% / FF 70%
25,20,80,0,1318,5274,1,73.61000061035156,26.39,1454.3,0.26750001311302185,0.3,4557012.0,47383.0,0.28279998898506165,4691.5,891385.0,21.9,14643,515.2,3800333.0,13.489,6744,26.39,25% converted — GI 20% / FF 80%
25,30,0,70,1977,0,4616,74.26000213623047,25.74,1496.8,0.2087000012397766,0.1,3140238.0,6408.0,0.23999999463558197,879.4,167086.0,11.9,7992,90.4,667169.0,0.0,0,27.12,25% converted — GI 30% / FF 0%
25,30,10,60,1977,659,3957,74.05999755859375,25.94,1483.6,0.2167000025510788,0.1,3580271.0,9437.0,0.2460000067949295,1392.3,264537.0,13.3,8907,149.3,1101318.0,1.685,842,27.85,25% converted — GI 30% / FF 10%
25,30,20,50,1977,1318,3298,73.87999725341797,26.12,1471.9,0.2249000072479248,0.1,3970301.0,13864.0,0.25209999084472656,1905.3,362007.0,14.7,9859,206.4,1522942.0,3.371,1685,28.58,25% converted — GI 30% / FF 20%
25,30,30,40,1977,1977,2639,73.69000244140625,26.31,1459.5,0.23319999873638153,0.1,4383665.0,20170.0,0.2581000030040741,2418.3,459477.0,16.1,10794,267.4,1972920.0,5.056,2528,29.32,25% converted — GI 30% / FF 30%
25,30,40,30,1977,2637,1979,73.5,26.5,1447.2,0.24160000681877136,0.2,4793696.0,26739.0,0.26420000195503235,2932.0,557080.0,17.4,11629,328.6,2423888.0,6.744,3372,30.05,25% converted — GI 30% / FF 40%
25,30,50,20,1977,3296,1320,73.30999755859375,26.69,1434.9,0.2500999867916107,0.2,5203727.0,32839.0,0.2702000141143799,3445.0,654550.0,18.8,12611,386.5,2850836.0,8.43,4215,30.78,25% converted — GI 30% / FF 50%
25,30,60,10,1977,3955,661,73.12999725341797,26.87,1423.4,0.2587999999523163,0.2,5587090.0,40484.0,0.27630001306533813,3957.9,752001.0,20.4,13636,447.9,3304182.0,10.115,5057,31.52,25% converted — GI 30% / FF 60%
25,30,70,0,1977,4615,1,72.94000244140625,27.06,1411.2,0.2678000032901764,0.3,5993787.0,47663.0,0.2822999954223633,4471.7,849623.0,21.9,14643,510.5,3765700.0,11.803,5901,32.25,25% converted — GI 30% / FF 70%
25,40,0,60,2637,0,3956,73.38999938964844,26.61,1440.1,0.21699999272823334,0.1,5030381.0,9530.0,0.24560000002384186,1172.9,222851.0,13.3,8907,144.8,1067958.0,0.0,0,33.72,25% converted — GI 40% / FF 0%
25,40,10,50,2637,659,3297,73.20999908447266,26.79,1428.5,0.22509999573230743,0.1,5417077.0,14109.0,0.2515999972820282,1685.9,320321.0,14.7,9859,201.9,1489652.0,1.685,842,34.46,25% converted — GI 40% / FF 10%
25,40,20,40,2637,1318,2638,73.0199966430664,26.98,1416.3,0.23340000212192535,0.1,5823774.0,20305.0,0.25769999623298645,2198.9,417791.0,16.1,10798,263.2,1941410.0,3.371,1685,35.19,25% converted — GI 40% / FF 20%
25,40,30,30,2637,1977,1979,72.83000183105469,27.17,1404.2,0.241799995303154,0.2,6227138.0,26887.0,0.263700008392334,2711.8,515242.0,17.4,11629,324.1,2390744.0,5.056,2528,35.92,25% converted — GI 40% / FF 30%
25,40,40,20,2637,2637,1319,72.63999938964844,27.36,1392.1,0.25040000677108765,0.2,6630502.0,33003.0,0.26980000734329224,3225.6,612864.0,18.8,12611,382.0,2817762.0,6.744,3372,36.65,25% converted — GI 40% / FF 40%
25,40,50,10,2637,3296,660,72.44999694824219,27.55,1380.1,0.2590999901294708,0.2,7030532.0,40671.0,0.2757999897003174,3738.5,710315.0,20.4,13636,443.9,3274322.0,8.43,4215,37.39,25% converted — GI 40% / FF 50%
25,40,60,0,2637,3955,1,72.26000213623047,27.74,1368.1,0.26809999346733093,0.3,7430563.0,47885.0,0.28189998865127563,4251.5,807785.0,21.9,14643,506.0,3732774.0,10.115,5057,38.12,25% converted — GI 40% / FF 60%
25,50,0,50,3296,0,3297,72.5199966430664,27.48,1384.5,0.22540000081062317,0.1,6883855.0,14249.0,0.25119999051094055,1466.1,278559.0,14.7,9859,197.5,1457253.0,0.0,0,40.32,25% converted — GI 50% / FF 0%
25,50,10,40,3296,659,2638,72.33000183105469,27.67,1372.5,0.2337000072002411,0.1,7283885.0,20457.0,0.2572000026702881,1979.0,376010.0,16.1,10798,258.8,1909083.0,1.685,842,41.05,25% converted — GI 50% / FF 10%
25,50,20,30,3296,1318,1979,72.13999938964844,27.86,1360.5,0.24210000038146973,0.2,7683915.0,27052.0,0.26330000162124634,2492.0,473480.0,17.4,11629,319.7,2358490.0,3.371,1685,41.78,25% converted — GI 50% / FF 20%
25,50,30,20,3296,1977,1320,71.94999694824219,28.05,1348.6,0.25060001015663147,0.2,8080612.0,33186.0,0.26930001378059387,3005.0,570950.0,18.8,12611,377.6,2785578.0,5.056,2528,42.52,25% converted — GI 50% / FF 30%
25,50,40,10,3296,2637,660,71.7699966430664,28.23,1337.4,0.25940001010894775,0.2,8453974.0,40879.0,0.2754000127315521,3518.7,668553.0,20.4,13636,439.5,3242211.0,6.744,3372,43.25,25% converted — GI 50% / FF 40%
25,50,50,0,3296,3296,1,71.58000183105469,28.42,1325.6,0.26829999685287476,0.3,8847337.0,48134.0,0.28139999508857727,4031.7,766023.0,21.9,14643,501.7,3700740.0,8.43,4215,43.98,25% converted — GI 50% / FF 50%
25,60,0,40,3955,0,2638,71.66000366210938,28.34,1330.6,0.23399999737739563,0.1,8680657.0,20633.0,0.2567000091075897,1759.2,334248.0,16.1,10798,254.1,1874366.0,0.0,0,46.91,25% converted — GI 60% / FF 0%
25,60,10,30,3955,659,1979,71.47000122070312,28.53,1318.8,0.24230000376701355,0.2,9074020.0,27242.0,0.262800008058548,2272.1,431699.0,17.4,11629,315.0,2323850.0,1.685,842,47.65,25% converted — GI 60% / FF 10%
25,60,20,20,3955,1318,1320,71.27999877929688,28.72,1307.1,0.250900000333786,0.2,9464050.0,33394.0,0.2687999904155731,2785.1,529169.0,18.8,12611,372.9,2751008.0,3.371,1685,48.38,25% converted — GI 60% / FF 20%
25,60,30,10,3955,1977,661,71.08999633789062,28.91,1295.4,0.2597000002861023,0.2,9854080.0,41112.0,0.27489998936653137,3298.1,626639.0,20.4,13636,434.4,3204575.0,5.056,2528,49.11,25% converted — GI 60% / FF 30%
25,60,40,0,3955,2637,1,70.91000366210938,29.09,1284.4,0.2685999870300293,0.3,10220774.0,48407.0,0.2809000015258789,3811.8,724242.0,21.9,14643,497.0,3666323.0,6.744,3372,49.85,25% converted — GI 60% / FF 40%
25,70,0,30,4615,0,1978,70.79000091552734,29.21,1277.1,0.2425999939441681,0.2,10464126.0,27430.0,0.2623000144958496,2052.8,390032.0,17.4,11635,310.3,2289320.0,0.0,0,53.52,25% converted — GI 70% / FF 0%
25,70,10,20,4615,659,1319,70.5999984741211,29.4,1265.5,0.25119999051094055,0.2,10850822.0,33603.0,0.26840001344680786,2565.7,487483.0,18.8,12611,368.3,2716541.0,1.685,842,54.25,25% converted — GI 70% / FF 10%
25,70,20,10,4615,1318,660,70.41000366210938,29.59,1254.0,0.25999999046325684,0.2,11234184.0,41350.0,0.274399995803833,3078.7,584953.0,20.4,13636,430.2,3173326.0,3.371,1685,54.98,25% converted — GI 70% / FF 20%
25,70,30,0,4615,1977,1,70.2300033569336,29.77,1243.2,0.2689000070095062,0.3,11594211.0,48689.0,0.28049999475479126,3591.6,682404.0,21.9,14643,492.4,3632011.0,5.056,2528,55.72,25% converted — GI 70% / FF 30%
25,80,0,20,5274,0,1319,69.91999816894531,30.08,1224.6,0.2513999938964844,0.2,12214258.0,33782.0,0.2678999900817871,2345.9,445721.0,18.8,12611,363.8,2683712.0,0.0,0,60.11,25% converted — GI 80% / FF 0%
25,80,10,10,5274,659,660,69.73999786376953,30.26,1213.9,0.26019999384880066,0.2,12570952.0,41556.0,0.27399998903274536,2858.8,543172.0,20.4,13636,425.7,3140568.0,1.685,842,60.85,25% converted — GI 80% / FF 10%
25,80,20,0,5274,1318,1,69.55000305175781,30.45,1202.6,0.26919999718666077,0.3,12947647.0,48932.0,0.2800000011920929,3371.8,640642.0,21.9,14643,487.9,3599328.0,3.371,1685,61.58,25% converted — GI 80% / FF 20%
25,90,0,10,5933,0,660,69.05999755859375,30.94,1173.8,0.2605000138282776,0.2,13907720.0,41789.0,0.273499995470047,2639.0,501410.0,20.4,13636,421.0,3105464.0,0.0,0,66.71,25% converted — GI 90% / FF 0%
25,90,10,0,5933,659,1,68.87000274658203,31.13,1162.7,0.2694999873638153,0.3,14277748.0,49205.0,0.27950000762939453,3152.0,598880.0,21.9,14643,483.2,3564304.0,1.685,842,67.44,25% converted — GI 90% / FF 10%
25,100,0,0,6593,0,0,68.19000244140625,31.81,1123.4,0.26980000734329224,0.3,15587847.0,49430.0,0.2791000008583069,2932.6,557194.0,21.9,14643,478.4,3529051.0,0.0,0,73.31,25% converted — GI 100% / FF 0%
30,0,0,100,0,0,7911,77.0999984741211,22.9,1689.5,0.18199999630451202,-0.0,0.0,0.0,0.22139999270439148,0.0,0.0,7.3,4872,-96.4,-711511.0,0.0,0,8.8,30% converted — GI 0% / FF 0%
30,0,10,90,0,791,7120,76.87000274658203,23.13,1673.5,0.19140000641345978,-0.0,0.0,1019.0,0.22859999537467957,615.7,116983.0,9.1,6065,-23.8,-175890.0,2.023,1011,9.68,30% converted — GI 0% / FF 10%
30,0,20,80,0,1582,6329,76.6500015258789,23.35,1658.2,0.20100000500679016,0.0,0.0,4222.0,0.23589999973773956,1231.4,233966.0,10.8,7237,54.0,398407.0,4.046,2023,10.56,30% converted — GI 0% / FF 20%
30,0,30,70,0,2373,5538,76.41999816894531,23.58,1642.3,0.21070000529289246,0.1,0.0,7265.0,0.24310000240802765,1847.1,350949.0,12.3,8260,125.4,925468.0,6.069,3034,11.44,30% converted — GI 0% / FF 30%
30,0,40,60,0,3164,4747,76.18000030517578,23.82,1625.8,0.22059999406337738,0.1,0.0,12351.0,0.25040000677108765,2462.9,467951.0,13.9,9297,199.1,1468974.0,8.092,4046,12.32,30% converted — GI 0% / FF 40%
30,0,50,50,0,3955,3956,75.94999694824219,24.05,1610.0,0.2305999994277954,0.1,0.0,18444.0,0.25769999623298645,3078.6,584934.0,15.5,10385,269.9,1990956.0,10.115,5057,13.19,30% converted — GI 0% / FF 50%
30,0,60,40,0,4746,3165,75.7300033569336,24.27,1595.1,0.24070000648498535,0.2,0.0,25442.0,0.26489999890327454,3694.3,701917.0,17.3,11581,339.0,2500414.0,12.138,6069,14.07,30% converted — GI 0% / FF 60%
30,0,70,30,0,5537,2374,75.5,24.5,1579.5,0.25110000371932983,0.2,383362.0,33770.0,0.27219998836517334,4310.0,818900.0,18.9,12653,414.1,3054703.0,14.161,7080,14.95,30% converted — GI 0% / FF 70%
30,0,80,20,0,6328,1583,75.2699966430664,24.73,1564.0,0.26170000433921814,0.2,900068.0,43541.0,0.2793999910354614,4925.7,935883.0,20.8,13953,483.7,3568264.0,16.184,8092,15.83,30% converted — GI 0% / FF 80%
30,0,90,10,0,7119,792,75.05000305175781,24.95,1549.2,0.272599995136261,0.3,1393439.0,53761.0,0.2867000102996826,5541.4,1052866.0,22.7,15205,555.6,4098341.0,18.208,9104,16.71,30% converted — GI 0% / FF 90%
30,0,100,0,0,7911,0,74.83000183105469,25.17,1534.5,0.28380000591278076,0.3,1883476.0,66057.0,0.2939000129699707,6157.9,1170001.0,24.6,16499,629.6,4643698.0,20.233,10116,17.59,30% converted — GI 0% / FF 100%
30,10,0,90,791,0,7120,76.05999755859375,23.94,1617.5,0.19169999659061432,-0.0,0.0,1085.0,0.2281000018119812,351.8,66842.0,9.1,6065,-29.4,-217038.0,0.0,0,16.71,30% converted — GI 10% / FF 0%
30,10,10,80,791,791,6329,75.83000183105469,24.17,1601.9,0.2012999951839447,0.0,0.0,4303.0,0.2353000044822693,967.6,183844.0,10.8,7237,48.4,357373.0,2.023,1011,17.59,30% converted — GI 10% / FF 10%
30,10,20,70,791,1582,5538,75.5999984741211,24.4,1586.2,0.210999995470047,0.1,160012.0,7371.0,0.2425999939441681,1583.3,300827.0,12.3,8260,119.9,884540.0,4.046,2023,18.47,30% converted — GI 10% / FF 20%
30,10,30,60,791,2373,4747,75.37000274658203,24.63,1570.7,0.22089999914169312,0.1,676718.0,12511.0,0.24979999661445618,2199.0,417810.0,13.9,9297,193.6,1428157.0,6.069,3034,19.35,30% converted — GI 10% / FF 30%
30,10,40,50,791,3164,3956,75.13999938964844,24.86,1555.2,0.23090000450611115,0.1,1193424.0,18627.0,0.257099986076355,2814.7,534793.0,15.5,10385,264.4,1950246.0,8.092,4046,20.23,30% converted — GI 10% / FF 40%
30,10,50,40,791,3955,3165,74.91000366210938,25.09,1539.8,0.2409999966621399,0.2,1706796.0,25640.0,0.26429998874664307,3430.4,651776.0,17.3,11581,333.4,2459809.0,10.115,5057,21.11,30% converted — GI 10% / FF 50%
30,10,60,30,791,4746,2374,74.68000030517578,25.32,1524.5,0.2513999938964844,0.2,2216835.0,33995.0,0.27160000801086426,4046.1,768759.0,18.9,12653,408.6,3014209.0,12.138,6069,21.99,30% converted — GI 10% / FF 60%
30,10,70,20,791,5537,1583,74.45999908447266,25.54,1510.0,0.2619999945163727,0.2,2700204.0,43814.0,0.27889999747276306,4661.8,885742.0,20.8,13953,478.3,3527874.0,14.161,7080,22.87,30% converted — GI 10% / FF 70%
30,10,80,10,791,6328,792,74.2300033569336,25.77,1494.8,0.27300000190734863,0.3,3206910.0,54106.0,0.28610000014305115,5277.6,1002744.0,22.7,15205,550.2,4058059.0,16.184,8092,23.75,30% converted — GI 10% / FF 80%
30,10,90,0,791,7119,1,74.01000213623047,25.99,1480.4,0.2840999960899353,0.3,3686946.0,66408.0,0.29339998960494995,5893.3,1119727.0,24.6,16499,624.1,4603524.0,18.208,9104,24.63,30% converted — GI 10% / FF 90%
30,20,0,80,1582,0,6329,75.0199966430664,24.98,1547.2,0.20160000026226044,0.0,1460111.0,4403.0,0.23479999601840973,703.7,133703.0,10.8,7237,42.5,313246.0,0.0,0,24.63,30% converted — GI 20% / FF 0%
30,20,10,70,1582,791,5538,74.79000091552734,25.21,1531.8,0.21130000054836273,0.1,1973483.0,7497.0,0.24199999868869781,1319.4,250686.0,12.3,8260,113.9,840523.0,2.023,1011,25.51,30% converted — GI 20% / FF 10%
30,20,20,60,1582,1582,4747,74.55000305175781,25.45,1515.9,0.22120000422000885,0.1,2503523.0,12694.0,0.2493000030517578,1935.1,367669.0,13.9,9297,187.6,1384259.0,4.046,2023,26.39,30% converted — GI 20% / FF 20%
30,20,30,50,1582,2373,3956,74.31999969482422,25.68,1500.7,0.23119999468326569,0.1,3010228.0,18830.0,0.2565000057220459,2550.8,484652.0,15.5,10385,258.4,1906458.0,6.069,3034,27.27,30% converted — GI 20% / FF 30%
30,20,40,40,1582,3164,3165,74.0999984741211,25.9,1486.3,0.24130000174045563,0.2,3490264.0,25861.0,0.2637999951839447,3166.5,601635.0,17.3,11581,327.5,2416133.0,8.092,4046,28.15,30% converted — GI 20% / FF 40%
30,20,50,30,1582,3955,2374,73.87000274658203,26.13,1471.2,0.2517000138759613,0.2,3993636.0,34242.0,0.2709999978542328,3782.2,718618.0,18.9,12653,402.7,2970650.0,10.115,5057,29.03,30% converted — GI 20% / FF 50%
30,20,60,20,1582,4746,1583,73.63999938964844,26.36,1456.3,0.2624000012874603,0.3,4490340.0,44111.0,0.2782999873161316,4398.0,835620.0,20.8,13953,472.4,3484424.0,12.138,6069,29.91,30% converted — GI 20% / FF 60%
30,20,70,10,1582,5537,792,73.41999816894531,26.58,1442.0,0.2732999920845032,0.3,4967043.0,54473.0,0.2856000065803528,5013.7,952603.0,22.7,15205,544.3,4014723.0,14.161,7080,30.79,30% converted — GI 20% / FF 70%
30,20,80,0,1582,6328,1,73.19999694824219,26.8,1427.8,0.28450000286102295,0.3,5440412.0,66780.0,0.29280000925064087,5629.4,1069586.0,24.6,16499,618.3,4560304.0,16.184,8092,31.67,30% converted — GI 20% / FF 80%
30,30,0,70,2373,0,5538,73.9800033569336,26.02,1478.4,0.21160000562667847,0.1,3753618.0,7594.0,0.24150000512599945,1055.5,200545.0,12.3,8260,108.4,800013.0,0.0,0,32.55,30% converted — GI 30% / FF 0%
30,30,10,60,2373,791,4747,73.73999786376953,26.26,1462.8,0.2214999943971634,0.1,4273657.0,12844.0,0.24869999289512634,1671.2,317528.0,13.9,9297,182.2,1343856.0,2.023,1011,33.43,30% converted — GI 30% / FF 10%
30,30,20,50,2373,1582,3956,73.51000213623047,26.49,1447.8,0.23149999976158142,0.1,4773695.0,18999.0,0.25600001215934753,2286.9,434511.0,15.5,10385,253.0,1866158.0,4.046,2023,34.31,30% converted — GI 30% / FF 20%
30,30,30,40,2373,2373,3165,73.29000091552734,26.71,1433.6,0.24160000681877136,0.2,5247064.0,26045.0,0.2632000148296356,2902.7,551513.0,17.3,11581,322.1,2375931.0,6.069,3034,35.18,30% converted — GI 30% / FF 30%
30,30,40,30,2373,3164,2374,73.05999755859375,26.94,1418.9,0.25200000405311584,0.2,5737101.0,34449.0,0.2705000042915344,3518.4,668496.0,18.9,12653,397.3,2930556.0,8.092,4046,36.06,30% converted — GI 30% / FF 40%
30,30,50,20,2373,3955,1583,72.83000183105469,27.17,1404.2,0.26269999146461487,0.3,6227138.0,44368.0,0.2777000069618225,4134.1,785479.0,20.8,13953,466.9,3444430.0,10.115,5057,36.94,30% converted — GI 30% / FF 50%
30,30,60,10,2373,4746,792,72.61000061035156,27.39,1390.2,0.2736999988555908,0.3,6693840.0,54802.0,0.2849999964237213,4749.8,902462.0,22.7,15205,538.9,3974831.0,12.138,6069,37.82,30% converted — GI 30% / FF 60%
30,30,70,0,2373,5537,1,72.37999725341797,27.62,1375.6,0.2847999930381775,0.3,7180544.0,67114.0,0.2922999858856201,5365.5,1019445.0,24.6,16499,612.9,4520519.0,14.161,7080,38.7,30% converted — GI 30% / FF 70%
30,40,0,60,3164,0,4747,72.94000244140625,27.06,1411.2,0.22179999947547913,0.1,5993787.0,13026.0,0.24819999933242798,1407.3,267387.0,13.9,9297,176.5,1302079.0,0.0,0,40.46,30% converted — GI 40% / FF 0%
30,40,10,50,3164,791,3956,72.69999694824219,27.3,1395.9,0.23180000483989716,0.1,6503826.0,19199.0,0.25540000200271606,2023.1,384389.0,15.5,10385,247.3,1824488.0,2.023,1011,41.34,30% converted — GI 40% / FF 10%
30,40,20,40,3164,1582,3165,72.4800033569336,27.52,1381.9,0.24199999868869781,0.2,6970528.0,26263.0,0.26269999146461487,2638.8,501372.0,17.3,11581,316.4,2334372.0,4.046,2023,42.22,30% converted — GI 40% / FF 20%
30,40,30,30,3164,2373,2374,72.25,27.75,1367.4,0.2524000108242035,0.2,7453898.0,34693.0,0.26989999413490295,3254.5,618355.0,18.9,12653,391.7,2889113.0,6.069,3034,43.1,30% converted — GI 40% / FF 30%
30,40,40,20,3164,3164,1583,72.0199966430664,27.98,1353.0,0.2630999982357025,0.3,7933934.0,44665.0,0.27720001339912415,3870.2,735338.0,20.8,13953,461.3,3403094.0,8.092,4046,43.98,30% converted — GI 40% / FF 40%
30,40,50,10,3164,3955,792,71.80000305175781,28.2,1339.3,0.27399998903274536,0.3,8390635.0,55173.0,0.28439998626708984,4485.9,852321.0,22.7,15205,533.3,3933606.0,10.115,5057,44.86,30% converted — GI 40% / FF 50%
30,40,60,0,3164,4746,1,71.58000183105469,28.42,1325.6,0.28519999980926514,0.3,8847337.0,67491.0,0.29170000553131104,5101.6,969304.0,24.6,16499,607.3,4479407.0,12.138,6069,45.74,30% converted — GI 40% / FF 60%
30,50,0,50,3955,0,3956,71.9000015258789,28.1,1345.5,0.2320999950170517,0.1,8183953.0,19372.0,0.2549000084400177,1759.2,334248.0,15.5,10385,241.9,1784353.0,0.0,0,48.38,30% converted — GI 50% / FF 0%
30,50,10,40,3955,791,3165,71.66999816894531,28.33,1331.2,0.24230000376701355,0.2,8660656.0,26453.0,0.2621000111103058,2374.9,451231.0,17.3,11581,311.0,2294336.0,2.023,1011,49.26,30% converted — GI 50% / FF 10%
30,50,20,30,3955,1582,2374,71.44999694824219,28.55,1317.6,0.25270000100135803,0.2,9114024.0,34909.0,0.2694000005722046,2990.6,568214.0,18.9,12653,386.2,2849184.0,4.046,2023,50.14,30% converted — GI 50% / FF 20%
30,50,30,20,3955,2373,1583,71.22000122070312,28.78,1303.4,0.26339998841285706,0.3,9587393.0,44927.0,0.2766000032424927,3606.3,685197.0,20.8,13953,455.9,3363268.0,6.069,3034,51.02,30% converted — GI 50% / FF 30%
30,50,40,10,3955,3164,792,71.0,29.0,1289.9,0.274399995803833,0.3,10037427.0,55497.0,0.2838999927043915,4222.0,802180.0,22.7,15205,527.9,3893884.0,8.092,4046,51.9,30% converted — GI 50% / FF 40%
30,50,50,0,3955,3955,1,70.7699966430664,29.23,1275.8,0.2856000065803528,0.3,10507462.0,67822.0,0.29109999537467957,4837.8,919182.0,24.6,16499,601.9,4439789.0,10.115,5057,52.78,30% converted — GI 50% / FF 50%
30,60,0,40,4746,0,3165,70.86000061035156,29.14,1281.3,0.2425999939441681,0.2,10324115.0,26658.0,0.26159998774528503,2111.0,401090.0,17.3,11581,305.7,2255160.0,0.0,0,56.29,30% converted — GI 60% / FF 0%
30,60,10,30,4746,791,2374,70.62999725341797,29.37,1267.3,0.2529999911785126,0.2,10790817.0,35142.0,0.2687999904155731,2726.7,518073.0,18.9,12653,380.9,2810117.0,2.023,1011,57.17,30% converted — GI 60% / FF 10%
30,60,20,20,4746,1582,1583,70.4000015258789,29.6,1253.4,0.263700008392334,0.3,11254186.0,45208.0,0.2761000096797943,3342.4,635056.0,20.8,13953,450.7,3324300.0,4.046,2023,58.05,30% converted — GI 60% / FF 20%
30,60,30,10,4746,2373,792,70.18000030517578,29.82,1240.2,0.27469998598098755,0.3,11694219.0,55841.0,0.2833000123500824,3958.2,752058.0,22.7,15205,522.6,3855021.0,6.069,3034,58.93,30% converted — GI 60% / FF 30%
30,60,40,0,4746,3164,1,69.94999694824219,30.05,1226.4,0.2858999967575073,0.3,12154254.0,68171.0,0.2906000018119812,4573.9,869041.0,24.6,16499,596.7,4401034.0,8.092,4046,59.81,30% converted — GI 60% / FF 40%
30,70,0,30,5537,0,2374,69.81999969482422,30.18,1218.7,0.2533999979496002,0.2,12410940.0,35390.0,0.26829999685287476,2462.9,467951.0,18.9,12653,375.2,2767485.0,0.0,0,64.21,30% converted — GI 70% / FF 0%
30,70,10,20,5537,791,1583,69.58999633789062,30.41,1205.0,0.26409998536109924,0.3,12867641.0,45508.0,0.27549999952316284,3078.6,584934.0,20.8,13953,444.9,3281775.0,2.023,1011,65.09,30% converted — GI 70% / FF 10%
30,70,20,10,5537,1582,792,69.37000274658203,30.63,1192.0,0.2750999927520752,0.3,13301007.0,56210.0,0.28279998898506165,3694.3,701917.0,22.7,15205,516.9,3812605.0,4.046,2023,65.97,30% converted — GI 70% / FF 20%
30,70,30,0,5537,2373,1,69.13999938964844,30.86,1178.5,0.28630000352859497,0.3,13751041.0,68548.0,0.28999999165534973,4310.0,818900.0,24.6,16499,590.9,4358734.0,6.069,3034,66.85,30% converted — GI 70% / FF 30%
30,80,0,20,6328,0,1583,68.77999877929688,31.22,1157.5,0.26440000534057617,0.3,14451094.0,45815.0,0.2750000059604645,2814.7,534793.0,20.8,13953,439.5,3242263.0,0.0,0,72.13,30% converted — GI 80% / FF 0%
30,80,10,10,6328,791,792,68.55000305175781,31.45,1144.1,0.2754000127315521,0.3,14897795.0,56582.0,0.28220000863075256,3430.4,651776.0,22.7,15205,511.5,3773194.0,2.023,1011,73.01,30% converted — GI 80% / FF 10%
30,80,20,0,6328,1582,1,68.33000183105469,31.67,1131.4,0.2865999937057495,0.3,15321160.0,68928.0,0.28949999809265137,4046.1,768759.0,24.6,16499,585.6,4319428.0,4.046,2023,73.89,30% converted — GI 80% / FF 20%
30,90,0,10,7119,0,792,67.7300033569336,32.27,1097.2,0.2757999897003174,0.3,16461247.0,56902.0,0.2815999984741211,3166.5,601635.0,22.7,15205,506.0,3732407.0,0.0,0,80.04,30% converted — GI 90% / FF 0%
30,90,10,0,7119,791,1,67.51000213623047,32.49,1084.7,0.28700000047683716,0.3,16877945.0,69256.0,0.2888999879360199,3782.2,718618.0,24.6,16499,580.1,4278752.0,2.023,1011,80.92,30% converted — GI 90% / FF 10%
30,100,0,0,7911,0,0,66.69000244140625,33.31,1038.9,0.2874000072479248,0.3,18404727.0,69602.0,0.28839999437332153,3518.8,668572.0,24.6,16499,574.4,4236783.0,0.0,0,87.97,30% converted — GI 100% / FF 0%
35,0,0,100,0,0,9230,77.33999633789062,22.66,1706.4,0.18000000715255737,-0.1,0.0,0.0,0.21950000524520874,0.0,0.0,7.0,4697,-111.1,-819377.0,0.0,0,10.26,35% converted — GI 0% / FF 0%
35,0,10,90,0,923,8307,77.06999969482422,22.93,1687.4,0.19110000133514404,-0.0,0.0,1764.0,0.2280000001192093,718.5,136515.0,9.2,6126,-32.2,-237778.0,2.361,1180,11.29,35% converted — GI 0% / FF 10%
35,0,20,80,0,1846,7384,76.80000305175781,23.2,1668.6,0.20229999721050262,0.0,0.0,6114.0,0.23649999499320984,1436.9,273011.0,11.0,7384,51.8,382134.0,4.721,2360,12.32,35% converted — GI 0% / FF 20%
35,0,30,70,0,2769,6461,76.54000091552734,23.46,1650.6,0.21379999816417694,0.1,0.0,11707.0,0.24490000307559967,2155.4,409526.0,12.8,8586,139.8,1031745.0,7.082,3541,13.34,35% converted — GI 0% / FF 30%
35,0,40,60,0,3692,5538,76.2699966430664,23.73,1632.0,0.22540000081062317,0.1,0.0,18720.0,0.2533999979496002,2873.9,546041.0,14.6,9761,224.7,1657388.0,9.443,4721,14.37,35% converted — GI 0% / FF 40%
35,0,50,50,0,4615,4615,76.0,24.0,1613.4,0.23739999532699585,0.2,0.0,27731.0,0.26190000772476196,3592.3,682537.0,16.5,11031,310.5,2290302.0,11.803,5901,15.4,35% converted — GI 0% / FF 50%
35,0,60,40,0,5538,3692,75.7300033569336,24.27,1595.1,0.24959999322891235,0.2,0.0,36029.0,0.2703000009059906,4310.8,819052.0,18.6,12428,393.1,2899734.0,14.164,7082,16.42,35% converted — GI 0% / FF 60%
35,0,70,30,0,6461,2769,75.47000122070312,24.53,1577.4,0.2621000111103058,0.2,453368.0,47763.0,0.27880001068115234,5029.2,955548.0,20.8,13907,471.9,3481328.0,16.525,8262,17.45,35% converted — GI 0% / FF 70%
35,0,80,20,0,7384,1846,75.20999908447266,24.79,1559.9,0.2750999927520752,0.3,1036745.0,63868.0,0.2872999906539917,5747.7,1092063.0,22.9,15317,558.0,4115820.0,18.885,9442,18.47,35% converted — GI 0% / FF 80%
35,0,90,10,0,8307,923,74.94000244140625,25.06,1541.8,0.2883000075817108,0.3,1640124.0,78199.0,0.2957000136375427,6466.2,1228578.0,25.2,16864,641.5,4731325.0,21.246,10623,19.5,35% converted — GI 0% / FF 90%
35,0,100,0,0,9230,0,74.68000030517578,25.32,1524.5,0.30169999599456787,0.4,2216835.0,93307.0,0.3041999936103821,7184.6,1365074.0,27.9,18699,727.0,5362426.0,23.607,11803,20.53,35% converted — GI 0% / FF 100%
35,10,0,90,923,0,8307,76.12000274658203,23.88,1621.7,0.19140000641345978,-0.0,0.0,1866.0,0.2273000031709671,410.6,78014.0,9.2,6126,-38.3,-282457.0,0.0,0,19.5,35% converted — GI 10% / FF 0%
35,10,10,80,923,923,7384,75.8499984741211,24.15,1603.2,0.20270000398159027,0.0,0.0,6272.0,0.23579999804496765,1129.0,214510.0,11.0,7384,45.8,337589.0,2.361,1180,20.53,35% converted — GI 10% / FF 10%
35,10,20,70,923,1846,6461,75.58999633789062,24.41,1585.6,0.21410000324249268,0.1,180014.0,11955.0,0.2442999929189682,1847.5,351025.0,12.8,8586,133.8,987339.0,4.721,2360,21.55,35% converted — GI 10% / FF 20%
35,10,30,60,923,2769,5538,75.33000183105469,24.67,1568.0,0.22579999268054962,0.1,766725.0,19012.0,0.25270000100135803,2565.9,487521.0,14.6,9761,218.7,1613116.0,7.082,3541,22.58,35% converted — GI 10% / FF 30%
35,10,40,50,923,3692,4615,75.05999755859375,24.94,1549.9,0.2378000020980835,0.2,1370104.0,28050.0,0.2612000107765198,3284.4,624036.0,16.5,11031,304.5,2246164.0,9.443,4721,23.61,35% converted — GI 10% / FF 40%
35,10,50,40,923,4615,3692,74.79000091552734,25.21,1531.8,0.2498999983072281,0.2,1973483.0,36395.0,0.26969999074935913,4002.9,760551.0,18.6,12428,387.1,2855728.0,11.803,5901,24.63,35% converted — GI 10% / FF 50%
35,10,60,30,923,5538,2769,74.5199966430664,25.48,1513.9,0.26249998807907104,0.3,2570195.0,48257.0,0.27810001373291016,4721.3,897047.0,20.8,13907,466.0,3437449.0,14.164,7082,25.66,35% converted — GI 10% / FF 60%
35,10,70,20,923,6461,1846,74.26000213623047,25.74,1496.8,0.27549999952316284,0.3,3140238.0,64422.0,0.2865999937057495,5439.8,1033562.0,22.9,15317,552.1,4072076.0,16.525,8262,26.69,35% converted — GI 10% / FF 70%
35,10,80,10,923,7384,923,74.0,26.0,1479.7,0.28870001435279846,0.3,3710281.0,78780.0,0.29510000348091125,6158.3,1170077.0,25.2,16864,635.5,4687712.0,18.885,9442,27.71,35% converted — GI 10% / FF 80%
35,10,90,0,923,8307,0,73.7300033569336,26.27,1462.1,0.3021000027656555,0.4,4296992.0,93899.0,0.3034999966621399,6876.7,1306573.0,27.9,18699,721.1,5318949.0,21.246,10623,28.74,35% converted — GI 10% / FF 90%
35,20,0,80,1846,0,7384,74.91000366210938,25.09,1539.8,0.2029999941587448,0.0,1706796.0,6423.0,0.23520000278949738,821.1,156009.0,11.0,7384,39.3,289964.0,0.0,0,28.74,35% converted — GI 20% / FF 0%
35,20,10,70,1846,923,6461,74.63999938964844,25.36,1521.9,0.21449999511241913,0.1,2303508.0,12182.0,0.243599995970726,1539.6,292524.0,12.8,8586,127.4,939864.0,2.361,1180,29.76,35% converted — GI 20% / FF 10%
35,20,20,60,1846,1846,5538,74.37999725341797,25.62,1504.7,0.22619999945163727,0.1,2876885.0,19269.0,0.25209999084472656,2258.0,429020.0,14.6,9761,212.2,1565785.0,4.721,2360,30.79,35% converted — GI 20% / FF 20%
35,20,30,50,1846,2769,4615,74.11000061035156,25.89,1486.9,0.23810000717639923,0.2,3470263.0,28329.0,0.2606000006198883,2976.5,565535.0,16.5,11031,298.1,2198982.0,7.082,3541,31.82,35% converted — GI 20% / FF 30%
35,20,40,40,1846,3692,3692,73.83999633789062,26.16,1469.3,0.25029999017715454,0.2,4056974.0,36714.0,0.26899999380111694,3695.0,702050.0,18.6,12428,380.7,2808692.0,9.443,4721,32.84,35% converted — GI 20% / FF 40%
35,20,50,30,1846,4615,2769,73.58000183105469,26.42,1452.4,0.2628999948501587,0.3,4620350.0,48687.0,0.2775000035762787,4413.4,838546.0,20.8,13907,459.6,3390548.0,11.803,5901,33.87,35% converted — GI 20% / FF 50%
35,20,60,20,1846,5538,1846,73.30999755859375,26.69,1434.9,0.2759000062942505,0.3,5203727.0,64896.0,0.28600001335144043,5131.9,975061.0,22.9,15317,545.7,4025321.0,14.164,7082,34.9,35% converted — GI 20% / FF 60%
35,20,70,10,1846,6461,923,73.05000305175781,26.95,1418.2,0.2890999913215637,0.3,5760436.0,79275.0,0.29440000653266907,5850.3,1111557.0,25.2,16864,629.2,4641101.0,16.525,8262,35.92,35% converted — GI 20% / FF 70%
35,20,80,0,1846,7384,0,72.79000091552734,27.21,1401.6,0.3025999963283539,0.4,6313811.0,94404.0,0.3028999865055084,6568.8,1248072.0,27.9,18699,714.8,5272481.0,18.885,9442,36.95,35% converted — GI 20% / FF 80%
35,30,0,70,2769,0,6461,73.69000244140625,26.31,1459.5,0.21480000019073486,0.1,4383665.0,12372.0,0.24300000071525574,1231.7,234023.0,12.8,8586,120.6,889948.0,0.0,0,37.98,35% converted — GI 30% / FF 0%
35,30,10,60,2769,923,5538,73.43000030517578,26.57,1442.7,0.226500004529953,0.1,4943708.0,19485.0,0.2513999938964844,1950.1,370519.0,14.6,9761,205.5,1516019.0,2.361,1180,39.0,35% converted — GI 30% / FF 10%
35,30,20,50,2769,1846,4615,73.16000366210938,26.84,1425.3,0.23849999904632568,0.2,5523752.0,28564.0,0.2599000036716461,2668.6,507034.0,16.5,11031,291.4,2149374.0,4.721,2360,40.03,35% converted — GI 30% / FF 20%
35,30,30,40,2769,2769,3692,72.88999938964844,27.11,1408.0,0.2506999969482422,0.2,6100462.0,36984.0,0.26840001344680786,3387.0,643530.0,18.6,12428,374.0,2759234.0,7.082,3541,41.06,35% converted — GI 30% / FF 30%
35,30,40,30,2769,3692,2769,72.62999725341797,27.37,1391.4,0.26330000162124634,0.3,6653837.0,49052.0,0.2768000066280365,4105.5,780045.0,20.8,13907,453.0,3341234.0,9.443,4721,42.08,35% converted — GI 30% / FF 40%
35,30,50,20,2769,4615,1846,72.36000061035156,27.64,1374.4,0.27630001306533813,0.3,7220547.0,65291.0,0.28529998660087585,4824.0,916560.0,22.9,15317,539.0,3976163.0,11.803,5901,43.11,35% converted — GI 30% / FF 50%
35,30,60,10,2769,5538,923,72.0999984741211,27.9,1358.0,0.28949999809265137,0.4,7767255.0,79688.0,0.2937999963760376,5542.4,1053056.0,25.2,16864,622.6,4592094.0,14.164,7082,44.13,35% converted — GI 30% / FF 60%
35,30,70,0,2769,6461,0,71.83999633789062,28.16,1341.8,0.30300000309944153,0.4,8307296.0,94825.0,0.30219998955726624,6260.9,1189571.0,27.9,18699,708.2,5223626.0,16.525,8262,45.16,35% converted — GI 30% / FF 70%
35,40,0,60,3692,0,5538,72.4800033569336,27.52,1381.9,0.22689999639987946,0.1,6970528.0,19687.0,0.2508000135421753,1642.2,312018.0,14.6,9761,199.0,1467929.0,0.0,0,47.21,35% converted — GI 40% / FF 0%
35,40,10,50,3692,923,4615,72.20999908447266,27.79,1364.9,0.23890000581741333,0.2,7537237.0,28785.0,0.25929999351501465,2360.7,448533.0,16.5,11031,284.9,2101433.0,2.361,1180,48.24,35% converted — GI 40% / FF 10%
35,40,20,40,3692,1846,3692,71.94000244140625,28.06,1348.0,0.25110000371932983,0.2,8100613.0,37241.0,0.2676999866962433,3079.1,585029.0,18.6,12428,367.6,2711436.0,4.721,2360,49.27,35% converted — GI 40% / FF 20%
35,40,30,30,3692,2769,2769,71.68000030517578,28.32,1331.8,0.263700008392334,0.3,8640654.0,49413.0,0.27619999647140503,3797.6,721544.0,20.8,13907,446.5,3293571.0,7.082,3541,50.29,35% converted — GI 40% / FF 30%
35,40,40,20,3692,3692,1846,71.41000366210938,28.59,1315.1,0.2768000066280365,0.3,9197363.0,65683.0,0.2847000062465668,4516.1,858059.0,22.9,15317,532.6,3928645.0,9.443,4721,51.32,35% converted — GI 40% / FF 40%
35,40,50,10,3692,4615,923,71.1500015258789,28.85,1299.1,0.28999999165534973,0.4,9730737.0,80098.0,0.2930999994277954,5234.5,994555.0,25.2,16864,616.1,4544720.0,11.803,5901,52.35,35% converted — GI 40% / FF 50%
35,40,60,0,3692,5538,0,70.88999938964844,29.11,1283.2,0.3034000098705292,0.4,10260777.0,95241.0,0.30160000920295715,5953.0,1131070.0,27.9,18699,701.8,5176398.0,14.164,7082,53.37,35% converted — GI 40% / FF 60%
35,50,0,50,4615,0,4615,71.2699966430664,28.73,1306.5,0.23919999599456787,0.2,9484052.0,29046.0,0.25859999656677246,2052.8,390032.0,16.5,11031,278.3,2052776.0,0.0,0,56.45,35% converted — GI 50% / FF 0%
35,50,10,40,4615,923,3692,71.0,29.0,1289.9,0.2515000104904175,0.2,10037427.0,37542.0,0.2671000063419342,2771.2,526528.0,18.6,12428,361.0,2662927.0,2.361,1180,57.48,35% converted — GI 50% / FF 10%
35,50,20,30,4615,1846,2769,70.73999786376953,29.26,1274.0,0.26420000195503235,0.3,10567467.0,49827.0,0.27549999952316284,3489.7,663043.0,20.8,13907,439.9,3245209.0,4.721,2360,58.5,35% converted — GI 50% / FF 20%
35,50,30,20,4615,2769,1846,70.47000122070312,29.53,1257.7,0.27720001339912415,0.3,11110841.0,66125.0,0.2840000092983246,4208.1,799539.0,22.9,15317,526.1,3880437.0,7.082,3541,59.53,35% converted — GI 50% / FF 30%
35,50,40,10,4615,3692,923,70.20999908447266,29.79,1242.0,0.2903999984264374,0.4,11634214.0,80561.0,0.29249998927116394,4926.6,936054.0,25.2,16864,609.6,4496659.0,9.443,4721,60.56,35% converted — GI 50% / FF 40%
35,50,50,0,4615,4615,0,69.94999694824219,30.05,1226.4,0.30390000343322754,0.4,12154254.0,95713.0,0.30090001225471497,5645.1,1072569.0,27.9,18699,695.3,5128488.0,11.803,5901,61.58,35% converted — GI 50% / FF 50%
35,60,0,40,5538,0,3692,70.05000305175781,29.95,1232.4,0.25189998745918274,0.2,11954239.0,37793.0,0.266400009393692,2463.3,468027.0,18.6,12428,354.6,2616062.0,0.0,0,65.69,35% converted — GI 60% / FF 0%
35,60,10,30,5538,923,2769,69.79000091552734,30.21,1216.9,0.26460000872612,0.3,12470944.0,50172.0,0.27489998936653137,3181.8,604542.0,20.8,13907,433.6,3198482.0,2.361,1180,66.71,35% converted — GI 60% / FF 10%
35,60,20,20,5538,1846,1846,69.52999877929688,30.47,1201.4,0.2775999903678894,0.3,12987650.0,66494.0,0.2833999991416931,3900.2,741038.0,22.9,15317,519.7,3833858.0,4.721,2360,67.74,35% converted — GI 60% / FF 20%
35,60,30,10,5538,2769,923,69.26000213623047,30.74,1185.5,0.290800005197525,0.4,13517690.0,80946.0,0.29179999232292175,4618.7,877553.0,25.2,16864,603.3,4450226.0,7.082,3541,68.77,35% converted — GI 60% / FF 30%
35,60,40,0,5538,3692,0,69.0,31.0,1170.3,0.3043000102043152,0.4,14024395.0,96105.0,0.3003000020980835,5337.2,1014068.0,27.9,18699,689.0,5082198.0,9.443,4721,69.79,35% converted — GI 60% / FF 40%
35,70,0,30,6461,0,2769,68.83999633789062,31.16,1161.0,0.26499998569488525,0.3,14334419.0,50567.0,0.2741999924182892,2873.9,546041.0,20.8,13907,427.5,3153745.0,0.0,0,74.93,35% converted — GI 70% / FF 0%
35,70,10,20,6461,923,1846,68.56999969482422,31.43,1145.3,0.27799999713897705,0.3,14857792.0,66915.0,0.2827000021934509,3592.3,682537.0,22.9,15317,513.7,3789264.0,2.361,1180,75.95,35% converted — GI 70% / FF 10%
35,70,20,10,6461,1846,923,68.30999755859375,31.69,1130.3,0.29120001196861267,0.4,15357830.0,81384.0,0.29120001196861267,4310.8,819052.0,25.2,16864,597.3,4405767.0,4.721,2360,76.98,35% converted — GI 70% / FF 20%
35,70,30,0,6461,2769,0,68.05000305175781,31.95,1115.4,0.30480000376701355,0.4,15854534.0,96551.0,0.2996000051498413,5029.2,955548.0,27.9,18699,683.0,5037880.0,7.082,3541,78.0,35% converted — GI 70% / FF 30%
35,80,0,20,7384,0,1846,67.62999725341797,32.37,1091.5,0.2784000039100647,0.3,16651261.0,67370.0,0.28209999203681946,3284.4,624036.0,22.9,15317,507.1,3740453.0,0.0,0,84.16,35% converted — GI 80% / FF 0%
35,80,10,10,7384,923,923,67.36000061035156,32.64,1076.3,0.29170000553131104,0.4,17157966.0,81858.0,0.2904999852180481,4002.9,760551.0,25.2,16864,590.7,4357102.0,2.361,1180,85.19,35% converted — GI 80% / FF 10%
35,80,20,0,7384,1846,0,67.0999984741211,32.9,1061.7,0.3052000105381012,0.4,17644670.0,97035.0,0.29899999499320984,4721.3,897047.0,27.9,18699,676.4,4989367.0,4.721,2360,86.22,35% converted — GI 80% / FF 20%
35,90,0,10,8307,0,923,66.41000366210938,33.59,1023.5,0.2921000123023987,0.4,18918099.0,82260.0,0.289900004863739,3695.0,702050.0,25.2,16864,584.3,4309738.0,0.0,0,93.4,35% converted — GI 90% / FF 0%
35,90,10,0,8307,923,0,66.1500015258789,33.85,1009.2,0.30559998750686646,0.4,19394802.0,97444.0,0.29829999804496765,4413.4,838546.0,27.9,18699,670.0,4942151.0,2.361,1180,94.43,35% converted — GI 90% / FF 10%
35,100,0,0,9230,0,0,65.19999694824219,34.8,958.0,0.3061000108718872,0.4,21101598.0,97863.0,0.2976999878883362,4105.5,780045.0,27.9,18699,663.5,4893579.0,0.0,0,102.64,35% converted — GI 100% / FF 0%
40,0,0,100,0,0,10548,77.56999969482422,22.43,1722.6,0.17790000140666962,-0.1,0.0,0.0,0.21770000457763672,0.0,0.0,6.8,4577,-127.9,-943340.0,0.0,0,11.73,40% converted — GI 0% / FF 0%
40,0,10,90,0,1054,9494,77.2699966430664,22.73,1701.4,0.19050000607967377,-0.0,0.0,1259.0,0.227400004863739,820.4,155876.0,8.9,5950,-25.6,-189060.0,2.696,1348,12.9,40% converted — GI 0% / FF 10%
40,0,20,80,0,2109,8439,76.97000122070312,23.03,1680.4,0.20340000092983246,0.0,0.0,5763.0,0.2371000051498413,1641.6,311904.0,11.2,7490,65.6,484080.0,5.394,2697,14.07,40% converted — GI 0% / FF 20%
40,0,30,70,0,3164,7384,76.66000366210938,23.34,1658.9,0.2167000025510788,0.1,0.0,14581.0,0.2467000037431717,2462.9,467951.0,13.2,8870,162.1,1195811.0,8.092,4046,15.25,40% converted — GI 0% / FF 30%
40,0,40,60,0,4219,6329,76.36000061035156,23.64,1638.1,0.23029999434947968,0.1,0.0,23614.0,0.2563999891281128,3284.1,623979.0,15.3,10246,263.4,1942887.0,10.791,5395,16.42,40% converted — GI 0% / FF 40%
40,0,50,50,0,5274,5274,76.05999755859375,23.94,1617.5,0.24420000612735748,0.2,0.0,32872.0,0.2660999894142151,4105.3,780007.0,17.6,11765,358.2,2642266.0,13.489,6744,17.59,40% converted — GI 0% / FF 50%
40,0,60,40,0,6328,4220,75.75,24.25,1596.4,0.25870001316070557,0.2,0.0,45759.0,0.2757999897003174,4925.7,935883.0,19.9,13344,451.7,3332005.0,16.184,8092,18.77,40% converted — GI 0% / FF 60%
40,0,70,30,0,7383,3165,75.44999694824219,24.55,1576.1,0.2736999988555908,0.3,496704.0,61549.0,0.28540000319480896,5746.9,1091911.0,22.5,15054,546.2,4029076.0,18.883,9441,19.94,40% converted — GI 0% / FF 70%
40,0,80,20,0,8438,2110,75.13999938964844,24.86,1555.2,0.289000004529953,0.3,1193424.0,80309.0,0.29510000348091125,6568.1,1247939.0,25.1,16782,643.1,4743171.0,21.581,10790,21.11,40% converted — GI 0% / FF 80%
40,0,90,10,0,9493,1055,74.83999633789062,25.16,1535.2,0.304500013589859,0.4,1860141.0,97483.0,0.30480000376701355,7389.4,1403986.0,28.1,18826,735.5,5424630.0,24.279,12139,22.29,40% converted — GI 0% / FF 90%
40,0,100,0,0,10548,0,74.54000091552734,25.46,1515.3,0.32019999623298645,0.5,2523524.0,115615.0,0.31450000405311584,8210.6,1560014.0,30.4,20332,834.7,6156418.0,26.978,13489,23.46,40% converted — GI 0% / FF 100%
40,10,0,90,1054,0,9494,76.18000030517578,23.82,1625.8,0.1907999962568283,-0.0,0.0,1348.0,0.22660000622272491,468.8,89072.0,8.9,5950,-33.5,-246981.0,0.0,0,22.28,40% converted — GI 10% / FF 0%
40,10,10,80,1054,1054,8440,75.87999725341797,24.12,1605.3,0.2037999927997589,0.0,0.0,5904.0,0.2363000065088272,1289.3,244967.0,11.2,7486,57.7,425555.0,2.696,1348,23.45,40% converted — GI 10% / FF 10%
40,10,20,70,1054,2109,7385,75.58000183105469,24.42,1584.9,0.21709999442100525,0.1,203349.0,14810.0,0.2460000067949295,2110.5,400995.0,13.2,8870,154.3,1138276.0,5.394,2697,24.62,40% converted — GI 10% / FF 20%
40,10,30,60,1054,3164,6330,75.27999877929688,24.72,1564.6,0.23070000112056732,0.1,880067.0,23870.0,0.2556999921798706,2931.7,557023.0,15.3,10243,255.4,1884014.0,8.092,4046,25.8,40% converted — GI 10% / FF 30%
40,10,40,50,1054,4219,5275,74.97000122070312,25.03,1543.8,0.24459999799728394,0.2,1573452.0,33169.0,0.2653000056743622,3752.9,713051.0,17.6,11765,350.4,2585074.0,10.791,5395,26.97,40% converted — GI 10% / FF 40%
40,10,50,40,1054,5274,4220,74.66000366210938,25.34,1523.2,0.25920000672340393,0.2,2260171.0,46150.0,0.2750000059604645,4574.1,869079.0,19.9,13344,444.0,3275070.0,13.489,6744,28.14,40% converted — GI 10% / FF 50%
40,10,60,30,1054,6328,3166,74.36000061035156,25.64,1503.4,0.27410000562667847,0.3,2920221.0,62015.0,0.2847000062465668,5394.5,1024955.0,22.5,15047,538.4,3971574.0,16.184,8092,29.31,40% converted — GI 10% / FF 60%
40,10,70,20,1054,7383,2111,74.05999755859375,25.94,1483.6,0.28940001130104065,0.4,3580271.0,80798.0,0.29440000653266907,6215.7,1180983.0,25.1,16782,635.2,4684962.0,18.883,9441,30.49,40% converted — GI 10% / FF 70%
40,10,80,10,1054,8438,1056,73.75,26.25,1463.4,0.3050000071525574,0.4,4253655.0,97982.0,0.30399999022483826,7037.0,1337030.0,28.1,18824,727.8,5368188.0,21.581,10790,31.66,40% converted — GI 10% / FF 80%
40,10,90,0,1054,9493,1,73.45999908447266,26.54,1444.6,0.3206999897956848,0.5,4880370.0,116129.0,0.31369999051094055,7858.2,1493058.0,30.4,20332,827.1,6100273.0,24.279,12139,32.83,40% converted — GI 10% / FF 90%
40,20,0,80,2109,0,8439,74.79000091552734,25.21,1531.8,0.20419999957084656,0.0,1973483.0,6072.0,0.23559999465942383,938.1,178239.0,11.2,7490,50.8,374631.0,0.0,0,32.84,40% converted — GI 20% / FF 0%
40,20,10,70,2109,1054,7385,74.48999786376953,25.51,1511.9,0.2175000011920929,0.1,2636866.0,15105.0,0.2451999932527542,1758.5,334115.0,13.2,8870,147.3,1086741.0,2.696,1348,34.01,40% converted — GI 20% / FF 10%
40,20,20,60,2109,2109,6330,74.19000244140625,25.81,1492.2,0.23109999299049377,0.1,3293583.0,24193.0,0.2549000084400177,2579.7,490143.0,15.3,10243,248.4,1832666.0,5.394,2697,35.18,40% converted — GI 20% / FF 20%
40,20,30,50,2109,3164,5275,73.88999938964844,26.11,1472.5,0.2451000064611435,0.2,3950299.0,33543.0,0.26460000872612,3400.9,646171.0,17.6,11765,343.5,2533900.0,8.092,4046,36.35,40% converted — GI 20% / FF 30%
40,20,40,40,2109,4219,4220,73.56999969482422,26.43,1451.7,0.2597000002861023,0.2,4643685.0,46647.0,0.2743000090122223,4222.2,802218.0,19.9,13344,437.1,3224068.0,10.791,5395,37.53,40% converted — GI 20% / FF 40%
40,20,50,30,2109,5274,3165,73.27999877929688,26.72,1433.0,0.27459999918937683,0.3,5267066.0,62611.0,0.2838999927043915,5043.4,958246.0,22.5,15054,531.6,3921514.0,13.489,6744,38.7,40% converted — GI 20% / FF 50%
40,20,60,20,2109,6328,2111,72.97000122070312,27.03,1413.1,0.289900004863739,0.4,5930449.0,81423.0,0.2935999929904938,5863.8,1114122.0,25.1,16782,628.3,4634314.0,16.184,8092,39.87,40% converted — GI 20% / FF 60%
40,20,70,10,2109,7383,1056,72.66999816894531,27.33,1394.0,0.30550000071525574,0.4,6567164.0,98621.0,0.30329999327659607,6685.0,1270150.0,28.1,18824,721.0,5317712.0,18.883,9441,41.05,40% converted — GI 20% / FF 70%
40,20,80,0,2109,8438,1,72.37000274658203,27.63,1375.0,0.32120001316070557,0.5,7200545.0,116791.0,0.31299999356269836,7506.2,1426178.0,30.4,20332,820.3,6049979.0,21.581,10790,42.22,40% converted — GI 20% / FF 80%
40,30,0,70,3164,0,7384,73.41000366210938,26.59,1441.4,0.21799999475479126,0.1,4987044.0,15409.0,0.24449999630451202,1407.3,267387.0,13.2,8870,139.9,1032056.0,0.0,0,43.39,40% converted — GI 30% / FF 0%
40,30,10,60,3164,1054,6330,73.11000061035156,26.89,1422.1,0.23160000145435333,0.1,5630426.0,24513.0,0.2542000114917755,2227.8,423282.0,15.3,10243,241.0,1778179.0,2.696,1348,44.57,40% converted — GI 30% / FF 10%
40,30,20,50,3164,2109,5275,72.80000305175781,27.2,1402.3,0.24549999833106995,0.2,6290476.0,33909.0,0.2637999951839447,3049.0,579310.0,17.6,11765,336.1,2479600.0,5.394,2697,45.74,40% converted — GI 30% / FF 20%
40,30,30,40,3164,3164,4220,72.48999786376953,27.51,1382.6,0.26010000705718994,0.2,6947193.0,47131.0,0.273499995470047,3870.2,735338.0,19.9,13344,429.7,3169956.0,8.092,4046,46.91,40% converted — GI 30% / FF 30%
40,30,40,30,3164,4219,3165,72.19000244140625,27.81,1363.7,0.2750999927520752,0.3,7577240.0,63169.0,0.2831999957561493,4691.4,891366.0,22.5,15054,524.3,3867590.0,10.791,5395,48.09,40% converted — GI 30% / FF 40%
40,30,50,20,3164,5274,2110,71.88999938964844,28.11,1344.9,0.2903999984264374,0.4,8203955.0,82012.0,0.2928999960422516,5512.6,1047394.0,25.1,16782,621.2,4582251.0,13.489,6744,49.26,40% converted — GI 30% / FF 50%
40,30,60,10,3164,6328,1056,71.58000183105469,28.42,1325.6,0.3059999942779541,0.4,8847337.0,99223.0,0.30250000953674316,6333.1,1203289.0,28.1,18824,713.7,5264162.0,16.184,8092,50.43,40% converted — GI 30% / FF 60%
40,30,70,0,3164,7383,1,71.29000091552734,28.71,1307.7,0.32170000672340393,0.5,9444049.0,117412.0,0.31220000982284546,7154.3,1359317.0,30.4,20332,813.1,5996620.0,18.883,9441,51.6,40% converted — GI 30% / FF 70%
40,40,0,60,4219,0,6329,72.0199966430664,27.98,1353.0,0.23199999332427979,0.1,7933934.0,24779.0,0.2533999979496002,1876.6,356554.0,15.3,10246,233.5,1722315.0,0.0,0,53.95,40% converted — GI 40% / FF 0%
40,40,10,50,4219,1054,5275,71.72000122070312,28.28,1334.3,0.2460000067949295,0.2,8557315.0,34208.0,0.2630999982357025,2697.0,512430.0,17.6,11765,328.4,2422382.0,2.696,1348,55.13,40% converted — GI 40% / FF 10%
40,40,20,40,4219,2109,4220,71.4000015258789,28.6,1314.5,0.2606000006198883,0.2,9217365.0,47538.0,0.2727999985218048,3518.3,668477.0,19.9,13344,422.0,3112937.0,5.394,2697,56.3,40% converted — GI 40% / FF 20%
40,40,30,30,4219,3164,3165,71.0999984741211,28.9,1296.0,0.27559998631477356,0.3,9834078.0,63621.0,0.2824999988079071,4339.5,824505.0,22.5,15054,516.6,3810770.0,8.092,4046,57.47,40% converted — GI 40% / FF 30%
40,40,40,20,4219,4219,2110,70.80000305175781,29.2,1277.7,0.29089999198913574,0.4,10444124.0,82491.0,0.2921000123023987,5160.7,980533.0,25.1,16782,613.6,4525632.0,10.791,5395,58.64,40% converted — GI 40% / FF 40%
40,40,50,10,4219,5274,1055,70.5,29.5,1259.5,0.30649998784065247,0.4,11050837.0,99712.0,0.301800012588501,5981.9,1136561.0,28.1,18826,706.1,5207826.0,13.489,6744,59.82,40% converted — GI 40% / FF 50%
40,40,60,0,4219,6328,1,70.19999694824219,29.8,1241.4,0.322299987077713,0.5,11654216.0,117916.0,0.31150001287460327,6802.3,1292437.0,30.4,20332,805.4,5940398.0,16.184,8092,60.99,40% converted — GI 40% / FF 60%
40,50,0,50,5274,0,5274,70.62999725341797,29.37,1267.3,0.24639999866485596,0.2,10790817.0,34494.0,0.2624000012874603,2345.9,445721.0,17.6,11765,321.1,2368676.0,0.0,0,64.51,40% converted — GI 50% / FF 0%
40,50,10,40,5274,1054,4220,70.31999969482422,29.68,1248.6,0.26109999418258667,0.2,11414198.0,47940.0,0.2720000147819519,3166.3,601597.0,19.9,13344,414.7,3059352.0,2.696,1348,65.68,40% converted — GI 50% / FF 10%
40,50,20,30,5274,2109,3165,70.0199966430664,29.98,1230.6,0.2761000096797943,0.3,12014243.0,64067.0,0.2816999852657318,3987.5,757625.0,22.5,15054,509.4,3757370.0,5.394,2697,66.86,40% converted — GI 50% / FF 20%
40,50,30,20,5274,3164,2110,69.72000122070312,30.28,1212.7,0.2913999855518341,0.4,12610955.0,82959.0,0.2913999855518341,4808.7,913653.0,25.1,16782,606.3,4472421.0,8.092,4046,68.03,40% converted — GI 50% / FF 30%
40,50,40,10,5274,4219,1055,69.41000366210938,30.59,1194.4,0.3070000112056732,0.4,13221001.0,100192.0,0.3010999858379364,5629.9,1069681.0,28.1,18826,698.9,5154794.0,10.791,5395,69.2,40% converted — GI 50% / FF 40%
40,50,50,0,5274,5274,0,69.11000061035156,30.89,1176.7,0.32280001044273376,0.5,13811046.0,118408.0,0.310699999332428,6451.2,1225728.0,30.4,20332,798.3,5887560.0,13.489,6744,70.38,40% converted — GI 50% / FF 50%
40,60,0,40,6328,0,4220,69.25,30.75,1184.9,0.2615000009536743,0.2,13537692.0,48382.0,0.27129998803138733,2814.7,534793.0,19.9,13344,407.5,3006312.0,0.0,0,75.06,40% converted — GI 60% / FF 0%
40,60,10,30,6328,1054,3166,68.94999694824219,31.05,1167.4,0.27649998664855957,0.3,14121069.0,64542.0,0.2809999883174896,3635.1,690669.0,22.5,15047,502.1,3703750.0,2.696,1348,76.23,40% converted — GI 60% / FF 10%
40,60,20,20,6328,2109,2111,68.63999938964844,31.36,1149.3,0.29190000891685486,0.4,14724448.0,83465.0,0.2906000018119812,4456.3,846697.0,25.1,16782,599.0,4418082.0,5.394,2697,77.41,40% converted — GI 60% / FF 20%
40,60,30,10,6328,3164,1056,68.33999633789062,31.66,1132.0,0.3075000047683716,0.4,15301159.0,100712.0,0.3003000020980835,5277.6,1002744.0,28.1,18824,691.8,5102215.0,8.092,4046,78.58,40% converted — GI 60% / FF 30%
40,60,40,0,6328,4219,1,68.04000091552734,31.96,1114.8,0.32330000400543213,0.5,15874535.0,118941.0,0.3100000023841858,6098.8,1158772.0,30.4,20332,791.2,5835263.0,10.791,5395,79.75,40% converted — GI 60% / FF 40%
40,70,0,30,7383,0,3165,67.86000061035156,32.14,1104.6,0.2770000100135803,0.3,16214561.0,64988.0,0.2802000045776367,3284.0,623960.0,22.5,15054,494.9,3650902.0,0.0,0,85.62,40% converted — GI 70% / FF 0%
40,70,10,20,7383,1054,2111,67.55999755859375,32.44,1087.6,0.2924000024795532,0.4,16781271.0,83934.0,0.289900004863739,4104.4,779836.0,25.1,16782,591.7,4364658.0,2.696,1348,86.79,40% converted — GI 70% / FF 10%
40,70,20,10,7383,2109,1056,67.25,32.75,1070.1,0.30799999833106995,0.4,17364648.0,101194.0,0.2996000051498413,4925.6,935864.0,28.1,18824,684.5,5048976.0,5.394,2697,87.96,40% converted — GI 70% / FF 20%
40,70,30,0,7383,3164,1,66.95999908447266,33.04,1053.9,0.3237999975681305,0.5,17904689.0,119436.0,0.3091999888420105,5746.8,1091892.0,30.4,20332,784.0,5782220.0,8.092,4046,89.14,40% converted — GI 70% / FF 30%
40,80,0,20,8438,0,2110,66.47000122070312,33.53,1026.8,0.2928999960422516,0.4,18808091.0,84465.0,0.2892000079154968,3753.2,713108.0,25.1,16782,584.5,4311391.0,0.0,0,96.18,40% converted — GI 80% / FF 0%
40,80,10,10,8438,1054,1056,66.16999816894531,33.83,1010.3,0.3084999918937683,0.4,19358133.0,101741.0,0.298799991607666,4573.7,869003.0,28.1,18824,677.1,4994222.0,2.696,1348,97.35,40% converted — GI 80% / FF 10%
40,80,20,0,8438,2109,1,65.87000274658203,34.13,994.0,0.32429999113082886,0.5,19901507.0,119996.0,0.3084999918937683,5394.9,1025031.0,30.4,20332,776.6,5727664.0,5.394,2697,98.52,40% converted — GI 80% / FF 20%
40,90,0,10,9493,0,1055,65.08000183105469,34.92,951.6,0.3089999854564667,0.4,21314947.0,102221.0,0.29809999465942383,4222.5,802275.0,28.1,18826,670.0,4941866.0,0.0,0,106.74,40% converted — GI 90% / FF 0%
40,90,10,0,9493,1054,1,64.79000091552734,35.21,936.2,0.3248000144958496,0.5,21828320.0,120488.0,0.3077999949455261,5042.9,958151.0,30.4,20332,769.5,5675408.0,2.696,1348,107.91,40% converted — GI 90% / FF 10%
40,100,0,0,10548,0,0,63.70000076293945,36.3,879.5,0.325300008058548,0.5,23718463.0,120995.0,0.3070000112056732,4691.8,891442.0,30.4,20332,761.9,5619083.0,0.0,0,117.29,40% converted — GI 100% / FF 0%
45,0,0,100,0,0,11867,77.80999755859375,22.19,1739.6,0.17569999396800995,-0.1,0.0,0.0,0.21580000221729279,0.0,0.0,6.5,4360,-144.2,-1064074.0,0.0,0,13.2,45% converted — GI 0% / FF 0%
45,0,10,90,0,1186,10681,77.47000122070312,22.53,1715.5,0.1899999976158142,-0.0,0.0,1370.0,0.22669999301433563,923.2,175408.0,9.1,6102,-34.6,-255142.0,3.033,1516,14.51,45% converted — GI 0% / FF 10%
45,0,20,80,0,2373,9494,77.12999725341797,22.87,1691.6,0.2045000046491623,0.0,0.0,6211.0,0.23759999871253967,1847.1,350949.0,11.4,7664,79.4,585511.0,6.069,3034,15.83,45% converted — GI 0% / FF 20%
45,0,30,70,0,3560,8307,76.79000091552734,23.21,1667.9,0.21969999372959137,0.1,0.0,16830.0,0.2485000044107437,2771.1,526509.0,13.7,9161,183.0,1350095.0,9.105,4552,17.15,45% converted — GI 0% / FF 30%
45,0,40,60,0,4746,7121,76.44999694824219,23.55,1644.3,0.2353000044822693,0.2,0.0,28127.0,0.25929999351501465,3694.3,701917.0,16.0,10707,290.3,2141534.0,12.138,6069,18.47,45% converted — GI 0% / FF 40%
45,0,50,50,0,5933,5934,76.11000061035156,23.89,1621.0,0.2515000104904175,0.2,0.0,41078.0,0.2702000141143799,4618.2,877458.0,18.7,12504,402.2,2966963.0,15.174,7587,19.79,45% converted — GI 0% / FF 50%
45,0,60,40,0,7120,4747,75.76000213623047,24.24,1597.1,0.26840001344680786,0.3,0.0,59300.0,0.28110000491142273,5542.2,1053018.0,21.4,14302,510.8,3767992.0,18.21,9105,21.11,45% converted — GI 0% / FF 60%
45,0,70,30,0,8306,3561,75.41999816894531,24.58,1574.1,0.2856000065803528,0.3,563376.0,77158.0,0.2919999957084656,6465.4,1228426.0,24.3,16277,615.8,4542312.0,21.243,10621,22.43,45% converted — GI 0% / FF 70%
45,0,80,20,0,9493,2374,75.08000183105469,24.92,1551.2,0.30329999327659607,0.4,1326767.0,98614.0,0.3028999865055084,7389.4,1403986.0,27.5,18427,723.4,5335811.0,24.279,12139,23.75,45% converted — GI 0% / FF 80%
45,0,90,10,0,10680,1187,74.73999786376953,25.26,1528.5,0.32100000977516174,0.5,2083491.0,119503.0,0.31380000710487366,8313.3,1579527.0,30.3,20281,827.1,6100352.0,27.315,13657,25.07,45% converted — GI 0% / FF 90%
45,0,100,0,0,11867,0,74.4000015258789,25.6,1506.0,0.33899998664855957,0.5,2833548.0,140469.0,0.3246999979019165,9237.3,1755087.0,32.6,21812,936.6,6907113.0,30.351,15175,26.39,45% converted — GI 0% / FF 100%
45,10,0,90,1186,0,10681,76.26000213623047,23.74,1631.3,0.19040000438690186,-0.0,0.0,1478.0,0.22589999437332153,527.5,100225.0,9.1,6102,-43.0,-317250.0,0.0,0,25.07,45% converted — GI 10% / FF 0%
45,10,10,80,1186,1186,9495,75.91999816894531,24.08,1608.0,0.20499999821186066,0.0,0.0,6313.0,0.23669999837875366,1450.7,275633.0,11.4,7664,71.0,523655.0,3.033,1516,26.38,45% converted — GI 10% / FF 10%
45,10,20,70,1186,2373,8308,75.58000183105469,24.42,1584.9,0.22020000219345093,0.1,203349.0,17126.0,0.2476000040769577,2374.7,451193.0,13.7,9158,174.6,1288437.0,6.069,3034,27.7,45% converted — GI 10% / FF 20%
45,10,30,60,1186,3560,7121,75.23999786376953,24.76,1561.9,0.23579999804496765,0.2,970073.0,28456.0,0.25850000977516174,3298.6,626734.0,16.0,10707,282.0,2080146.0,9.105,4552,29.02,45% converted — GI 10% / FF 30%
45,10,40,50,1186,4746,5935,74.9000015258789,25.1,1539.2,0.25200000405311584,0.2,1726797.0,41508.0,0.2694000005722046,4221.8,802142.0,18.7,12504,393.9,2905820.0,12.138,6069,30.34,45% converted — GI 10% / FF 40%
45,10,50,40,1186,5933,4748,74.55000305175781,25.45,1515.9,0.2689000070095062,0.3,2503523.0,59869.0,0.28029999136924744,5145.8,977702.0,21.4,14302,502.3,3705004.0,15.174,7587,31.66,45% converted — GI 10% / FF 50%
45,10,60,30,1186,7120,3561,74.20999908447266,25.79,1493.5,0.28619998693466187,0.3,3250246.0,77748.0,0.29120001196861267,6069.7,1153243.0,24.3,16277,607.6,4481648.0,18.21,9105,32.98,45% converted — GI 10% / FF 60%
45,10,70,20,1186,8306,2375,73.87000274658203,26.13,1471.2,0.30379998683929443,0.4,3993636.0,99222.0,0.3019999861717224,6992.9,1328651.0,27.5,18421,715.0,5273876.0,21.243,10621,34.3,45% converted — GI 10% / FF 70%
45,10,80,10,1186,9493,1188,73.52999877929688,26.47,1449.1,0.3215000033378601,0.5,4730358.0,120131.0,0.31290000677108765,7916.9,1504211.0,30.3,20279,818.8,6038721.0,24.279,12139,35.62,45% converted — GI 10% / FF 80%
45,10,90,0,1186,10680,1,73.19000244140625,26.81,1427.2,0.33959999680519104,0.5,5460413.0,141120.0,0.3237999975681305,8840.8,1679752.0,32.6,21812,928.4,6847161.0,27.315,13657,36.94,45% converted — GI 10% / FF 90%
45,20,0,80,2373,0,9494,74.69999694824219,25.3,1525.9,0.2054000049829483,0.0,2170164.0,6539.0,0.23589999973773956,1055.5,200545.0,11.4,7664,62.2,459096.0,0.0,0,36.95,45% converted — GI 20% / FF 0%
45,20,10,70,2373,1186,8308,74.36000061035156,25.64,1503.4,0.22059999406337738,0.1,2920221.0,17421.0,0.2468000054359436,1978.7,375953.0,13.7,9158,165.9,1224114.0,3.033,1516,38.26,45% converted — GI 20% / FF 10%
45,20,20,60,2373,2373,7121,74.0199966430664,25.98,1481.0,0.2363000065088272,0.2,3666944.0,28782.0,0.25769999623298645,2902.7,551513.0,16.0,10707,273.3,2016077.0,6.069,3034,39.58,45% converted — GI 20% / FF 20%
45,20,30,50,2373,3560,5934,73.68000030517578,26.32,1458.9,0.2524999976158142,0.2,4403667.0,41933.0,0.2685999870300293,3826.6,727054.0,18.7,12504,385.3,2842008.0,9.105,4552,40.9,45% converted — GI 20% / FF 30%
45,20,40,40,2373,4746,4748,73.33000183105469,26.67,1436.2,0.2694000005722046,0.3,5160391.0,60413.0,0.2793999910354614,4749.8,902462.0,21.4,14302,493.7,3641445.0,12.138,6069,42.22,45% converted — GI 20% / FF 40%
45,20,50,30,2373,5933,3561,72.9800033569336,27.02,1413.7,0.2867000102996826,0.3,5910448.0,78312.0,0.29030001163482666,5673.8,1078022.0,24.3,16277,599.0,4418332.0,15.174,7587,43.54,45% converted — GI 20% / FF 50%
45,20,60,20,2373,7120,2374,72.63999938964844,27.36,1392.1,0.3043999969959259,0.4,6630502.0,99805.0,0.3012000024318695,6597.7,1253563.0,27.5,18427,706.7,5212326.0,18.21,9105,44.86,45% converted — GI 20% / FF 60%
45,20,70,10,2373,8306,1188,72.30000305175781,27.7,1370.6,0.3221000134944916,0.5,7347223.0,120735.0,0.31209999322891235,7520.9,1428971.0,30.3,20279,810.2,5975895.0,21.243,10621,46.18,45% converted — GI 20% / FF 70%
45,20,80,0,2373,9493,1,71.97000122070312,28.03,1349.9,0.3402000069618225,0.5,8037275.0,141748.0,0.3230000138282776,8444.9,1604531.0,32.6,21812,919.9,6784586.0,24.279,12139,47.5,45% converted — GI 20% / FF 80%
45,30,0,70,3560,0,8307,73.12999725341797,26.87,1423.4,0.22110000252723694,0.1,5587090.0,17785.0,0.2460000067949295,1583.5,300865.0,13.7,9161,158.0,1165398.0,0.0,0,48.82,45% converted — GI 30% / FF 0%
45,30,10,60,3560,1186,7121,72.79000091552734,27.21,1401.6,0.23680000007152557,0.2,6313811.0,29182.0,0.25679999589920044,2506.7,476273.0,16.0,10707,265.4,1957558.0,3.033,1516,50.14,45% converted — GI 30% / FF 10%
45,30,20,50,3560,2373,5934,72.44999694824219,27.55,1380.1,0.2529999911785126,0.2,7030532.0,42465.0,0.2676999866962433,3430.6,651814.0,18.7,12504,377.4,2783722.0,6.069,3034,51.46,45% converted — GI 30% / FF 20%
45,30,30,40,3560,3560,4747,72.11000061035156,27.89,1358.6,0.27000001072883606,0.3,7747253.0,61097.0,0.2786000072956085,4354.6,827374.0,21.4,14302,486.1,3585477.0,9.105,4552,52.78,45% converted — GI 30% / FF 30%
45,30,40,30,3560,4746,3561,71.76000213623047,28.24,1336.8,0.2872999906539917,0.3,8473975.0,79025.0,0.28949999809265137,5277.8,1002782.0,24.3,16277,591.2,4360500.0,12.138,6069,54.1,45% converted — GI 30% / FF 40%
45,30,50,20,3560,5933,2374,71.41999816894531,28.58,1315.7,0.3050000071525574,0.4,9177362.0,100539.0,0.3003999888896942,6201.7,1178323.0,27.5,18427,698.9,5154718.0,15.174,7587,55.42,45% converted — GI 30% / FF 50%
45,30,60,10,3560,7120,1187,71.08000183105469,28.92,1294.8,0.32269999384880066,0.5,9874081.0,121498.0,0.31130000948905945,7125.7,1353883.0,30.3,20281,802.7,5919942.0,18.21,9105,56.74,45% converted — GI 30% / FF 60%
45,30,70,0,3560,8306,1,70.75,29.25,1274.6,0.3407999873161316,0.5,10547465.0,142542.0,0.3221000134944916,8048.9,1529291.0,32.6,21812,912.2,6727428.0,21.243,10621,58.06,45% converted — GI 30% / FF 70%
45,40,0,60,4746,0,7121,71.56999969482422,28.43,1325.0,0.23729999363422394,0.2,8867338.0,29513.0,0.25600001215934753,2111.0,401090.0,16.0,10707,257.1,1896740.0,0.0,0,60.69,45% converted — GI 40% / FF 0%
45,40,10,50,4746,1186,5935,71.2300033569336,28.77,1304.0,0.2535000145435333,0.2,9567391.0,42904.0,0.2669000029563904,3034.2,576498.0,18.7,12504,369.1,2723148.0,3.033,1516,62.01,45% converted — GI 40% / FF 10%
45,40,20,40,4746,2373,4748,70.88999938964844,29.11,1283.2,0.2705000042915344,0.3,10260777.0,61651.0,0.2777999937534332,3958.2,752058.0,21.4,14302,477.6,3523056.0,6.069,3034,63.33,45% converted — GI 40% / FF 20%
45,40,30,30,4746,3560,3561,70.54000091552734,29.46,1261.9,0.28780001401901245,0.3,10970831.0,79604.0,0.28859999775886536,4882.1,927599.0,24.3,16277,583.0,4300406.0,9.105,4552,64.65,45% converted — GI 40% / FF 30%
45,40,40,20,4746,4746,2375,70.19999694824219,29.8,1241.4,0.30550000071525574,0.4,11654216.0,101136.0,0.2994999885559082,5805.3,1103007.0,27.5,18421,690.5,5093346.0,12.138,6069,65.97,45% converted — GI 40% / FF 40%
45,40,50,10,4746,5933,1188,69.86000061035156,30.14,1221.0,0.32330000400543213,0.5,12334267.0,122119.0,0.31040000915527344,6729.3,1278567.0,30.3,20279,794.4,5858878.0,15.174,7587,67.29,45% converted — GI 40% / FF 50%
45,40,60,0,4746,7120,1,69.52999877929688,30.47,1201.4,0.34130001068115234,0.5,12987650.0,143185.0,0.3212999999523163,7653.2,1454108.0,32.6,21812,904.1,6668042.0,18.21,9105,68.61,45% converted — GI 40% / FF 60%
45,50,0,50,5933,0,5934,70.01000213623047,29.99,1230.0,0.2540000081062317,0.2,12034245.0,43339.0,0.26600000262260437,2639.0,501410.0,18.7,12504,360.5,2659700.0,0.0,0,72.57,45% converted — GI 50% / FF 0%
45,50,10,40,5933,1186,4748,69.66000366210938,30.34,1209.2,0.2709999978542328,0.3,12727630.0,62186.0,0.2768999934196472,3562.2,676818.0,21.4,14302,469.0,3459856.0,3.033,1516,73.89,45% converted — GI 50% / FF 10%
45,50,20,30,5933,2373,3561,69.31999969482422,30.68,1189.1,0.28839999437332153,0.3,13397681.0,80163.0,0.28780001401901245,4486.1,852359.0,24.3,16277,574.5,4237448.0,6.069,3034,75.21,45% converted — GI 50% / FF 20%
45,50,30,20,5933,3560,2374,68.9800033569336,31.02,1169.1,0.3061000108718872,0.4,14064398.0,101715.0,0.2987000048160553,5410.1,1027919.0,27.5,18427,682.2,5032148.0,9.105,4552,76.53,45% converted — GI 50% / FF 30%
45,50,40,10,5933,4746,1188,68.63999938964844,31.36,1149.3,0.3237999975681305,0.5,14724448.0,122717.0,0.30959999561309814,6333.3,1203327.0,30.3,20279,785.9,5796398.0,12.138,6069,77.85,45% converted — GI 50% / FF 40%
45,50,50,0,5933,5933,1,68.30999755859375,31.69,1130.3,0.3418999910354614,0.5,15357830.0,143804.0,0.320499986410141,7257.2,1378868.0,32.6,21812,895.7,6605814.0,15.174,7587,79.17,45% converted — GI 50% / FF 50%
45,60,0,40,7120,0,4747,68.44999694824219,31.55,1138.4,0.27160000801086426,0.3,15087809.0,62719.0,0.2761000096797943,3167.0,601730.0,21.4,14302,461.0,3400356.0,0.0,0,84.45,45% converted — GI 60% / FF 0%
45,60,10,30,7120,1186,3561,68.11000061035156,31.89,1118.8,0.2888999879360199,0.3,15741192.0,80719.0,0.28700000047683716,4090.2,777138.0,24.3,16277,566.2,4176095.0,3.033,1516,85.77,45% converted — GI 60% / FF 10%
45,60,20,20,7120,2373,2374,67.7699966430664,32.23,1099.4,0.3066999912261963,0.4,16387908.0,102293.0,0.29789999127388,5014.1,952679.0,27.5,18427,674.0,4971042.0,6.069,3034,87.09,45% converted — GI 60% / FF 20%
45,60,30,10,7120,3560,1187,67.43000030517578,32.57,1080.2,0.32440000772476196,0.5,17027956.0,123316.0,0.30869999527931213,5938.1,1128239.0,30.3,20281,777.8,5736964.0,9.105,4552,88.41,45% converted — GI 60% / FF 30%
45,60,40,0,7120,4746,1,67.08999633789062,32.91,1061.2,0.3425000011920929,0.5,17661337.0,144420.0,0.319599986076355,6861.3,1303647.0,32.6,21812,887.5,6545190.0,12.138,6069,89.73,45% converted — GI 60% / FF 40%
45,70,0,30,8306,0,3561,66.88999938964844,33.11,1050.0,0.28949999809265137,0.4,18034699.0,81223.0,0.28610000014305115,3694.5,701955.0,24.3,16277,558.1,4116534.0,0.0,0,96.32,45% converted — GI 70% / FF 0%
45,70,10,20,8306,1186,2375,66.55000305175781,33.45,1031.2,0.30720001459121704,0.4,18661413.0,102819.0,0.296999990940094,4617.7,877363.0,27.5,18421,665.7,4910200.0,3.033,1516,97.64,45% converted — GI 70% / FF 10%
45,70,20,10,8306,2373,1188,66.20999908447266,33.79,1012.5,0.32499998807907104,0.5,19284794.0,123860.0,0.30790001153945923,5541.7,1052923.0,30.3,20279,769.6,5676429.0,6.069,3034,98.96,45% converted — GI 70% / FF 20%
45,70,30,0,8306,3560,1,65.87999725341797,34.12,994.6,0.34310001134872437,0.5,19881506.0,144979.0,0.3188000023365021,6465.6,1228464.0,32.6,21812,879.5,6486334.0,9.105,4552,100.28,45% converted — GI 70% / FF 30%
45,80,0,20,9493,0,2374,65.33000183105469,34.67,964.9,0.3077999949455261,0.4,20871581.0,103424.0,0.2962000072002411,4222.5,802275.0,27.5,18427,657.6,4850666.0,0.0,0,108.2,45% converted — GI 80% / FF 0%
45,80,10,10,9493,1186,1188,64.98999786376953,35.01,946.8,0.3255999982357025,0.5,21474960.0,124488.0,0.30709999799728394,5145.7,977683.0,30.3,20279,761.4,5615607.0,3.033,1516,109.52,45% converted — GI 80% / FF 10%
45,80,20,0,9493,2373,1,64.66000366210938,35.34,929.4,0.34369999170303345,0.6,22055003.0,145629.0,0.3179999887943268,6069.6,1153224.0,32.6,21812,871.3,6425758.0,6.069,3034,110.84,45% converted — GI 80% / FF 20%
45,90,0,10,10680,0,1187,63.77000045776367,36.23,883.1,0.326200008392334,0.5,23598454.0,125076.0,0.3061999976634979,4750.5,902595.0,30.3,20281,753.6,5558202.0,0.0,0,120.08,45% converted — GI 90% / FF 0%
45,90,10,0,10680,1186,1,63.439998626708984,36.56,866.1,0.3443000018596649,0.6,24165163.0,146240.0,0.31709998846054077,5673.6,1077984.0,32.6,21812,863.3,6367148.0,3.033,1516,121.4,45% converted — GI 90% / FF 10%
45,100,0,0,11867,0,0,62.209999084472656,37.79,804.4,0.3449000120162964,0.6,26221986.0,146836.0,0.31630000472068787,5278.4,1002896.0,32.6,21812,854.9,6305046.0,0.0,0,131.96,45% converted — GI 100% / FF 0%
50,0,0,100,0,0,13186,78.05999755859375,21.94,1757.4,0.17350000143051147,-0.1,0.0,0.0,0.21389999985694885,0.0,0.0,6.3,4196,-160.6,-1185113.0,0.0,0,14.66,50% converted — GI 0% / FF 0%
50,0,10,90,0,1318,11868,77.66999816894531,22.33,1729.6,0.18940000236034393,-0.0,0.0,836.0,0.22599999606609344,1025.9,194921.0,9.0,6014,-37.0,-273011.0,3.371,1685,16.13,50% converted — GI 0% / FF 10%
50,0,20,80,0,2637,10549,77.29000091552734,22.71,1702.8,0.20579999685287476,0.0,0.0,5999.0,0.23810000717639923,2052.6,389994.0,11.8,7925,84.5,623168.0,6.744,3372,17.6,50% converted — GI 0% / FF 20%
50,0,30,70,0,3955,9231,76.91000366210938,23.09,1676.2,0.22269999980926514,0.1,0.0,15196.0,0.2502000033855438,3078.6,584934.0,14.2,9534,211.1,1557319.0,10.115,5057,19.06,50% converted — GI 0% / FF 30%
50,0,40,60,0,5274,7912,76.52999877929688,23.47,1649.9,0.24060000479221344,0.2,0.0,30738.0,0.2623000144958496,4105.3,780007.0,17.0,11376,324.6,2394386.0,13.489,6744,20.53,50% converted — GI 0% / FF 40%
50,0,50,50,0,6593,6593,76.1500015258789,23.85,1623.7,0.2590999901294708,0.2,0.0,46503.0,0.274399995803833,5132.0,975080.0,20.0,13370,446.4,3292782.0,16.862,8431,21.99,50% converted — GI 0% / FF 50%
50,0,60,40,0,7911,5275,75.77999877929688,24.22,1598.4,0.2782999873161316,0.3,0.0,67568.0,0.2865000069141388,6157.9,1170001.0,23.0,15367,566.9,4181689.0,20.233,10116,23.46,50% converted — GI 0% / FF 60%
50,0,70,30,0,9230,3956,75.38999938964844,24.61,1572.0,0.2980000078678131,0.4,633381.0,89311.0,0.2985999882221222,7184.6,1365074.0,26.5,17753,685.5,5056294.0,23.607,11803,24.93,50% converted — GI 0% / FF 70%
50,0,80,20,0,10548,2638,75.01000213623047,24.99,1546.5,0.31779998540878296,0.5,1483446.0,112688.0,0.310699999332428,8210.6,1560014.0,29.7,19915,801.6,5912470.0,26.978,13489,26.39,50% converted — GI 0% / FF 80%
50,0,90,10,0,11867,1319,74.62999725341797,25.37,1521.2,0.337799996137619,0.5,2326843.0,137066.0,0.32280001044273376,9237.3,1755087.0,32.3,21617,918.2,6771894.0,30.351,15175,27.86,50% converted — GI 0% / FF 90%
50,0,100,0,0,13186,0,74.26000213623047,25.74,1496.8,0.3582000136375427,0.6,3140238.0,160977.0,0.33489999175071716,10264.0,1950160.0,35.0,23430,1039.9,7669216.0,33.725,16862,29.33,50% converted — GI 0% / FF 100%
50,10,0,90,1318,0,11868,76.31999969482422,23.68,1635.4,0.1898999959230423,-0.0,0.0,923.0,0.22509999573230743,586.2,111378.0,9.0,6014,-46.5,-343024.0,0.0,0,27.85,50% converted — GI 10% / FF 0%
50,10,10,80,1318,1318,10550,75.94000244140625,24.06,1609.3,0.20630000531673431,0.0,0.0,6143.0,0.23720000684261322,1612.2,306318.0,11.8,7925,75.0,553460.0,3.371,1685,29.32,50% converted — GI 10% / FF 10%
50,10,20,70,1318,2637,9231,75.55999755859375,24.44,1583.5,0.2232999950647354,0.1,250019.0,15451.0,0.2493000030517578,2638.9,501391.0,14.2,9534,201.7,1487928.0,6.744,3372,30.79,50% converted — GI 10% / FF 20%
50,10,30,60,1318,3955,7913,75.18000030517578,24.82,1557.9,0.2410999983549118,0.2,1103417.0,31049.0,0.2614000141620636,3664.8,696312.0,17.0,11376,315.2,2325275.0,10.115,5057,32.25,50% converted — GI 10% / FF 30%
50,10,40,50,1318,5274,6594,74.80000305175781,25.2,1532.5,0.2597000002861023,0.2,1950148.0,47010.0,0.273499995470047,4691.5,891385.0,20.0,13370,437.0,3223796.0,13.489,6744,33.72,50% converted — GI 10% / FF 40%
50,10,50,40,1318,6593,5275,74.43000030517578,25.57,1508.0,0.27889999747276306,0.3,2766876.0,68089.0,0.2856000065803528,5718.2,1086458.0,23.0,15367,557.6,4113182.0,16.862,8431,35.18,50% converted — GI 10% / FF 50%
50,10,60,30,1318,7911,3957,74.04000091552734,25.96,1482.3,0.2985999882221222,0.4,3623608.0,89856.0,0.29760000109672546,6744.2,1281398.0,26.5,17753,676.3,4988085.0,20.233,10116,36.65,50% converted — GI 10% / FF 60%
50,10,70,20,1318,9230,2638,73.66000366210938,26.34,1457.6,0.31850001215934753,0.5,4447003.0,113257.0,0.30970001220703125,7770.9,1476471.0,29.7,19915,792.4,5844557.0,23.607,11803,38.12,50% converted — GI 10% / FF 70%
50,10,80,10,1318,10548,1320,73.27999877929688,26.72,1433.0,0.3384000062942505,0.5,5267066.0,137657.0,0.32179999351501465,8796.8,1671392.0,32.3,21617,909.0,6704270.0,26.978,13489,39.58,50% converted — GI 10% / FF 80%
50,10,90,0,1318,11867,1,72.91000366210938,27.09,1409.3,0.3589000105857849,0.6,6057125.0,161608.0,0.33390000462532043,9823.5,1866465.0,35.0,23430,1030.8,7601895.0,30.351,15175,41.05,50% converted — GI 10% / FF 90%
50,20,0,80,2637,0,10549,74.58999633789062,25.41,1518.6,0.20679999887943268,0.0,2413516.0,6332.0,0.2363000065088272,1172.9,222851.0,11.8,7925,65.7,484646.0,0.0,0,41.05,50% converted — GI 20% / FF 0%
50,20,10,70,2637,1318,9231,74.22000122070312,25.78,1494.1,0.22380000352859497,0.1,3230245.0,15772.0,0.2483000010251999,2198.9,417791.0,14.2,9534,192.4,1419425.0,3.371,1685,42.52,50% converted — GI 20% / FF 10%
50,20,20,60,2637,2637,7912,73.83000183105469,26.17,1468.6,0.24169999361038208,0.2,4080309.0,31443.0,0.2603999972343445,3225.6,612864.0,17.0,11376,306.0,2257050.0,6.744,3372,43.99,50% converted — GI 20% / FF 20%
50,20,30,50,2637,3955,6594,73.45999908447266,26.54,1444.6,0.26019999384880066,0.2,4880370.0,47645.0,0.27250000834465027,4251.5,807785.0,20.0,13370,427.8,3155876.0,10.115,5057,45.45,50% converted — GI 20% / FF 30%
50,20,40,40,2637,5274,5275,73.08000183105469,26.92,1420.1,0.27950000762939453,0.3,5697098.0,68736.0,0.28459998965263367,5278.2,1002858.0,23.0,15367,548.5,4045556.0,13.489,6744,46.92,50% converted — GI 20% / FF 40%
50,20,50,30,2637,6593,3956,72.69000244140625,27.31,1395.3,0.29919999837875366,0.4,6523827.0,90538.0,0.29670000076293945,6304.9,1197931.0,26.5,17753,667.1,4920754.0,16.862,8431,48.39,50% converted — GI 20% / FF 50%
50,20,60,20,2637,7911,2638,72.30999755859375,27.69,1371.2,0.3190999925136566,0.5,7327222.0,113965.0,0.30880001187324524,7330.9,1392871.0,29.7,19915,783.3,5777523.0,20.233,10116,49.85,50% converted — GI 20% / FF 60%
50,20,70,10,2637,9230,1319,71.94000244140625,28.06,1348.0,0.3391000032424927,0.5,8100613.0,138393.0,0.32089999318122864,8357.6,1587944.0,32.3,21617,900.0,6637522.0,23.607,11803,51.32,50% converted — GI 20% / FF 70%
50,20,80,0,2637,10548,1,71.55999755859375,28.44,1324.4,0.3596000075340271,0.6,8887340.0,162396.0,0.3330000042915344,9383.5,1782865.0,35.0,23430,1021.8,7535445.0,26.978,13489,52.78,50% converted — GI 20% / FF 80%
50,30,0,70,3955,0,9231,72.8499984741211,27.15,1405.4,0.22429999709129333,0.1,6187135.0,16076.0,0.24740000069141388,1759.2,334248.0,14.2,9534,182.7,1347674.0,0.0,0,54.24,50% converted — GI 30% / FF 0%
50,30,10,60,3955,1318,7913,72.47000122070312,27.53,1381.3,0.24220000207424164,0.2,6990529.0,31816.0,0.25949999690055847,2785.1,529169.0,17.0,11376,296.3,2185589.0,3.371,1685,55.71,50% converted — GI 30% / FF 10%
50,30,20,50,3955,2637,6594,72.08999633789062,27.91,1357.4,0.26080000400543213,0.2,7787256.0,48239.0,0.27160000801086426,3811.8,724242.0,20.0,13370,418.2,3084732.0,6.744,3372,57.18,50% converted — GI 30% / FF 20%
50,30,30,40,3955,3955,5276,71.72000122070312,28.28,1334.3,0.2800999879837036,0.3,8557315.0,69333.0,0.28369998931884766,4837.8,919182.0,23.0,15367,538.8,3974692.0,10.115,5057,58.64,50% converted — GI 30% / FF 30%
50,30,40,30,3955,5274,3957,71.33000183105469,28.67,1310.1,0.29980000853538513,0.4,9364042.0,91165.0,0.29580000042915344,5864.5,1114255.0,26.5,17753,657.6,4850228.0,13.489,6744,60.11,50% converted — GI 30% / FF 40%
50,30,50,20,3955,6593,2638,70.94999694824219,29.05,1286.8,0.3197000026702881,0.5,10140768.0,114620.0,0.30790001153945923,6891.2,1309328.0,29.7,19915,773.8,5707302.0,16.862,8431,61.58,50% converted — GI 30% / FF 50%
50,30,60,10,3955,7911,1320,70.56999969482422,29.43,1263.7,0.33970001339912415,0.5,10910826.0,139073.0,0.3199999928474426,7917.1,1504249.0,32.3,21617,890.5,6567598.0,20.233,10116,63.04,50% converted — GI 30% / FF 60%
50,30,70,0,3955,9230,1,70.19999694824219,29.8,1241.4,0.3601999878883362,0.6,11654216.0,163124.0,0.3321000039577484,8943.8,1699322.0,35.0,23430,1012.4,7465834.0,23.607,11803,64.51,50% converted — GI 30% / FF 70%
50,40,0,60,5274,0,7912,71.12000274658203,28.88,1297.2,0.24279999732971191,0.2,9794075.0,32292.0,0.25859999656677246,2345.9,445721.0,17.0,11376,287.5,2121258.0,0.0,0,67.45,50% converted — GI 40% / FF 0%
50,40,10,50,5274,1318,6594,70.73999786376953,29.26,1274.0,0.2614000141620636,0.2,10567467.0,48999.0,0.27070000767707825,3371.8,640642.0,20.0,13370,409.5,3020685.0,3.371,1685,68.91,50% converted — GI 40% / FF 10%
50,40,20,40,5274,2637,5275,70.37000274658203,29.63,1251.6,0.2808000147342682,0.3,11314190.0,70095.0,0.28279998898506165,4398.5,835715.0,23.0,15367,530.2,3910951.0,6.744,3372,70.38,50% converted — GI 40% / FF 20%
50,40,30,30,5274,3955,3957,69.9800033569336,30.02,1228.2,0.3005000054836273,0.4,12094249.0,91970.0,0.29490000009536743,5424.4,1030636.0,26.5,17753,649.0,4786734.0,10.115,5057,71.84,50% converted — GI 40% / FF 30%
50,40,40,20,5274,5274,2638,69.5999984741211,30.4,1205.6,0.3203999996185303,0.5,12847640.0,115460.0,0.3070000112056732,6451.2,1225728.0,29.7,19915,765.2,5644079.0,13.489,6744,73.31,50% converted — GI 40% / FF 40%
50,40,50,10,5274,6593,1319,69.22000122070312,30.78,1183.2,0.34040001034736633,0.5,13594363.0,139948.0,0.3190999925136566,7477.9,1420801.0,32.3,21617,882.0,6504644.0,16.862,8431,74.78,50% converted — GI 40% / FF 50%
50,40,60,0,5274,7911,1,68.8499984741211,31.15,1161.5,0.36090001463890076,0.6,14317751.0,164067.0,0.3310999870300293,8503.8,1615722.0,35.0,23430,1003.8,7403160.0,20.233,10116,76.24,50% converted — GI 40% / FF 60%
50,50,0,50,6593,0,6593,69.38999938964844,30.61,1193.2,0.2619999945163727,0.2,13261004.0,49583.0,0.26980000734329224,2932.6,557194.0,20.0,13370,400.2,2951812.0,0.0,0,80.65,50% converted — GI 50% / FF 0%
50,50,10,40,6593,1318,5275,69.01000213623047,30.99,1170.9,0.28139999508857727,0.3,14004394.0,70680.0,0.2818000018596649,3958.5,752115.0,23.0,15367,520.9,3842201.0,3.371,1685,82.11,50% converted — GI 50% / FF 10%
50,50,20,30,6593,2637,3956,68.62000274658203,31.38,1148.2,0.3010999858379364,0.4,14761118.0,92591.0,0.2939000129699707,4985.2,947188.0,26.5,17753,639.7,4718285.0,6.744,3372,83.58,50% converted — GI 50% / FF 20%
50,50,30,20,6593,3955,2638,68.23999786376953,31.76,1126.3,0.32100000977516174,0.5,15491173.0,116105.0,0.3059999942779541,6011.1,1142109.0,29.7,19915,756.0,5575928.0,10.115,5057,85.04,50% converted — GI 50% / FF 30%
50,50,40,10,6593,5274,1319,67.87000274658203,32.13,1105.1,0.3411000072956085,0.5,16197893.0,140619.0,0.3181000053882599,7037.8,1337182.0,32.3,21617,872.8,6436788.0,13.489,6744,86.51,50% converted — GI 50% / FF 40%
50,50,50,0,6593,6593,0,67.48999786376953,32.51,1083.6,0.36160001158714294,0.6,16914614.0,164792.0,0.3301999866962433,8064.6,1532274.0,35.0,23430,994.7,7335611.0,16.862,8431,87.98,50% converted — GI 50% / FF 50%
50,60,0,40,7911,0,5275,67.6500015258789,32.35,1092.6,0.28200000524520874,0.3,16614592.0,71260.0,0.2809000015258789,3518.8,668572.0,23.0,15367,511.6,3773850.0,0.0,0,93.84,50% converted — GI 60% / FF 0%
50,60,10,30,7911,1318,3957,67.26000213623047,32.74,1070.7,0.30169999599456787,0.4,17344647.0,93201.0,0.2930000126361847,4544.7,863493.0,26.5,17753,630.5,4650230.0,3.371,1685,95.3,50% converted — GI 60% / FF 10%
50,60,20,20,7911,2637,2638,66.88999938964844,33.11,1050.0,0.32170000672340393,0.5,18034699.0,116740.0,0.3050999939441681,5571.5,1058585.0,29.7,19915,746.8,5508164.0,6.744,3372,96.77,50% converted — GI 60% / FF 20%
50,60,30,10,7911,3955,1320,66.51000213623047,33.49,1029.0,0.3416999876499176,0.5,18734752.0,141280.0,0.3172000050544739,6597.4,1253506.0,32.3,21617,863.6,6369310.0,10.115,5057,98.23,50% converted — GI 60% / FF 30%
50,60,40,0,7911,5274,1,66.12999725341797,33.87,1008.2,0.36230000853538513,0.6,19428138.0,165504.0,0.3292999863624573,7624.1,1448579.0,35.0,23430,985.6,7268434.0,13.489,6744,99.7,50% converted — GI 60% / FF 40%
50,70,0,30,9230,0,3956,65.91999816894531,34.08,996.7,0.30239999294281006,0.4,19811500.0,93823.0,0.2921000123023987,4105.5,780045.0,26.5,17753,621.3,4582958.0,0.0,0,107.04,50% converted — GI 70% / FF 0%
50,70,10,20,9230,1318,2638,65.54000091552734,34.46,976.2,0.322299987077713,0.5,20494885.0,117381.0,0.3041999936103821,5131.4,974966.0,29.7,19915,737.7,5441182.0,3.371,1685,108.5,50% converted — GI 70% / FF 10%
50,70,20,10,9230,2637,1319,65.16999816894531,34.83,956.4,0.3424000144004822,0.5,21154935.0,141949.0,0.31630000472068787,6158.1,1170039.0,32.3,21617,854.6,6302616.0,6.744,3372,109.97,50% converted — GI 70% / FF 20%
50,70,30,0,9230,3955,1,64.79000091552734,35.21,936.2,0.3630000054836273,0.6,21828320.0,166225.0,0.32839998602867126,7184.1,1364979.0,35.0,23430,976.6,7202038.0,10.115,5057,111.43,50% converted — GI 70% / FF 30%
50,80,0,20,10548,0,2638,64.19000244140625,35.81,904.8,0.3230000138282776,0.5,22875066.0,118039.0,0.30320000648498535,4691.8,891442.0,29.7,19915,728.8,5375306.0,0.0,0,120.23,50% converted — GI 80% / FF 0%
50,80,10,10,10548,1318,1320,63.810001373291016,36.19,885.1,0.34299999475479126,0.5,23531782.0,142638.0,0.31529998779296875,5717.7,1086363.0,32.3,21617,845.7,6237025.0,3.371,1685,121.69,50% converted — GI 80% / FF 10%
50,80,20,0,10548,2637,1,63.43000030517578,36.57,865.6,0.3635999858379364,0.6,24181831.0,166971.0,0.32739999890327454,6744.4,1281436.0,35.0,23430,967.7,7136746.0,6.744,3372,123.16,50% converted — GI 80% / FF 20%
50,90,0,10,11867,0,1319,62.45000076293945,37.55,816.3,0.34369999170303345,0.6,25825289.0,143325.0,0.31439998745918274,5278.4,1002896.0,32.3,21617,836.7,6170872.0,0.0,0,133.43,50% converted — GI 90% / FF 0%
50,90,10,0,11867,1318,1,62.08000183105469,37.92,798.0,0.364300012588501,0.6,26435335.0,167716.0,0.3264999985694885,6304.4,1197836.0,35.0,23430,958.8,7070890.0,3.371,1685,134.89,50% converted — GI 90% / FF 10%
50,100,0,0,13186,0,0,60.709999084472656,39.29,731.8,0.36500000953674316,0.6,28642169.0,168416.0,0.3255999982357025,5865.1,1114369.0,35.0,23430,949.4,7001811.0,0.0,0,146.63,50% converted — GI 100% / FF 0%
